Year,UNIT_MEASURE,Sex,Value
1996,Number,Both sexes,271.0
1997,Number,Both sexes,240.0
1998,Number,Both sexes,202.0
1999,Number,Both sexes,224.0
2000,Number,Both sexes,159.0
2001,Number,Both sexes,193.0
2002,Number,Both sexes,138.0
2003,Number,Both sexes,150.0
2004,Number,Both sexes,168.0
2005,Number,Both sexes,147.0
2006,Number,Both sexes,160.0
2007,Number,Both sexes,174.0
2008,Number,Both sexes,171.0
2009,Number,Both sexes,136.0
2010,Number,Both sexes,143.0
2011,Number,Both sexes,118.0
2012,Number,Both sexes,120.0
2013,Number,Both sexes,102.0
2014,Number,Both sexes,77.0
2015,Number,Both sexes,114.0
2016,Number,Both sexes,110.0
2017,Number,Both sexes,103.0
2018,Number,Both sexes,88.0
2019,Number,Both sexes,82.0
2020,Number,Both sexes,68.0
2021,Number,Both sexes,85.0
2001,Number,M,98.0
2002,Number,M,77.0
2003,Number,M,91.0
2004,Number,M,94.0
2005,Number,M,85.0
2006,Number,M,83.0
2007,Number,M,98.0
2008,Number,M,102.0
2009,Number,M,80.0
2010,Number,M,83.0
2011,Number,M,57.0
2012,Number,M,64.0
2013,Number,M,45.0
2014,Number,M,45.0
2015,Number,M,56.0
2016,Number,M,54.0
2017,Number,M,51.0
2018,Number,M,49.0
2019,Number,M,40.0
2020,Number,M,39.0
2021,Number,M,38.0
2001,Number,F,95.0
2002,Number,F,61.0
2003,Number,F,59.0
2004,Number,F,74.0
2005,Number,F,62.0
2006,Number,F,54.0
2007,Number,F,76.0
2008,Number,F,69.0
2009,Number,F,56.0
2010,Number,F,60.0
2011,Number,F,61.0
2012,Number,F,56.0
2013,Number,F,57.0
2014,Number,F,32.0
2015,Number,F,58.0
2016,Number,F,56.0
2017,Number,F,52.0
2018,Number,F,39.0
2019,Number,F,42.0
2020,Number,F,29.0
2021,Number,F,47.0
