Year,UNIT_MEASURE,Value
1997,Number,1835
1998,Number,1964
1999,Number,1995
2000,Number,1929
2001,Number,2126
2002,Number,2311
2003,Number,1918
2004,Number,1523
2005,Number,1763
2006,Number,1659
2007,Number,1826
2008,Number,1369
2009,Number,1402
2010,Number,1676
2011,Number,2309
2012,Number,2294
2013,Number,2609
2014,Number,2686
2015,Number,2963
2016,Number,2773
2017,Number,3022
2018,Number,3091
2019,Number,2790
2020,Number,2669
2021,Number,2871
2022,Number,2865
2023,Number,3048
2024,Number,2913
