Year,UNIT_MEASURE,Value
1996,Number,21107
1997,Number,23220
1998,Number,22398
1999,Number,22472
2000,Number,21897
2001,Number,20302
2002,Number,20766
2003,Number,20733
2004,Number,22252
2005,Number,21698
2006,Number,21501
2007,Number,23494
2008,Number,22151
2009,Number,20633
2010,Number,19541
2011,Number,19156
2012,Number,18235
2013,Number,17623
2014,Number,18643
2015,Number,19686
2016,Number,19265
2017,Number,19969
2018,Number,19911
2019,Number,18952
2020,Number,14925
2021,Number,17835
2022,Number,17427
2023,Number,17024
2024,Number,16213
