Year,UNIT_MEASURE,Type of institution,Sex,Value
2015,Number,Both sexes,Both sexes,7871
2015,Number,Both sexes,M,3645
2015,Number,Both sexes,F,4226
2015,Number,Homes for children and youth without parental care,Both sexes,997
2015,Number,Homes for children and youth without parental care,M,527
2015,Number,Homes for children and youth without parental care,F,470
2015,Number,"Social protection institutions for children, youth and adults with mental and physical disabilities",Both sexes,1742
2015,Number,"Social protection institutions for children, youth and adults with mental and physical disabilities",M,1041
2015,Number,"Social protection institutions for children, youth and adults with mental and physical disabilities",F,701
2015,Number,Social welfare institutions for adults with disabilities,Both sexes,282
2015,Number,Social welfare institutions for adults with disabilities,M,201
2015,Number,Social welfare institutions for adults with disabilities,F,81
2015,Number,Social welfare institutions for adults,Both sexes,4850
2015,Number,Social welfare institutions for adults,M,1876
2015,Number,Social welfare institutions for adults,F,2974
2016,Number,Both sexes,Both sexes,9249
2016,Number,Both sexes,M,4455
2016,Number,Both sexes,F,4794
2016,Number,Homes for children and youth without parental care,Both sexes,970
2016,Number,Homes for children and youth without parental care,M,487
2016,Number,Homes for children and youth without parental care,F,483
2016,Number,"Social protection institutions for children, youth and adults with mental and physical disabilities",Both sexes,2742
2016,Number,"Social protection institutions for children, youth and adults with mental and physical disabilities",M,1668
2016,Number,"Social protection institutions for children, youth and adults with mental and physical disabilities",F,1074
2016,Number,Social welfare institutions for adults with disabilities,Both sexes,213
2016,Number,Social welfare institutions for adults with disabilities,M,141
2016,Number,Social welfare institutions for adults with disabilities,F,72
2016,Number,Social welfare institutions for adults,Both sexes,5324
2016,Number,Social welfare institutions for adults,M,2159
2016,Number,Social welfare institutions for adults,F,3165
2017,Number,Both sexes,Both sexes,9800
2017,Number,Both sexes,M,4489
2017,Number,Both sexes,F,5311
2017,Number,Homes for children and youth without parental care,Both sexes,1070
2017,Number,Homes for children and youth without parental care,M,538
2017,Number,Homes for children and youth without parental care,F,532
2017,Number,"Social protection institutions for children, youth and adults with mental and physical disabilities",Both sexes,2748
2017,Number,"Social protection institutions for children, youth and adults with mental and physical disabilities",M,1643
2017,Number,"Social protection institutions for children, youth and adults with mental and physical disabilities",F,1105
2017,Number,Social welfare institutions for adults with disabilities,Both sexes,204
2017,Number,Social welfare institutions for adults with disabilities,M,121
2017,Number,Social welfare institutions for adults with disabilities,F,83
2017,Number,Social welfare institutions for adults,Both sexes,5778
2017,Number,Social welfare institutions for adults,M,2187
2017,Number,Social welfare institutions for adults,F,3591
2018,Number,Both sexes,Both sexes,10232
2018,Number,Both sexes,M,4710
2018,Number,Both sexes,F,5522
2018,Number,Homes for children and youth without parental care,Both sexes,965
2018,Number,Homes for children and youth without parental care,M,476
2018,Number,Homes for children and youth without parental care,F,489
2018,Number,"Social protection institutions for children, youth and adults with mental and physical disabilities",Both sexes,2776
2018,Number,"Social protection institutions for children, youth and adults with mental and physical disabilities",M,1682
2018,Number,"Social protection institutions for children, youth and adults with mental and physical disabilities",F,1094
2018,Number,Social welfare institutions for adults with disabilities,Both sexes,207
2018,Number,Social welfare institutions for adults with disabilities,M,116
2018,Number,Social welfare institutions for adults with disabilities,F,91
2018,Number,Social welfare institutions for adults,Both sexes,6284
2018,Number,Social welfare institutions for adults,M,2436
2018,Number,Social welfare institutions for adults,F,3848
2019,Number,Both sexes,Both sexes,11443
2019,Number,Both sexes,M,4968
2019,Number,Both sexes,F,6475
2019,Number,Homes for children and youth without parental care,Both sexes,1121
2019,Number,Homes for children and youth without parental care,M,607
2019,Number,Homes for children and youth without parental care,F,514
2019,Number,"Social protection institutions for children, youth and adults with mental and physical disabilities",Both sexes,2586
2019,Number,"Social protection institutions for children, youth and adults with mental and physical disabilities",M,1538
2019,Number,"Social protection institutions for children, youth and adults with mental and physical disabilities",F,1048
2019,Number,Social welfare institutions for adults with disabilities,Both sexes,283
2019,Number,Social welfare institutions for adults with disabilities,M,168
2019,Number,Social welfare institutions for adults with disabilities,F,115
2019,Number,Social welfare institutions for adults,Both sexes,7453
2019,Number,Social welfare institutions for adults,M,2655
2019,Number,Social welfare institutions for adults,F,4798
2020,Number,Both sexes,Both sexes,10902
2020,Number,Both sexes,M,4687
2020,Number,Both sexes,F,6215
2020,Number,Homes for children and youth without parental care,Both sexes,1103
2020,Number,Homes for children and youth without parental care,M,590
2020,Number,Homes for children and youth without parental care,F,513
2020,Number,"Social protection institutions for children, youth and adults with mental and physical disabilities",Both sexes,2434
2020,Number,"Social protection institutions for children, youth and adults with mental and physical disabilities",M,1448
2020,Number,"Social protection institutions for children, youth and adults with mental and physical disabilities",F,986
2020,Number,Social welfare institutions for adults with disabilities,Both sexes,282
2020,Number,Social welfare institutions for adults with disabilities,M,182
2020,Number,Social welfare institutions for adults with disabilities,F,100
2020,Number,Social welfare institutions for adults,Both sexes,7083
2020,Number,Social welfare institutions for adults,M,2467
2020,Number,Social welfare institutions for adults,F,4616
2021,Number,Both sexes,Both sexes,11502
2021,Number,Both sexes,M,4869
2021,Number,Both sexes,F,6633
2021,Number,Homes for children and youth without parental care,Both sexes,1112
2021,Number,Homes for children and youth without parental care,M,576
2021,Number,Homes for children and youth without parental care,F,536
2021,Number,"Social protection institutions for children, youth and adults with mental and physical disabilities",Both sexes,2540
2021,Number,"Social protection institutions for children, youth and adults with mental and physical disabilities",M,1526
2021,Number,"Social protection institutions for children, youth and adults with mental and physical disabilities",F,1014
2021,Number,Social welfare institutions for adults with disabilities,Both sexes,249
2021,Number,Social welfare institutions for adults with disabilities,M,154
2021,Number,Social welfare institutions for adults with disabilities,F,95
2021,Number,Social welfare institutions for adults,Both sexes,7601
2021,Number,Social welfare institutions for adults,M,2613
2021,Number,Social welfare institutions for adults,F,4988
2022,Number,Both sexes,Both sexes,12362
2022,Number,Both sexes,M,5218
2022,Number,Both sexes,F,7144
2022,Number,Homes for children and youth without parental care,Both sexes,1013
2022,Number,Homes for children and youth without parental care,M,521
2022,Number,Homes for children and youth without parental care,F,492
2022,Number,"Social protection institutions for children, youth and adults with mental and physical disabilities",Both sexes,2541
2022,Number,"Social protection institutions for children, youth and adults with mental and physical disabilities",M,1568
2022,Number,"Social protection institutions for children, youth and adults with mental and physical disabilities",F,973
2022,Number,Social welfare institutions for adults with disabilities,Both sexes,321
2022,Number,Social welfare institutions for adults with disabilities,M,218
2022,Number,Social welfare institutions for adults with disabilities,F,103
2022,Number,Social welfare institutions for adults,Both sexes,8487
2022,Number,Social welfare institutions for adults,M,2911
2022,Number,Social welfare institutions for adults,F,5576
2023,Number,Both sexes,Both sexes,11897
2023,Number,Both sexes,M,5955
2023,Number,Both sexes,F,5942
2023,Number,Homes for children and youth without parental care,Both sexes,953
2023,Number,Homes for children and youth without parental care,M,469
2023,Number,Homes for children and youth without parental care,F,484
2023,Number,"Social protection institutions for children, youth and adults with mental and physical disabilities",Both sexes,2512
2023,Number,"Social protection institutions for children, youth and adults with mental and physical disabilities",M,1519
2023,Number,"Social protection institutions for children, youth and adults with mental and physical disabilities",F,993
2023,Number,Social welfare institutions for adults with disabilities,Both sexes,285
2023,Number,Social welfare institutions for adults with disabilities,M,172
2023,Number,Social welfare institutions for adults with disabilities,F,113
2023,Number,Social welfare institutions for adults,Both sexes,8147
2023,Number,Social welfare institutions for adults,M,3795
2023,Number,Social welfare institutions for adults,F,4352
2024,Number,Both sexes,Both sexes,12717
2024,Number,Both sexes,M,5170
2024,Number,Both sexes,F,7547
2024,Number,Homes for children and youth without parental care,Both sexes,881
2024,Number,Homes for children and youth without parental care,M,443
2024,Number,Homes for children and youth without parental care,F,438
2024,Number,"Social protection institutions for children, youth and adults with mental and physical disabilities",Both sexes,2592
2024,Number,"Social protection institutions for children, youth and adults with mental and physical disabilities",M,1564
2024,Number,"Social protection institutions for children, youth and adults with mental and physical disabilities",F,1028
2024,Number,Social welfare institutions for adults with disabilities,Both sexes,270
2024,Number,Social welfare institutions for adults with disabilities,M,207
2024,Number,Social welfare institutions for adults with disabilities,F,63
2024,Number,Social welfare institutions for adults,Both sexes,8974
2024,Number,Social welfare institutions for adults,M,2956
2024,Number,Social welfare institutions for adults,F,6018
