Year,UNIT_MEASURE,Type of school,Sex,Value
2011,Number,Both sexes,Both sexes,35349
2012,Number,Both sexes,Both sexes,34791
2013,Number,Both sexes,Both sexes,40630
2014,Number,Both sexes,Both sexes,43991
2015,Number,Both sexes,Both sexes,43318
2016,Number,Both sexes,Both sexes,35897
2017,Number,Both sexes,Both sexes,31761
2018,Number,Both sexes,Both sexes,32963
2019,Number,Both sexes,Both sexes,32540
2020,Number,Both sexes,Both sexes,31140
2021,Number,Both sexes,Both sexes,29368
2022,Number,Both sexes,Both sexes,26768
2023,Number,Both sexes,Both sexes,28947
2011,Number,Gymnasium,Both sexes,8863
2012,Number,Gymnasium,Both sexes,8101
2013,Number,Gymnasium,Both sexes,9732
2014,Number,Gymnasium,Both sexes,10855
2015,Number,Gymnasium,Both sexes,11920
2016,Number,Gymnasium,Both sexes,9210
2017,Number,Gymnasium,Both sexes,7893
2018,Number,Gymnasium,Both sexes,7799
2019,Number,Gymnasium,Both sexes,7462
2020,Number,Gymnasium,Both sexes,7010
2021,Number,Gymnasium,Both sexes,6436
2022,Number,Gymnasium,Both sexes,5337
2023,Number,Gymnasium,Both sexes,5810
2011,Number,Technical schools,Both sexes,17510
2012,Number,Technical schools,Both sexes,16553
2013,Number,Technical schools,Both sexes,19679
2014,Number,Technical schools,Both sexes,21299
2015,Number,Technical schools,Both sexes,21426
2016,Number,Technical schools,Both sexes,18617
2017,Number,Technical schools,Both sexes,15815
2018,Number,Technical schools,Both sexes,16988
2019,Number,Technical schools,Both sexes,17092
2020,Number,Technical schools,Both sexes,16116
2021,Number,Technical schools,Both sexes,15323
2022,Number,Technical schools,Both sexes,13791
2023,Number,Technical schools,Both sexes,15781
2011,Number,Art schools,Both sexes,276
2012,Number,Art schools,Both sexes,293
2013,Number,Art schools,Both sexes,316
2014,Number,Art schools,Both sexes,318
2015,Number,Art schools,Both sexes,357
2016,Number,Art schools,Both sexes,288
2017,Number,Art schools,Both sexes,214
2018,Number,Art schools,Both sexes,302
2019,Number,Art schools,Both sexes,281
2020,Number,Art schools,Both sexes,241
2021,Number,Art schools,Both sexes,262
2022,Number,Art schools,Both sexes,262
2023,Number,Art schools,Both sexes,370
2011,Number,Religion schools,Both sexes,447
2012,Number,Religion schools,Both sexes,356
2013,Number,Religion schools,Both sexes,460
2014,Number,Religion schools,Both sexes,517
2015,Number,Religion schools,Both sexes,602
2016,Number,Religion schools,Both sexes,503
2017,Number,Religion schools,Both sexes,476
2018,Number,Religion schools,Both sexes,530
2019,Number,Religion schools,Both sexes,553
2020,Number,Religion schools,Both sexes,518
2021,Number,Religion schools,Both sexes,562
2022,Number,Religion schools,Both sexes,494
2023,Number,Religion schools,Both sexes,533
2011,Number,Vocational schools,Both sexes,8154
2012,Number,Vocational schools,Both sexes,9386
2013,Number,Vocational schools,Both sexes,10331
2014,Number,Vocational schools,Both sexes,10806
2015,Number,Vocational schools,Both sexes,8890
2016,Number,Vocational schools,Both sexes,7161
2017,Number,Vocational schools,Both sexes,7260
2018,Number,Vocational schools,Both sexes,7224
2019,Number,Vocational schools,Both sexes,7018
2020,Number,Vocational schools,Both sexes,7149
2021,Number,Vocational schools,Both sexes,6682
2022,Number,Vocational schools,Both sexes,6803
2023,Number,Vocational schools,Both sexes,6386
2011,Number,High schools for children with special needs,Both sexes,99
2012,Number,High schools for children with special needs,Both sexes,102
2013,Number,High schools for children with special needs,Both sexes,112
2014,Number,High schools for children with special needs,Both sexes,196
2015,Number,High schools for children with special needs,Both sexes,123
2016,Number,High schools for children with special needs,Both sexes,118
2017,Number,High schools for children with special needs,Both sexes,103
2018,Number,High schools for children with special needs,Both sexes,120
2019,Number,High schools for children with special needs,Both sexes,134
2020,Number,High schools for children with special needs,Both sexes,106
2021,Number,High schools for children with special needs,Both sexes,103
2022,Number,High schools for children with special needs,Both sexes,81
2023,Number,High schools for children with special needs,Both sexes,67
2011,Number,Both sexes,M,18022
2012,Number,Both sexes,M,18153
2013,Number,Both sexes,M,20895
2014,Number,Both sexes,M,22589
2015,Number,Both sexes,M,22230
2016,Number,Both sexes,M,18464
2017,Number,Both sexes,M,16307
2018,Number,Both sexes,M,16580
2019,Number,Both sexes,M,16519
2020,Number,Both sexes,M,15982
2021,Number,Both sexes,M,15026
2022,Number,Both sexes,M,13849
2023,Number,Both sexes,M,14797
2011,Number,Gymnasium,M,3246
2012,Number,Gymnasium,M,3021
2013,Number,Gymnasium,M,3642
2014,Number,Gymnasium,M,3946
2015,Number,Gymnasium,M,4428
2016,Number,Gymnasium,M,3412
2017,Number,Gymnasium,M,2895
2018,Number,Gymnasium,M,2869
2019,Number,Gymnasium,M,2819
2020,Number,Gymnasium,M,2538
2021,Number,Gymnasium,M,2316
2022,Number,Gymnasium,M,1891
2023,Number,Gymnasium,M,2106
2011,Number,Technical schools,M,8794
2012,Number,Technical schools,M,8333
2013,Number,Technical schools,M,9735
2014,Number,Technical schools,M,10569
2015,Number,Technical schools,M,10911
2016,Number,Technical schools,M,9580
2017,Number,Technical schools,M,7882
2018,Number,Technical schools,M,8200
2019,Number,Technical schools,M,8309
2020,Number,Technical schools,M,7844
2021,Number,Technical schools,M,7391
2022,Number,Technical schools,M,6511
2023,Number,Technical schools,M,7492
2011,Number,Art schools,M,113
2012,Number,Art schools,M,120
2013,Number,Art schools,M,137
2014,Number,Art schools,M,133
2015,Number,Art schools,M,161
2016,Number,Art schools,M,111
2017,Number,Art schools,M,80
2018,Number,Art schools,M,108
2019,Number,Art schools,M,111
2020,Number,Art schools,M,80
2021,Number,Art schools,M,94
2022,Number,Art schools,M,99
2023,Number,Art schools,M,125
2011,Number,Religion schools,M,228
2012,Number,Religion schools,M,176
2013,Number,Religion schools,M,209
2014,Number,Religion schools,M,260
2015,Number,Religion schools,M,296
2016,Number,Religion schools,M,242
2017,Number,Religion schools,M,241
2018,Number,Religion schools,M,253
2019,Number,Religion schools,M,251
2020,Number,Religion schools,M,259
2021,Number,Religion schools,M,266
2022,Number,Religion schools,M,232
2023,Number,Religion schools,M,236
2011,Number,Vocational schools,M,5576
2012,Number,Vocational schools,M,6443
2013,Number,Vocational schools,M,7094
2014,Number,Vocational schools,M,7549
2015,Number,Vocational schools,M,6355
2016,Number,Vocational schools,M,5047
2017,Number,Vocational schools,M,5142
2018,Number,Vocational schools,M,5068
2019,Number,Vocational schools,M,4947
2020,Number,Vocational schools,M,5195
2021,Number,Vocational schools,M,4886
2022,Number,Vocational schools,M,5067
2023,Number,Vocational schools,M,4788
2011,Number,High schools for children with special needs,M,65
2012,Number,High schools for children with special needs,M,60
2013,Number,High schools for children with special needs,M,78
2014,Number,High schools for children with special needs,M,132
2015,Number,High schools for children with special needs,M,79
2016,Number,High schools for children with special needs,M,72
2017,Number,High schools for children with special needs,M,67
2018,Number,High schools for children with special needs,M,82
2019,Number,High schools for children with special needs,M,82
2020,Number,High schools for children with special needs,M,66
2021,Number,High schools for children with special needs,M,73
2022,Number,High schools for children with special needs,M,49
2023,Number,High schools for children with special needs,M,50
2011,Number,Both sexes,F,17327
2012,Number,Both sexes,F,16638
2013,Number,Both sexes,F,19735
2014,Number,Both sexes,F,21402
2015,Number,Both sexes,F,21088
2016,Number,Both sexes,F,17433
2017,Number,Both sexes,F,15454
2018,Number,Both sexes,F,16383
2019,Number,Both sexes,F,16021
2020,Number,Both sexes,F,15158
2021,Number,Both sexes,F,14342
2022,Number,Both sexes,F,12919
2023,Number,Both sexes,F,14150
2011,Number,Gymnasium,F,5617
2012,Number,Gymnasium,F,5080
2013,Number,Gymnasium,F,6090
2014,Number,Gymnasium,F,6909
2015,Number,Gymnasium,F,7492
2016,Number,Gymnasium,F,5798
2017,Number,Gymnasium,F,4998
2018,Number,Gymnasium,F,4930
2019,Number,Gymnasium,F,4643
2020,Number,Gymnasium,F,4472
2021,Number,Gymnasium,F,4120
2022,Number,Gymnasium,F,3446
2023,Number,Gymnasium,F,3704
2011,Number,Technical schools,F,8716
2012,Number,Technical schools,F,8220
2013,Number,Technical schools,F,9944
2014,Number,Technical schools,F,10730
2015,Number,Technical schools,F,10515
2016,Number,Technical schools,F,9037
2017,Number,Technical schools,F,7933
2018,Number,Technical schools,F,8788
2019,Number,Technical schools,F,8783
2020,Number,Technical schools,F,8272
2021,Number,Technical schools,F,7932
2022,Number,Technical schools,F,7280
2023,Number,Technical schools,F,8289
2011,Number,Art schools,F,163
2012,Number,Art schools,F,173
2013,Number,Art schools,F,179
2014,Number,Art schools,F,185
2015,Number,Art schools,F,196
2016,Number,Art schools,F,177
2017,Number,Art schools,F,134
2018,Number,Art schools,F,194
2019,Number,Art schools,F,170
2020,Number,Art schools,F,161
2021,Number,Art schools,F,168
2022,Number,Art schools,F,163
2023,Number,Art schools,F,245
2011,Number,Religion schools,F,219
2012,Number,Religion schools,F,180
2013,Number,Religion schools,F,251
2014,Number,Religion schools,F,257
2015,Number,Religion schools,F,306
2016,Number,Religion schools,F,261
2017,Number,Religion schools,F,235
2018,Number,Religion schools,F,277
2019,Number,Religion schools,F,302
2020,Number,Religion schools,F,259
2021,Number,Religion schools,F,296
2022,Number,Religion schools,F,262
2023,Number,Religion schools,F,297
2011,Number,Vocational schools,F,2578
2012,Number,Vocational schools,F,2943
2013,Number,Vocational schools,F,3237
2014,Number,Vocational schools,F,3257
2015,Number,Vocational schools,F,2535
2016,Number,Vocational schools,F,2114
2017,Number,Vocational schools,F,2118
2018,Number,Vocational schools,F,2156
2019,Number,Vocational schools,F,2071
2020,Number,Vocational schools,F,1954
2021,Number,Vocational schools,F,1796
2022,Number,Vocational schools,F,1736
2023,Number,Vocational schools,F,1598
2011,Number,High schools for children with special needs,F,34
2012,Number,High schools for children with special needs,F,42
2013,Number,High schools for children with special needs,F,34
2014,Number,High schools for children with special needs,F,64
2015,Number,High schools for children with special needs,F,44
2016,Number,High schools for children with special needs,F,46
2017,Number,High schools for children with special needs,F,36
2018,Number,High schools for children with special needs,F,38
2019,Number,High schools for children with special needs,F,52
2020,Number,High schools for children with special needs,F,40
2021,Number,High schools for children with special needs,F,30
2022,Number,High schools for children with special needs,F,32
2023,Number,High schools for children with special needs,F,17
