Year,UNIT_MEASURE,Sex,Value
2014,Number,Both sexes,11333
2015,Number,Both sexes,12062
2016,Number,Both sexes,11604
2017,Number,Both sexes,11360
2018,Number,Both sexes,12083
2019,Number,Both sexes,12449
2020,Number,Both sexes,13192
2021,Number,Both sexes,12290
2014,Number,M,4494
2015,Number,M,4717
2016,Number,M,4655
2017,Number,M,4471
2018,Number,M,4563
2019,Number,M,4808
2020,Number,M,4945
2021,Number,M,4480
2014,Number,F,6839
2015,Number,F,7345
2016,Number,F,6949
2017,Number,F,6889
2018,Number,F,7520
2019,Number,F,7641
2020,Number,F,8247
2021,Number,F,7810
