Year,UNIT_MEASURE,Type of education,Sex,Value
2014,Number,Total,Both sexes,717
2014,Number,Education,Both sexes,55
2014,Number,Arts and humanities,Both sexes,100
2014,Number,"Social sciences, journalism and information",Both sexes,79
2014,Number,Business administration and the law,Both sexes,203
2014,Number,"Natural sciences, mathematics and statistics",Both sexes,64
2014,Number,Information and communication technologies,Both sexes,30
2014,Number,"Engineering, manufacturing and construction",Both sexes,31
2014,Number,"Agriculture, forestry, fisheries and veterinary medicine",Both sexes,23
2014,Number,Health and social protection,Both sexes,85
2014,Number,Services,Both sexes,39
2014,Number,Unknown,Both sexes,8
2014,Number,Total,M,396
2014,Number,Education,M,23
2014,Number,Arts and humanities,M,52
2014,Number,"Social sciences, journalism and information",M,51
2014,Number,Business administration and the law,M,133
2014,Number,"Natural sciences, mathematics and statistics",M,30
2014,Number,Information and communication technologies,M,24
2014,Number,"Engineering, manufacturing and construction",M,23
2014,Number,"Agriculture, forestry, fisheries and veterinary medicine",M,13
2014,Number,Health and social protection,M,24
2014,Number,Services,M,23
2014,Number,Unknown,M,0
2014,Number,Total,F,321
2014,Number,Education,F,32
2014,Number,Arts and humanities,F,48
2014,Number,"Social sciences, journalism and information",F,28
2014,Number,Business administration and the law,F,70
2014,Number,"Natural sciences, mathematics and statistics",F,34
2014,Number,Information and communication technologies,F,6
2014,Number,"Engineering, manufacturing and construction",F,8
2014,Number,"Agriculture, forestry, fisheries and veterinary medicine",F,10
2014,Number,Health and social protection,F,61
2014,Number,Services,F,16
2014,Number,Unknown,F,8
2015,Number,Total,Both sexes,846
2015,Number,Education,Both sexes,99
2015,Number,Arts and humanities,Both sexes,101
2015,Number,"Social sciences, journalism and information",Both sexes,109
2015,Number,Business administration and the law,Both sexes,167
2015,Number,"Natural sciences, mathematics and statistics",Both sexes,98
2015,Number,Information and communication technologies,Both sexes,52
2015,Number,"Engineering, manufacturing and construction",Both sexes,118
2015,Number,"Agriculture, forestry, fisheries and veterinary medicine",Both sexes,28
2015,Number,Health and social protection,Both sexes,29
2015,Number,Services,Both sexes,45
2015,Number,Unknown,Both sexes,61
2015,Number,Total,M,491
2015,Number,Education,M,51
2015,Number,Arts and humanities,M,50
2015,Number,"Social sciences, journalism and information",M,65
2015,Number,Business administration and the law,M,110
2015,Number,"Natural sciences, mathematics and statistics",M,33
2015,Number,Information and communication technologies,M,36
2015,Number,"Engineering, manufacturing and construction",M,95
2015,Number,"Agriculture, forestry, fisheries and veterinary medicine",M,16
2015,Number,Health and social protection,M,9
2015,Number,Services,M,26
2015,Number,Unknown,M,23
2015,Number,Total,F,355
2015,Number,Education,F,48
2015,Number,Arts and humanities,F,51
2015,Number,"Social sciences, journalism and information",F,44
2015,Number,Business administration and the law,F,57
2015,Number,"Natural sciences, mathematics and statistics",F,65
2015,Number,Information and communication technologies,F,16
2015,Number,"Engineering, manufacturing and construction",F,23
2015,Number,"Agriculture, forestry, fisheries and veterinary medicine",F,12
2015,Number,Health and social protection,F,20
2015,Number,Services,F,19
2015,Number,Unknown,F,0
2016,Number,Total,Both sexes,913
2016,Number,Education,Both sexes,71
2016,Number,Arts and humanities,Both sexes,105
2016,Number,"Social sciences, journalism and information",Both sexes,98
2016,Number,Business administration and the law,Both sexes,224
2016,Number,"Natural sciences, mathematics and statistics",Both sexes,78
2016,Number,Information and communication technologies,Both sexes,18
2016,Number,"Engineering, manufacturing and construction",Both sexes,123
2016,Number,"Agriculture, forestry, fisheries and veterinary medicine",Both sexes,28
2016,Number,Health and social protection,Both sexes,121
2016,Number,Services,Both sexes,47
2016,Number,Unknown,Both sexes,0
2016,Number,Total,M,486
2016,Number,Education,M,38
2016,Number,Arts and humanities,M,35
2016,Number,"Social sciences, journalism and information",M,53
2016,Number,Business administration and the law,M,143
2016,Number,"Natural sciences, mathematics and statistics",M,31
2016,Number,Information and communication technologies,M,9
2016,Number,"Engineering, manufacturing and construction",M,81
2016,Number,"Agriculture, forestry, fisheries and veterinary medicine",M,12
2016,Number,Health and social protection,M,44
2016,Number,Services,M,40
2016,Number,Unknown,M,0
2016,Number,Total,F,427
2016,Number,Education,F,33
2016,Number,Arts and humanities,F,70
2016,Number,"Social sciences, journalism and information",F,45
2016,Number,Business administration and the law,F,81
2016,Number,"Natural sciences, mathematics and statistics",F,47
2016,Number,Information and communication technologies,F,9
2016,Number,"Engineering, manufacturing and construction",F,42
2016,Number,"Agriculture, forestry, fisheries and veterinary medicine",F,16
2016,Number,Health and social protection,F,77
2016,Number,Services,F,7
2016,Number,Unknown,F,0
2017,Number,Total,Both sexes,856
2017,Number,Education,Both sexes,43
2017,Number,Arts and humanities,Both sexes,171
2017,Number,"Social sciences, journalism and information",Both sexes,66
2017,Number,Business administration and the law,Both sexes,191
2017,Number,"Natural sciences, mathematics and statistics",Both sexes,79
2017,Number,Information and communication technologies,Both sexes,44
2017,Number,"Engineering, manufacturing and construction",Both sexes,110
2017,Number,"Agriculture, forestry, fisheries and veterinary medicine",Both sexes,30
2017,Number,Health and social protection,Both sexes,72
2017,Number,Services,Both sexes,50
2017,Number,Unknown,Both sexes,0
2017,Number,Total,M,482
2017,Number,Education,M,34
2017,Number,Arts and humanities,M,81
2017,Number,"Social sciences, journalism and information",M,38
2017,Number,Business administration and the law,M,117
2017,Number,"Natural sciences, mathematics and statistics",M,31
2017,Number,Information and communication technologies,M,33
2017,Number,"Engineering, manufacturing and construction",M,74
2017,Number,"Agriculture, forestry, fisheries and veterinary medicine",M,8
2017,Number,Health and social protection,M,26
2017,Number,Services,M,40
2017,Number,Unknown,M,0
2017,Number,Total,F,374
2017,Number,Education,F,9
2017,Number,Arts and humanities,F,90
2017,Number,"Social sciences, journalism and information",F,28
2017,Number,Business administration and the law,F,74
2017,Number,"Natural sciences, mathematics and statistics",F,48
2017,Number,Information and communication technologies,F,11
2017,Number,"Engineering, manufacturing and construction",F,36
2017,Number,"Agriculture, forestry, fisheries and veterinary medicine",F,22
2017,Number,Health and social protection,F,46
2017,Number,Services,F,10
2017,Number,Unknown,F,0
2018,Number,Total,Both sexes,981
2018,Number,Education,Both sexes,36
2018,Number,Arts and humanities,Both sexes,108
2018,Number,"Social sciences, journalism and information",Both sexes,90
2018,Number,Business administration and the law,Both sexes,190
2018,Number,"Natural sciences, mathematics and statistics",Both sexes,88
2018,Number,Information and communication technologies,Both sexes,51
2018,Number,"Engineering, manufacturing and construction",Both sexes,103
2018,Number,"Agriculture, forestry, fisheries and veterinary medicine",Both sexes,20
2018,Number,Health and social protection,Both sexes,222
2018,Number,Services,Both sexes,73
2018,Number,Unknown,Both sexes,0
2018,Number,Total,M,508
2018,Number,Education,M,24
2018,Number,Arts and humanities,M,36
2018,Number,"Social sciences, journalism and information",M,55
2018,Number,Business administration and the law,M,111
2018,Number,"Natural sciences, mathematics and statistics",M,32
2018,Number,Information and communication technologies,M,42
2018,Number,"Engineering, manufacturing and construction",M,70
2018,Number,"Agriculture, forestry, fisheries and veterinary medicine",M,11
2018,Number,Health and social protection,M,80
2018,Number,Services,M,47
2018,Number,Unknown,M,0
2018,Number,Total,F,473
2018,Number,Education,F,12
2018,Number,Arts and humanities,F,72
2018,Number,"Social sciences, journalism and information",F,35
2018,Number,Business administration and the law,F,79
2018,Number,"Natural sciences, mathematics and statistics",F,56
2018,Number,Information and communication technologies,F,9
2018,Number,"Engineering, manufacturing and construction",F,33
2018,Number,"Agriculture, forestry, fisheries and veterinary medicine",F,9
2018,Number,Health and social protection,F,142
2018,Number,Services,F,26
2018,Number,Unknown,F,0
2019,Number,Total,Both sexes,1022
2019,Number,Education,Both sexes,40
2019,Number,Arts and humanities,Both sexes,119
2019,Number,"Social sciences, journalism and information",Both sexes,173
2019,Number,Business administration and the law,Both sexes,183
2019,Number,"Natural sciences, mathematics and statistics",Both sexes,85
2019,Number,Information and communication technologies,Both sexes,12
2019,Number,"Engineering, manufacturing and construction",Both sexes,88
2019,Number,"Agriculture, forestry, fisheries and veterinary medicine",Both sexes,97
2019,Number,Health and social protection,Both sexes,173
2019,Number,Services,Both sexes,52
2019,Number,Unknown,Both sexes,0
2019,Number,Total,M,492
2019,Number,Education,M,20
2019,Number,Arts and humanities,M,48
2019,Number,"Social sciences, journalism and information",M,91
2019,Number,Business administration and the law,M,97
2019,Number,"Natural sciences, mathematics and statistics",M,36
2019,Number,Information and communication technologies,M,7
2019,Number,"Engineering, manufacturing and construction",M,54
2019,Number,"Agriculture, forestry, fisheries and veterinary medicine",M,17
2019,Number,Health and social protection,M,88
2019,Number,Services,M,34
2019,Number,Unknown,M,0
2019,Number,Total,F,530
2019,Number,Education,F,20
2019,Number,Arts and humanities,F,71
2019,Number,"Social sciences, journalism and information",F,82
2019,Number,Business administration and the law,F,86
2019,Number,"Natural sciences, mathematics and statistics",F,49
2019,Number,Information and communication technologies,F,5
2019,Number,"Engineering, manufacturing and construction",F,25
2019,Number,"Agriculture, forestry, fisheries and veterinary medicine",F,24
2019,Number,Health and social protection,F,150
2019,Number,Services,F,18
2019,Number,Unknown,F,0
2020,Number,Total,Both sexes,1208
2020,Number,Education,Both sexes,54
2020,Number,Arts and humanities,Both sexes,116
2020,Number,"Social sciences, journalism and information",Both sexes,56
2020,Number,Business administration and the law,Both sexes,188
2020,Number,"Natural sciences, mathematics and statistics",Both sexes,116
2020,Number,Information and communication technologies,Both sexes,56
2020,Number,"Engineering, manufacturing and construction",Both sexes,163
2020,Number,"Agriculture, forestry, fisheries and veterinary medicine",Both sexes,43
2020,Number,Health and social protection,Both sexes,371
2020,Number,Services,Both sexes,29
2020,Number,Unknown,Both sexes,16
2020,Number,Total,M,606
2020,Number,Education,M,22
2020,Number,Arts and humanities,M,40
2020,Number,"Social sciences, journalism and information",M,28
2020,Number,Business administration and the law,M,99
2020,Number,"Natural sciences, mathematics and statistics",M,50
2020,Number,Information and communication technologies,M,41
2020,Number,"Engineering, manufacturing and construction",M,130
2020,Number,"Agriculture, forestry, fisheries and veterinary medicine",M,22
2020,Number,Health and social protection,M,151
2020,Number,Services,M,13
2020,Number,Unknown,M,10
2020,Number,Total,F,602
2020,Number,Education,F,32
2020,Number,Arts and humanities,F,76
2020,Number,"Social sciences, journalism and information",F,28
2020,Number,Business administration and the law,F,89
2020,Number,"Natural sciences, mathematics and statistics",F,66
2020,Number,Information and communication technologies,F,15
2020,Number,"Engineering, manufacturing and construction",F,33
2020,Number,"Agriculture, forestry, fisheries and veterinary medicine",F,21
2020,Number,Health and social protection,F,220
2020,Number,Services,F,16
2020,Number,Unknown,F,6
2021,Number,Total,Both sexes,1297
2021,Number,Education,Both sexes,58
2021,Number,Arts and humanities,Both sexes,157
2021,Number,"Social sciences, journalism and information",Both sexes,82
2021,Number,Business administration and the law,Both sexes,244
2021,Number,"Natural sciences, mathematics and statistics",Both sexes,110
2021,Number,Information and communication technologies,Both sexes,41
2021,Number,"Engineering, manufacturing and construction",Both sexes,114
2021,Number,"Agriculture, forestry, fisheries and veterinary medicine",Both sexes,46
2021,Number,Health and social protection,Both sexes,399
2021,Number,Services,Both sexes,46
2021,Number,Unknown,Both sexes,0
2021,Number,Total,M,614
2021,Number,Education,M,30
2021,Number,Arts and humanities,M,61
2021,Number,"Social sciences, journalism and information",M,34
2021,Number,Business administration and the law,M,133
2021,Number,"Natural sciences, mathematics and statistics",M,41
2021,Number,Information and communication technologies,M,27
2021,Number,"Engineering, manufacturing and construction",M,85
2021,Number,"Agriculture, forestry, fisheries and veterinary medicine",M,22
2021,Number,Health and social protection,M,149
2021,Number,Services,M,32
2021,Number,Unknown,M,0
2021,Number,Total,F,683
2021,Number,Education,F,28
2021,Number,Arts and humanities,F,96
2021,Number,"Social sciences, journalism and information",F,48
2021,Number,Business administration and the law,F,111
2021,Number,"Natural sciences, mathematics and statistics",F,69
2021,Number,Information and communication technologies,F,14
2021,Number,"Engineering, manufacturing and construction",F,29
2021,Number,"Agriculture, forestry, fisheries and veterinary medicine",F,24
2021,Number,Health and social protection,F,250
2021,Number,Services,F,14
2021,Number,Unknown,F,0
2022,Number,Total,Both sexes,1263
2022,Number,Education,Both sexes,67
2022,Number,Arts and humanities,Both sexes,72
2022,Number,"Social sciences, journalism and information",Both sexes,138
2022,Number,Business administration and the law,Both sexes,251
2022,Number,"Natural sciences, mathematics and statistics",Both sexes,105
2022,Number,Information and communication technologies,Both sexes,48
2022,Number,"Engineering, manufacturing and construction",Both sexes,157
2022,Number,"Agriculture, forestry, fisheries and veterinary medicine",Both sexes,16
2022,Number,Health and social protection,Both sexes,340
2022,Number,Services,Both sexes,69
2022,Number,Unknown,Both sexes,0
2022,Number,Total,M,589
2022,Number,Education,M,37
2022,Number,Arts and humanities,M,19
2022,Number,"Social sciences, journalism and information",M,66
2022,Number,Business administration and the law,M,118
2022,Number,"Natural sciences, mathematics and statistics",M,39
2022,Number,Information and communication technologies,M,29
2022,Number,"Engineering, manufacturing and construction",M,102
2022,Number,"Agriculture, forestry, fisheries and veterinary medicine",M,10
2022,Number,Health and social protection,M,117
2022,Number,Services,M,52
2022,Number,Unknown,M,0
2022,Number,Total,F,674
2022,Number,Education,F,30
2022,Number,Arts and humanities,F,53
2022,Number,"Social sciences, journalism and information",F,72
2022,Number,Business administration and the law,F,133
2022,Number,"Natural sciences, mathematics and statistics",F,66
2022,Number,Information and communication technologies,F,19
2022,Number,"Engineering, manufacturing and construction",F,55
2022,Number,"Agriculture, forestry, fisheries and veterinary medicine",F,6
2022,Number,Health and social protection,F,223
2022,Number,Services,F,17
2022,Number,Unknown,F,0
2023,Number,Total,Both sexes,1313
2023,Number,Education,Both sexes,145
2023,Number,Arts and humanities,Both sexes,127
2023,Number,"Social sciences, journalism and information",Both sexes,173
2023,Number,Business administration and the law,Both sexes,229
2023,Number,"Natural sciences, mathematics and statistics",Both sexes,67
2023,Number,Information and communication technologies,Both sexes,44
2023,Number,"Engineering, manufacturing and construction",Both sexes,103
2023,Number,"Agriculture, forestry, fisheries and veterinary medicine",Both sexes,44
2023,Number,Health and social protection,Both sexes,337
2023,Number,Services,Both sexes,44
2023,Number,Unknown,Both sexes,0
2023,Number,Total,M,605
2023,Number,Education,M,71
2023,Number,Arts and humanities,M,57
2023,Number,"Social sciences, journalism and information",M,75
2023,Number,Business administration and the law,M,120
2023,Number,"Natural sciences, mathematics and statistics",M,24
2023,Number,Information and communication technologies,M,25
2023,Number,"Engineering, manufacturing and construction",M,64
2023,Number,"Agriculture, forestry, fisheries and veterinary medicine",M,15
2023,Number,Health and social protection,M,121
2023,Number,Services,M,33
2023,Number,Unknown,M,0
2023,Number,Total,F,708
2023,Number,Education,F,74
2023,Number,Arts and humanities,F,70
2023,Number,"Social sciences, journalism and information",F,98
2023,Number,Business administration and the law,F,109
2023,Number,"Natural sciences, mathematics and statistics",F,43
2023,Number,Information and communication technologies,F,19
2023,Number,"Engineering, manufacturing and construction",F,39
2023,Number,"Agriculture, forestry, fisheries and veterinary medicine",F,43
2023,Number,Health and social protection,F,216
2023,Number,Services,F,11
2023,Number,Unknown,F,0
2024,Number,Total,Both sexes,1515
2024,Number,Education,Both sexes,114
2024,Number,Arts and humanities,Both sexes,159
2024,Number,"Social sciences, journalism and information",Both sexes,162
2024,Number,Business administration and the law,Both sexes,228
2024,Number,"Natural sciences, mathematics and statistics",Both sexes,89
2024,Number,Information and communication technologies,Both sexes,65
2024,Number,"Engineering, manufacturing and construction",Both sexes,139
2024,Number,"Agriculture, forestry, fisheries and veterinary medicine",Both sexes,48
2024,Number,Health and social protection,Both sexes,439
2024,Number,Services,Both sexes,72
2024,Number,Unknown,Both sexes,0
2024,Number,Total,M,747
2024,Number,Education,M,56
2024,Number,Arts and humanities,M,81
2024,Number,"Social sciences, journalism and information",M,73
2024,Number,Business administration and the law,M,115
2024,Number,"Natural sciences, mathematics and statistics",M,40
2024,Number,Information and communication technologies,M,47
2024,Number,"Engineering, manufacturing and construction",M,90
2024,Number,"Agriculture, forestry, fisheries and veterinary medicine",M,22
2024,Number,Health and social protection,M,167
2024,Number,Services,M,56
2024,Number,Unknown,M,0
2024,Number,Total,F,768
2024,Number,Education,F,58
2024,Number,Arts and humanities,F,78
2024,Number,"Social sciences, journalism and information",F,89
2024,Number,Business administration and the law,F,113
2024,Number,"Natural sciences, mathematics and statistics",F,49
2024,Number,Information and communication technologies,F,18
2024,Number,"Engineering, manufacturing and construction",F,49
2024,Number,"Agriculture, forestry, fisheries and veterinary medicine",F,43
2024,Number,Health and social protection,F,272
2024,Number,Services,F,16
2024,Number,Unknown,F,0
