Year,UNIT_MEASURE,Value
1971,Starosna dob,22.2
1981,Starosna dob,23.0
2004,Starosna dob,24.34
2005,Starosna dob,24.41
2006,Starosna dob,24.51
2007,Starosna dob,24.76
2008,Starosna dob,24.94
2009,Starosna dob,25.25
2010,Starosna dob,25.87
2011,Starosna dob,26.25
2012,Starosna dob,26.45
2013,Starosna dob,26.69
2014,Starosna dob,26.97
2015,Starosna dob,27.17
2016,Starosna dob,26.96
2017,Starosna dob,27.28
2018,Starosna dob,27.4
2019,Starosna dob,27.68
2020,Starosna dob,27.81
2021,Starosna dob,28.05
2022,Starosna dob,27.87
