Year,UNIT_MEASURE,Spol,Value
1960,Starosna dob,M,58.62
1970,Starosna dob,M,63.78
1981,Starosna dob,M,68.2
1988,Starosna dob,M,69.2
2013,Starosna dob,M,73.88
2015,Starosna dob,M,73.7
2018,Starosna dob,M,74.3
2020,Starosna dob,M,74.7
2022,Starosna dob,M,73.1
2024,Starosna dob,M,74.06
1960,Starosna dob,Ž,61.46
1970,Starosna dob,Ž,68.41
1981,Starosna dob,Ž,73.5
1988,Starosna dob,Ž,74.6
2013,Starosna dob,Ž,78.88
2015,Starosna dob,Ž,78.8
2018,Starosna dob,Ž,79.0
2020,Starosna dob,Ž,79.7
2022,Starosna dob,Ž,77.5
2024,Starosna dob,Ž,81.01
