Year,UNIT_MEASURE,Spol,Starosna dob,Value
1971,Broj,Oba spola,0,78188
1971,Broj,Oba spola,1,78436
1971,Broj,Oba spola,2,79185
1971,Broj,Oba spola,3,83244
1971,Broj,Oba spola,4,86452
1971,Broj,Oba spola,5,87769
1971,Broj,Oba spola,6,87799
1971,Broj,Oba spola,7,88629
1971,Broj,Oba spola,8,88698
1971,Broj,Oba spola,9,89770
1971,Broj,Oba spola,10,91769
1971,Broj,Oba spola,11,88438
1971,Broj,Oba spola,12,91254
1971,Broj,Oba spola,13,84816
1971,Broj,Oba spola,14,85922
1971,Broj,Oba spola,15,85979
1971,Broj,Oba spola,16,90521
1971,Broj,Oba spola,17,81829
1971,Broj,Oba spola,18,86722
1971,Broj,Oba spola,19,66336
1971,Broj,Oba spola,20,72810
1971,Broj,Oba spola,21,69228
1971,Broj,Oba spola,22,61911
1971,Broj,Oba spola,23,57263
1971,Broj,Oba spola,24,58105
1971,Broj,Oba spola,25,43515
1971,Broj,Oba spola,26,42568
1971,Broj,Oba spola,27,42705
1971,Broj,Oba spola,28,45326
1971,Broj,Oba spola,29,51613
1971,Broj,Oba spola,30,55927
1971,Broj,Oba spola,31,58757
1971,Broj,Oba spola,32,56737
1971,Broj,Oba spola,33,59159
1971,Broj,Oba spola,34,59230
1971,Broj,Oba spola,35,59449
1971,Broj,Oba spola,36,58439
1971,Broj,Oba spola,37,57138
1971,Broj,Oba spola,38,54962
1971,Broj,Oba spola,39,50494
1971,Broj,Oba spola,40,53335
1971,Broj,Oba spola,41,51482
1971,Broj,Oba spola,42,51670
1971,Broj,Oba spola,43,45131
1971,Broj,Oba spola,44,41398
1971,Broj,Oba spola,45,38430
1971,Broj,Oba spola,46,34889
1971,Broj,Oba spola,47,32616
1971,Broj,Oba spola,48,32560
1971,Broj,Oba spola,49,27746
1971,Broj,Oba spola,50,31304
1971,Broj,Oba spola,51,27640
1971,Broj,Oba spola,52,16290
1971,Broj,Oba spola,53,13739
1971,Broj,Oba spola,54,12867
1971,Broj,Oba spola,55,17033
1971,Broj,Oba spola,56,26007
1971,Broj,Oba spola,57,23600
1971,Broj,Oba spola,58,25741
1971,Broj,Oba spola,59,22248
1971,Broj,Oba spola,60,27390
1971,Broj,Oba spola,61,23213
1971,Broj,Oba spola,62,20179
1971,Broj,Oba spola,63,21543
1971,Broj,Oba spola,64,20402
1971,Broj,Oba spola,65,19860
1971,Broj,Oba spola,66,17912
1971,Broj,Oba spola,67,15368
1971,Broj,Oba spola,68,14263
1971,Broj,Oba spola,69,12405
1971,Broj,Oba spola,70,20948
1971,Broj,Oba spola,71,11331
1971,Broj,Oba spola,72,7947
1971,Broj,Oba spola,73,6982
1971,Broj,Oba spola,74,6341
1971,Broj,Oba spola,75,6359
1971,Broj,Oba spola,76,5014
1971,Broj,Oba spola,77,4151
1971,Broj,Oba spola,78,4413
1971,Broj,Oba spola,79,3113
1971,Broj,Oba spola,80,3754
1971,Broj,Oba spola,81,2432
1971,Broj,Oba spola,82,2709
1971,Broj,Oba spola,83,1765
1971,Broj,Oba spola,84,1492
1971,Broj,Oba spola,85,1675
1971,Broj,Oba spola,86,1205
1971,Broj,Oba spola,87,808
1971,Broj,Oba spola,88,784
1971,Broj,Oba spola,89,640
1971,Broj,Oba spola,90,823
1971,Broj,Oba spola,91,417
1971,Broj,Oba spola,92,287
1971,Broj,Oba spola,93,196
1971,Broj,Oba spola,94,215
1971,Broj,Oba spola,95,249
1971,Broj,Oba spola,96,153
1971,Broj,Oba spola,97,132
1971,Broj,Oba spola,98,105
1971,Broj,Oba spola,99,33
1971,Broj,Oba spola,100,62
1971,Broj,Oba spola,101,0
1971,Broj,Oba spola,102,0
1971,Broj,Oba spola,103,0
1971,Broj,Oba spola,104,0
1971,Broj,Oba spola,105,0
1971,Broj,Oba spola,106,0
1971,Broj,Oba spola,107,0
1971,Broj,Oba spola,108,0
1971,Broj,Oba spola,109,0
1971,Broj,Oba spola,110,0
1971,Broj,Oba spola,111,0
1971,Broj,Oba spola,112,0
1971,Broj,Oba spola,113,0
1971,Broj,Oba spola,114,0
1971,Broj,Oba spola,115,0
1971,Broj,Oba spola,116,0
1971,Broj,Oba spola,117,0
1971,Broj,Oba spola,118,0
1971,Broj,Oba spola,119,0
1971,Broj,Oba spola,120,0
1971,Broj,Oba spola,Unknown,14223
1971,Broj,Oba spola,Total,3746111
1981,Broj,Oba spola,0,75249
1981,Broj,Oba spola,1,73365
1981,Broj,Oba spola,2,70546
1981,Broj,Oba spola,3,71814
1981,Broj,Oba spola,4,74358
1981,Broj,Oba spola,5,75443
1981,Broj,Oba spola,6,74445
1981,Broj,Oba spola,7,73632
1981,Broj,Oba spola,8,75645
1981,Broj,Oba spola,9,76600
1981,Broj,Oba spola,10,73382
1981,Broj,Oba spola,11,76076
1981,Broj,Oba spola,12,78109
1981,Broj,Oba spola,13,81018
1981,Broj,Oba spola,14,84439
1981,Broj,Oba spola,15,86279
1981,Broj,Oba spola,16,85830
1981,Broj,Oba spola,17,86819
1981,Broj,Oba spola,18,86946
1981,Broj,Oba spola,19,87430
1981,Broj,Oba spola,20,87748
1981,Broj,Oba spola,21,82032
1981,Broj,Oba spola,22,83066
1981,Broj,Oba spola,23,75879
1981,Broj,Oba spola,24,76026
1981,Broj,Oba spola,25,74303
1981,Broj,Oba spola,26,78316
1981,Broj,Oba spola,27,70457
1981,Broj,Oba spola,28,76550
1981,Broj,Oba spola,29,58147
1981,Broj,Oba spola,30,65277
1981,Broj,Oba spola,31,63340
1981,Broj,Oba spola,32,57333
1981,Broj,Oba spola,33,52959
1981,Broj,Oba spola,34,55593
1981,Broj,Oba spola,35,41112
1981,Broj,Oba spola,36,40504
1981,Broj,Oba spola,37,41170
1981,Broj,Oba spola,38,43876
1981,Broj,Oba spola,39,50056
1981,Broj,Oba spola,40,54382
1981,Broj,Oba spola,41,57019
1981,Broj,Oba spola,42,54558
1981,Broj,Oba spola,43,56921
1981,Broj,Oba spola,44,57257
1981,Broj,Oba spola,45,57058
1981,Broj,Oba spola,46,55999
1981,Broj,Oba spola,47,54397
1981,Broj,Oba spola,48,52218
1981,Broj,Oba spola,49,47985
1981,Broj,Oba spola,50,50896
1981,Broj,Oba spola,51,48508
1981,Broj,Oba spola,52,49113
1981,Broj,Oba spola,53,43058
1981,Broj,Oba spola,54,38940
1981,Broj,Oba spola,55,36297
1981,Broj,Oba spola,56,32627
1981,Broj,Oba spola,57,30259
1981,Broj,Oba spola,58,30197
1981,Broj,Oba spola,59,24994
1981,Broj,Oba spola,60,28681
1981,Broj,Oba spola,61,24744
1981,Broj,Oba spola,62,13941
1981,Broj,Oba spola,63,11890
1981,Broj,Oba spola,64,10875
1981,Broj,Oba spola,65,14149
1981,Broj,Oba spola,66,21573
1981,Broj,Oba spola,67,19215
1981,Broj,Oba spola,68,20626
1981,Broj,Oba spola,69,16711
1981,Broj,Oba spola,70,20321
1981,Broj,Oba spola,71,16285
1981,Broj,Oba spola,72,13699
1981,Broj,Oba spola,73,14236
1981,Broj,Oba spola,74,13056
1981,Broj,Oba spola,75,12438
1981,Broj,Oba spola,76,10489
1981,Broj,Oba spola,77,8504
1981,Broj,Oba spola,78,7563
1981,Broj,Oba spola,79,5616
1981,Broj,Oba spola,80,12838
1981,Broj,Oba spola,81,4461
1981,Broj,Oba spola,82,3110
1981,Broj,Oba spola,83,2579
1981,Broj,Oba spola,84,2240
1981,Broj,Oba spola,85,2051
1981,Broj,Oba spola,86,1475
1981,Broj,Oba spola,87,1165
1981,Broj,Oba spola,88,1462
1981,Broj,Oba spola,89,745
1981,Broj,Oba spola,90,914
1981,Broj,Oba spola,91,478
1981,Broj,Oba spola,92,529
1981,Broj,Oba spola,93,336
1981,Broj,Oba spola,94,366
1981,Broj,Oba spola,95,304
1981,Broj,Oba spola,96,225
1981,Broj,Oba spola,97,201
1981,Broj,Oba spola,98,187
1981,Broj,Oba spola,99,110
1981,Broj,Oba spola,100,109
1981,Broj,Oba spola,101,0
1981,Broj,Oba spola,102,0
1981,Broj,Oba spola,103,0
1981,Broj,Oba spola,104,0
1981,Broj,Oba spola,105,0
1981,Broj,Oba spola,106,0
1981,Broj,Oba spola,107,0
1981,Broj,Oba spola,108,0
1981,Broj,Oba spola,109,0
1981,Broj,Oba spola,110,0
1981,Broj,Oba spola,111,0
1981,Broj,Oba spola,112,0
1981,Broj,Oba spola,113,0
1981,Broj,Oba spola,114,0
1981,Broj,Oba spola,115,0
1981,Broj,Oba spola,116,0
1981,Broj,Oba spola,117,0
1981,Broj,Oba spola,118,0
1981,Broj,Oba spola,119,0
1981,Broj,Oba spola,120,0
1981,Broj,Oba spola,Unknown,9907
1981,Broj,Oba spola,Total,4124256
1991,Broj,Oba spola,0,64632
1991,Broj,Oba spola,1,65797
1991,Broj,Oba spola,2,66240
1991,Broj,Oba spola,3,68396
1991,Broj,Oba spola,4,67357
1991,Broj,Oba spola,5,68789
1991,Broj,Oba spola,6,69443
1991,Broj,Oba spola,7,69537
1991,Broj,Oba spola,8,70110
1991,Broj,Oba spola,9,69500
1991,Broj,Oba spola,10,69489
1991,Broj,Oba spola,11,69470
1991,Broj,Oba spola,12,68167
1991,Broj,Oba spola,13,69485
1991,Broj,Oba spola,14,70979
1991,Broj,Oba spola,15,71941
1991,Broj,Oba spola,16,71203
1991,Broj,Oba spola,17,70703
1991,Broj,Oba spola,18,72602
1991,Broj,Oba spola,19,73559
1991,Broj,Oba spola,20,68921
1991,Broj,Oba spola,21,71096
1991,Broj,Oba spola,22,71107
1991,Broj,Oba spola,23,73566
1991,Broj,Oba spola,24,75301
1991,Broj,Oba spola,25,75353
1991,Broj,Oba spola,26,73366
1991,Broj,Oba spola,27,73389
1991,Broj,Oba spola,28,73973
1991,Broj,Oba spola,29,75695
1991,Broj,Oba spola,30,75558
1991,Broj,Oba spola,31,72556
1991,Broj,Oba spola,32,74766
1991,Broj,Oba spola,33,69259
1991,Broj,Oba spola,34,69715
1991,Broj,Oba spola,35,68749
1991,Broj,Oba spola,36,73216
1991,Broj,Oba spola,37,64999
1991,Broj,Oba spola,38,72287
1991,Broj,Oba spola,39,55318
1991,Broj,Oba spola,40,60967
1991,Broj,Oba spola,41,60091
1991,Broj,Oba spola,42,53402
1991,Broj,Oba spola,43,49406
1991,Broj,Oba spola,44,52546
1991,Broj,Oba spola,45,38061
1991,Broj,Oba spola,46,37783
1991,Broj,Oba spola,47,38588
1991,Broj,Oba spola,48,40304
1991,Broj,Oba spola,49,46429
1991,Broj,Oba spola,50,50829
1991,Broj,Oba spola,51,52595
1991,Broj,Oba spola,52,50029
1991,Broj,Oba spola,53,52442
1991,Broj,Oba spola,54,51487
1991,Broj,Oba spola,55,51673
1991,Broj,Oba spola,56,50739
1991,Broj,Oba spola,57,48946
1991,Broj,Oba spola,58,45999
1991,Broj,Oba spola,59,43654
1991,Broj,Oba spola,60,44931
1991,Broj,Oba spola,61,42531
1991,Broj,Oba spola,62,41238
1991,Broj,Oba spola,63,36865
1991,Broj,Oba spola,64,33082
1991,Broj,Oba spola,65,29906
1991,Broj,Oba spola,66,26651
1991,Broj,Oba spola,67,24627
1991,Broj,Oba spola,68,23326
1991,Broj,Oba spola,69,20242
1991,Broj,Oba spola,70,20690
1991,Broj,Oba spola,71,18093
1991,Broj,Oba spola,72,9406
1991,Broj,Oba spola,73,7854
1991,Broj,Oba spola,74,6879
1991,Broj,Oba spola,75,8404
1991,Broj,Oba spola,76,12535
1991,Broj,Oba spola,77,10655
1991,Broj,Oba spola,78,10606
1991,Broj,Oba spola,79,8602
1991,Broj,Oba spola,80,8930
1991,Broj,Oba spola,81,7108
1991,Broj,Oba spola,82,5454
1991,Broj,Oba spola,83,5137
1991,Broj,Oba spola,84,4218
1991,Broj,Oba spola,85,3617
1991,Broj,Oba spola,86,2928
1991,Broj,Oba spola,87,2146
1991,Broj,Oba spola,88,1706
1991,Broj,Oba spola,89,1172
1991,Broj,Oba spola,90,1403
1991,Broj,Oba spola,91,658
1991,Broj,Oba spola,92,385
1991,Broj,Oba spola,93,271
1991,Broj,Oba spola,94,179
1991,Broj,Oba spola,95,151
1991,Broj,Oba spola,96,105
1991,Broj,Oba spola,97,76
1991,Broj,Oba spola,98,68
1991,Broj,Oba spola,99,38
1991,Broj,Oba spola,100,42
1991,Broj,Oba spola,101,25
1991,Broj,Oba spola,102,11
1991,Broj,Oba spola,103,17
1991,Broj,Oba spola,104,6
1991,Broj,Oba spola,105,7
1991,Broj,Oba spola,106,3
1991,Broj,Oba spola,107,5
1991,Broj,Oba spola,108,3
1991,Broj,Oba spola,109,2
1991,Broj,Oba spola,110,4
1991,Broj,Oba spola,111,3
1991,Broj,Oba spola,112,2
1991,Broj,Oba spola,113,3
1991,Broj,Oba spola,114,2
1991,Broj,Oba spola,115,3
1991,Broj,Oba spola,116,1
1991,Broj,Oba spola,117,0
1991,Broj,Oba spola,118,0
1991,Broj,Oba spola,119,0
1991,Broj,Oba spola,120,0
1991,Broj,Oba spola,Unknown,102462
1991,Broj,Oba spola,Total,4377033
2013,Broj,Oba spola,0,32986
2013,Broj,Oba spola,1,34294
2013,Broj,Oba spola,2,34389
2013,Broj,Oba spola,3,35874
2013,Broj,Oba spola,4,36521
2013,Broj,Oba spola,5,36166
2013,Broj,Oba spola,6,34919
2013,Broj,Oba spola,7,34943
2013,Broj,Oba spola,8,35451
2013,Broj,Oba spola,9,35501
2013,Broj,Oba spola,10,36453
2013,Broj,Oba spola,11,36775
2013,Broj,Oba spola,12,38596
2013,Broj,Oba spola,13,39456
2013,Broj,Oba spola,14,41395
2013,Broj,Oba spola,15,45564
2013,Broj,Oba spola,16,52015
2013,Broj,Oba spola,17,51403
2013,Broj,Oba spola,18,50311
2013,Broj,Oba spola,19,43449
2013,Broj,Oba spola,20,38825
2013,Broj,Oba spola,21,44354
2013,Broj,Oba spola,22,48403
2013,Broj,Oba spola,23,48196
2013,Broj,Oba spola,24,48278
2013,Broj,Oba spola,25,50133
2013,Broj,Oba spola,26,49678
2013,Broj,Oba spola,27,49795
2013,Broj,Oba spola,28,50446
2013,Broj,Oba spola,29,52266
2013,Broj,Oba spola,30,50734
2013,Broj,Oba spola,31,50911
2013,Broj,Oba spola,32,50977
2013,Broj,Oba spola,33,50333
2013,Broj,Oba spola,34,49678
2013,Broj,Oba spola,35,49788
2013,Broj,Oba spola,36,49919
2013,Broj,Oba spola,37,51327
2013,Broj,Oba spola,38,49496
2013,Broj,Oba spola,39,48736
2013,Broj,Oba spola,40,48218
2013,Broj,Oba spola,41,49740
2013,Broj,Oba spola,42,48136
2013,Broj,Oba spola,43,46015
2013,Broj,Oba spola,44,49029
2013,Broj,Oba spola,45,49671
2013,Broj,Oba spola,46,51673
2013,Broj,Oba spola,47,52770
2013,Broj,Oba spola,48,53700
2013,Broj,Oba spola,49,53114
2013,Broj,Oba spola,50,53786
2013,Broj,Oba spola,51,56129
2013,Broj,Oba spola,52,55588
2013,Broj,Oba spola,53,55076
2013,Broj,Oba spola,54,55996
2013,Broj,Oba spola,55,52589
2013,Broj,Oba spola,56,50347
2013,Broj,Oba spola,57,51932
2013,Broj,Oba spola,58,52746
2013,Broj,Oba spola,59,50923
2013,Broj,Oba spola,60,50837
2013,Broj,Oba spola,61,46677
2013,Broj,Oba spola,62,42331
2013,Broj,Oba spola,63,42570
2013,Broj,Oba spola,64,40836
2013,Broj,Oba spola,65,35793
2013,Broj,Oba spola,66,37788
2013,Broj,Oba spola,67,29180
2013,Broj,Oba spola,68,25744
2013,Broj,Oba spola,69,25064
2013,Broj,Oba spola,70,25058
2013,Broj,Oba spola,71,26990
2013,Broj,Oba spola,72,29327
2013,Broj,Oba spola,73,30776
2013,Broj,Oba spola,74,28304
2013,Broj,Oba spola,75,27309
2013,Broj,Oba spola,76,25413
2013,Broj,Oba spola,77,23950
2013,Broj,Oba spola,78,21232
2013,Broj,Oba spola,79,19363
2013,Broj,Oba spola,80,16231
2013,Broj,Oba spola,81,14741
2013,Broj,Oba spola,82,12059
2013,Broj,Oba spola,83,10999
2013,Broj,Oba spola,84,8606
2013,Broj,Oba spola,85,7600
2013,Broj,Oba spola,86,5358
2013,Broj,Oba spola,87,4159
2013,Broj,Oba spola,88,3055
2013,Broj,Oba spola,89,2350
2013,Broj,Oba spola,90,1745
2013,Broj,Oba spola,91,1230
2013,Broj,Oba spola,92,825
2013,Broj,Oba spola,93,724
2013,Broj,Oba spola,94,338
2013,Broj,Oba spola,95,149
2013,Broj,Oba spola,96,119
2013,Broj,Oba spola,97,66
2013,Broj,Oba spola,98,92
2013,Broj,Oba spola,99,58
2013,Broj,Oba spola,100,38
2013,Broj,Oba spola,101,24
2013,Broj,Oba spola,102,28
2013,Broj,Oba spola,103,12
2013,Broj,Oba spola,104,6
2013,Broj,Oba spola,105,9
2013,Broj,Oba spola,106,9
2013,Broj,Oba spola,107,8
2013,Broj,Oba spola,108,4
2013,Broj,Oba spola,109,4
2013,Broj,Oba spola,110,5
2013,Broj,Oba spola,111,3
2013,Broj,Oba spola,112,20
2013,Broj,Oba spola,113,31
2013,Broj,Oba spola,114,0
2013,Broj,Oba spola,115,0
2013,Broj,Oba spola,116,0
2013,Broj,Oba spola,117,0
2013,Broj,Oba spola,118,0
2013,Broj,Oba spola,119,0
2013,Broj,Oba spola,120,0
2013,Broj,Oba spola,Unknown,0
2013,Broj,Oba spola,Total,3531159
1971,Broj,M,0,39855
1971,Broj,M,1,40140
1971,Broj,M,2,40345
1971,Broj,M,3,42514
1971,Broj,M,4,44275
1971,Broj,M,5,44853
1971,Broj,M,6,44602
1971,Broj,M,7,45387
1971,Broj,M,8,45063
1971,Broj,M,9,45821
1971,Broj,M,10,46696
1971,Broj,M,11,44938
1971,Broj,M,12,46389
1971,Broj,M,13,43294
1971,Broj,M,14,43749
1971,Broj,M,15,43702
1971,Broj,M,16,46056
1971,Broj,M,17,41463
1971,Broj,M,18,43651
1971,Broj,M,19,34343
1971,Broj,M,20,37872
1971,Broj,M,21,35178
1971,Broj,M,22,31105
1971,Broj,M,23,28805
1971,Broj,M,24,29113
1971,Broj,M,25,21479
1971,Broj,M,26,20768
1971,Broj,M,27,20683
1971,Broj,M,28,21739
1971,Broj,M,29,25055
1971,Broj,M,30,27209
1971,Broj,M,31,28265
1971,Broj,M,32,27411
1971,Broj,M,33,29128
1971,Broj,M,34,28939
1971,Broj,M,35,29324
1971,Broj,M,36,28795
1971,Broj,M,37,28014
1971,Broj,M,38,26985
1971,Broj,M,39,25917
1971,Broj,M,40,26833
1971,Broj,M,41,25872
1971,Broj,M,42,25694
1971,Broj,M,43,21742
1971,Broj,M,44,18640
1971,Broj,M,45,16598
1971,Broj,M,46,14941
1971,Broj,M,47,13862
1971,Broj,M,48,12951
1971,Broj,M,49,11665
1971,Broj,M,50,12359
1971,Broj,M,51,11862
1971,Broj,M,52,6178
1971,Broj,M,53,5402
1971,Broj,M,54,5268
1971,Broj,M,55,6888
1971,Broj,M,56,10612
1971,Broj,M,57,10436
1971,Broj,M,58,11002
1971,Broj,M,59,9890
1971,Broj,M,60,11575
1971,Broj,M,61,11193
1971,Broj,M,62,9774
1971,Broj,M,63,10562
1971,Broj,M,64,9983
1971,Broj,M,65,9043
1971,Broj,M,66,8630
1971,Broj,M,67,7437
1971,Broj,M,68,6961
1971,Broj,M,69,5519
1971,Broj,M,70,8199
1971,Broj,M,71,5243
1971,Broj,M,72,3603
1971,Broj,M,73,3350
1971,Broj,M,74,2741
1971,Broj,M,75,2471
1971,Broj,M,76,2143
1971,Broj,M,77,1806
1971,Broj,M,78,1858
1971,Broj,M,79,1224
1971,Broj,M,80,1214
1971,Broj,M,81,892
1971,Broj,M,82,1006
1971,Broj,M,83,682
1971,Broj,M,84,506
1971,Broj,M,85,504
1971,Broj,M,86,404
1971,Broj,M,87,278
1971,Broj,M,88,253
1971,Broj,M,89,197
1971,Broj,M,90,211
1971,Broj,M,91,129
1971,Broj,M,92,77
1971,Broj,M,93,74
1971,Broj,M,94,64
1971,Broj,M,95,43
1971,Broj,M,96,34
1971,Broj,M,97,37
1971,Broj,M,98,33
1971,Broj,M,99,11
1971,Broj,M,100,15
1971,Broj,M,101,0
1971,Broj,M,102,0
1971,Broj,M,103,0
1971,Broj,M,104,0
1971,Broj,M,105,0
1971,Broj,M,106,0
1971,Broj,M,107,0
1971,Broj,M,108,0
1971,Broj,M,109,0
1971,Broj,M,110,0
1971,Broj,M,111,0
1971,Broj,M,112,0
1971,Broj,M,113,0
1971,Broj,M,114,0
1971,Broj,M,115,0
1971,Broj,M,116,0
1971,Broj,M,117,0
1971,Broj,M,118,0
1971,Broj,M,119,0
1971,Broj,M,120,0
1971,Broj,M,Unknown,7006
1971,Broj,M,Total,1834600
1981,Broj,M,0,38321
1981,Broj,M,1,37447
1981,Broj,M,2,36146
1981,Broj,M,3,36683
1981,Broj,M,4,37897
1981,Broj,M,5,38573
1981,Broj,M,6,38031
1981,Broj,M,7,37634
1981,Broj,M,8,38911
1981,Broj,M,9,39135
1981,Broj,M,10,37373
1981,Broj,M,11,39267
1981,Broj,M,12,39926
1981,Broj,M,13,41472
1981,Broj,M,14,43275
1981,Broj,M,15,44160
1981,Broj,M,16,43733
1981,Broj,M,17,44669
1981,Broj,M,18,44508
1981,Broj,M,19,45336
1981,Broj,M,20,45829
1981,Broj,M,21,42915
1981,Broj,M,22,43335
1981,Broj,M,23,39617
1981,Broj,M,24,39404
1981,Broj,M,25,38628
1981,Broj,M,26,40605
1981,Broj,M,27,36439
1981,Broj,M,28,39072
1981,Broj,M,29,29986
1981,Broj,M,30,33502
1981,Broj,M,31,32445
1981,Broj,M,32,28976
1981,Broj,M,33,26925
1981,Broj,M,34,28330
1981,Broj,M,35,20628
1981,Broj,M,36,20122
1981,Broj,M,37,20344
1981,Broj,M,38,21523
1981,Broj,M,39,24794
1981,Broj,M,40,27219
1981,Broj,M,41,28087
1981,Broj,M,42,26849
1981,Broj,M,43,28321
1981,Broj,M,44,28374
1981,Broj,M,45,28504
1981,Broj,M,46,27922
1981,Broj,M,47,26842
1981,Broj,M,48,25771
1981,Broj,M,49,24577
1981,Broj,M,50,25659
1981,Broj,M,51,24399
1981,Broj,M,52,24438
1981,Broj,M,53,20623
1981,Broj,M,54,17380
1981,Broj,M,55,15446
1981,Broj,M,56,13681
1981,Broj,M,57,12610
1981,Broj,M,58,11699
1981,Broj,M,59,10425
1981,Broj,M,60,10971
1981,Broj,M,61,10294
1981,Broj,M,62,5129
1981,Broj,M,63,4601
1981,Broj,M,64,4370
1981,Broj,M,65,5584
1981,Broj,M,66,8548
1981,Broj,M,67,8156
1981,Broj,M,68,8315
1981,Broj,M,69,7319
1981,Broj,M,70,8174
1981,Broj,M,71,7659
1981,Broj,M,72,6271
1981,Broj,M,73,6618
1981,Broj,M,74,6022
1981,Broj,M,75,5290
1981,Broj,M,76,4738
1981,Broj,M,77,3675
1981,Broj,M,78,3349
1981,Broj,M,79,2393
1981,Broj,M,80,5083
1981,Broj,M,81,1932
1981,Broj,M,82,1291
1981,Broj,M,83,1046
1981,Broj,M,84,869
1981,Broj,M,85,734
1981,Broj,M,86,522
1981,Broj,M,87,431
1981,Broj,M,88,505
1981,Broj,M,89,254
1981,Broj,M,90,258
1981,Broj,M,91,143
1981,Broj,M,92,175
1981,Broj,M,93,129
1981,Broj,M,94,115
1981,Broj,M,95,101
1981,Broj,M,96,80
1981,Broj,M,97,78
1981,Broj,M,98,57
1981,Broj,M,99,26
1981,Broj,M,100,26
1981,Broj,M,101,0
1981,Broj,M,102,0
1981,Broj,M,103,0
1981,Broj,M,104,0
1981,Broj,M,105,0
1981,Broj,M,106,0
1981,Broj,M,107,0
1981,Broj,M,108,0
1981,Broj,M,109,0
1981,Broj,M,110,0
1981,Broj,M,111,0
1981,Broj,M,112,0
1981,Broj,M,113,0
1981,Broj,M,114,0
1981,Broj,M,115,0
1981,Broj,M,116,0
1981,Broj,M,117,0
1981,Broj,M,118,0
1981,Broj,M,119,0
1981,Broj,M,120,0
1981,Broj,M,Unknown,4840
1981,Broj,M,Total,2050913
1991,Broj,M,0,33218
1991,Broj,M,1,33649
1991,Broj,M,2,33897
1991,Broj,M,3,35074
1991,Broj,M,4,34697
1991,Broj,M,5,35053
1991,Broj,M,6,35623
1991,Broj,M,7,35653
1991,Broj,M,8,36064
1991,Broj,M,9,35595
1991,Broj,M,10,35484
1991,Broj,M,11,35563
1991,Broj,M,12,34973
1991,Broj,M,13,35735
1991,Broj,M,14,36177
1991,Broj,M,15,36775
1991,Broj,M,16,36526
1991,Broj,M,17,36274
1991,Broj,M,18,37682
1991,Broj,M,19,38035
1991,Broj,M,20,35834
1991,Broj,M,21,37372
1991,Broj,M,22,37333
1991,Broj,M,23,38615
1991,Broj,M,24,39570
1991,Broj,M,25,39653
1991,Broj,M,26,38198
1991,Broj,M,27,38373
1991,Broj,M,28,38483
1991,Broj,M,29,39334
1991,Broj,M,30,38970
1991,Broj,M,31,37430
1991,Broj,M,32,38535
1991,Broj,M,33,35795
1991,Broj,M,34,35913
1991,Broj,M,35,35430
1991,Broj,M,36,37697
1991,Broj,M,37,33570
1991,Broj,M,38,36844
1991,Broj,M,39,28483
1991,Broj,M,40,31089
1991,Broj,M,41,30556
1991,Broj,M,42,26794
1991,Broj,M,43,24697
1991,Broj,M,44,26297
1991,Broj,M,45,18979
1991,Broj,M,46,18598
1991,Broj,M,47,19015
1991,Broj,M,48,19730
1991,Broj,M,49,22671
1991,Broj,M,50,24944
1991,Broj,M,51,25614
1991,Broj,M,52,24182
1991,Broj,M,53,25571
1991,Broj,M,54,25069
1991,Broj,M,55,25115
1991,Broj,M,56,24538
1991,Broj,M,57,23699
1991,Broj,M,58,22154
1991,Broj,M,59,21413
1991,Broj,M,60,21754
1991,Broj,M,61,20474
1991,Broj,M,62,19818
1991,Broj,M,63,16822
1991,Broj,M,64,14056
1991,Broj,M,65,11951
1991,Broj,M,66,10452
1991,Broj,M,67,9571
1991,Broj,M,68,8529
1991,Broj,M,69,7599
1991,Broj,M,70,7375
1991,Broj,M,71,6890
1991,Broj,M,72,3298
1991,Broj,M,73,2787
1991,Broj,M,74,2543
1991,Broj,M,75,3054
1991,Broj,M,76,4611
1991,Broj,M,77,4074
1991,Broj,M,78,3930
1991,Broj,M,79,3466
1991,Broj,M,80,3401
1991,Broj,M,81,3047
1991,Broj,M,82,2304
1991,Broj,M,83,2159
1991,Broj,M,84,1748
1991,Broj,M,85,1393
1991,Broj,M,86,1131
1991,Broj,M,87,782
1991,Broj,M,88,658
1991,Broj,M,89,427
1991,Broj,M,90,436
1991,Broj,M,91,240
1991,Broj,M,92,122
1991,Broj,M,93,84
1991,Broj,M,94,52
1991,Broj,M,95,37
1991,Broj,M,96,29
1991,Broj,M,97,11
1991,Broj,M,98,23
1991,Broj,M,99,9
1991,Broj,M,100,5
1991,Broj,M,101,6
1991,Broj,M,102,1
1991,Broj,M,103,3
1991,Broj,M,104,1
1991,Broj,M,105,2
1991,Broj,M,106,0
1991,Broj,M,107,2
1991,Broj,M,108,2
1991,Broj,M,109,1
1991,Broj,M,110,0
1991,Broj,M,111,1
1991,Broj,M,112,1
1991,Broj,M,113,2
1991,Broj,M,114,0
1991,Broj,M,115,1
1991,Broj,M,116,1
1991,Broj,M,117,0
1991,Broj,M,118,0
1991,Broj,M,119,0
1991,Broj,M,120,0
1991,Broj,M,Unknown,48715
1991,Broj,M,Total,2183795
2013,Broj,M,0,16903
2013,Broj,M,1,17554
2013,Broj,M,2,17702
2013,Broj,M,3,18414
2013,Broj,M,4,18869
2013,Broj,M,5,18628
2013,Broj,M,6,17919
2013,Broj,M,7,17840
2013,Broj,M,8,18233
2013,Broj,M,9,18261
2013,Broj,M,10,18852
2013,Broj,M,11,18927
2013,Broj,M,12,19792
2013,Broj,M,13,20142
2013,Broj,M,14,20940
2013,Broj,M,15,23451
2013,Broj,M,16,26860
2013,Broj,M,17,26386
2013,Broj,M,18,25720
2013,Broj,M,19,22483
2013,Broj,M,20,20046
2013,Broj,M,21,22471
2013,Broj,M,22,24919
2013,Broj,M,23,24879
2013,Broj,M,24,24568
2013,Broj,M,25,25613
2013,Broj,M,26,25705
2013,Broj,M,27,25385
2013,Broj,M,28,25978
2013,Broj,M,29,26567
2013,Broj,M,30,25918
2013,Broj,M,31,26042
2013,Broj,M,32,25977
2013,Broj,M,33,25484
2013,Broj,M,34,25172
2013,Broj,M,35,25311
2013,Broj,M,36,25257
2013,Broj,M,37,25960
2013,Broj,M,38,25048
2013,Broj,M,39,24569
2013,Broj,M,40,24243
2013,Broj,M,41,25114
2013,Broj,M,42,24288
2013,Broj,M,43,23137
2013,Broj,M,44,24813
2013,Broj,M,45,24860
2013,Broj,M,46,25923
2013,Broj,M,47,26306
2013,Broj,M,48,26622
2013,Broj,M,49,26376
2013,Broj,M,50,26608
2013,Broj,M,51,27608
2013,Broj,M,52,27483
2013,Broj,M,53,26932
2013,Broj,M,54,27522
2013,Broj,M,55,25408
2013,Broj,M,56,24635
2013,Broj,M,57,25307
2013,Broj,M,58,25459
2013,Broj,M,59,24767
2013,Broj,M,60,24264
2013,Broj,M,61,22001
2013,Broj,M,62,19976
2013,Broj,M,63,19791
2013,Broj,M,64,18938
2013,Broj,M,65,16093
2013,Broj,M,66,17233
2013,Broj,M,67,13168
2013,Broj,M,68,11390
2013,Broj,M,69,11182
2013,Broj,M,70,10708
2013,Broj,M,71,11682
2013,Broj,M,72,12526
2013,Broj,M,73,13023
2013,Broj,M,74,11915
2013,Broj,M,75,11246
2013,Broj,M,76,10531
2013,Broj,M,77,9642
2013,Broj,M,78,8361
2013,Broj,M,79,7623
2013,Broj,M,80,6198
2013,Broj,M,81,5674
2013,Broj,M,82,4618
2013,Broj,M,83,4065
2013,Broj,M,84,3214
2013,Broj,M,85,2842
2013,Broj,M,86,1811
2013,Broj,M,87,1307
2013,Broj,M,88,902
2013,Broj,M,89,693
2013,Broj,M,90,477
2013,Broj,M,91,338
2013,Broj,M,92,232
2013,Broj,M,93,173
2013,Broj,M,94,91
2013,Broj,M,95,31
2013,Broj,M,96,26
2013,Broj,M,97,15
2013,Broj,M,98,19
2013,Broj,M,99,17
2013,Broj,M,100,8
2013,Broj,M,101,4
2013,Broj,M,102,8
2013,Broj,M,103,4
2013,Broj,M,104,5
2013,Broj,M,105,3
2013,Broj,M,106,4
2013,Broj,M,107,5
2013,Broj,M,108,2
2013,Broj,M,109,3
2013,Broj,M,110,3
2013,Broj,M,111,2
2013,Broj,M,112,11
2013,Broj,M,113,16
2013,Broj,M,114,0
2013,Broj,M,115,0
2013,Broj,M,116,0
2013,Broj,M,117,0
2013,Broj,M,118,0
2013,Broj,M,119,0
2013,Broj,M,120,0
2013,Broj,M,Unknown,0
2013,Broj,M,Total,1732270
1971,Broj,Ž,0,38333
1971,Broj,Ž,1,38296
1971,Broj,Ž,2,38840
1971,Broj,Ž,3,40730
1971,Broj,Ž,4,42177
1971,Broj,Ž,5,42916
1971,Broj,Ž,6,43197
1971,Broj,Ž,7,43242
1971,Broj,Ž,8,43635
1971,Broj,Ž,9,43949
1971,Broj,Ž,10,45073
1971,Broj,Ž,11,43500
1971,Broj,Ž,12,44865
1971,Broj,Ž,13,41522
1971,Broj,Ž,14,42173
1971,Broj,Ž,15,42277
1971,Broj,Ž,16,44465
1971,Broj,Ž,17,40366
1971,Broj,Ž,18,43071
1971,Broj,Ž,19,31993
1971,Broj,Ž,20,34938
1971,Broj,Ž,21,34050
1971,Broj,Ž,22,30806
1971,Broj,Ž,23,28458
1971,Broj,Ž,24,28992
1971,Broj,Ž,25,22036
1971,Broj,Ž,26,21800
1971,Broj,Ž,27,22022
1971,Broj,Ž,28,23587
1971,Broj,Ž,29,26558
1971,Broj,Ž,30,28718
1971,Broj,Ž,31,30492
1971,Broj,Ž,32,29326
1971,Broj,Ž,33,30031
1971,Broj,Ž,34,30291
1971,Broj,Ž,35,30125
1971,Broj,Ž,36,29644
1971,Broj,Ž,37,29124
1971,Broj,Ž,38,27977
1971,Broj,Ž,39,24577
1971,Broj,Ž,40,26502
1971,Broj,Ž,41,25610
1971,Broj,Ž,42,25976
1971,Broj,Ž,43,23389
1971,Broj,Ž,44,22758
1971,Broj,Ž,45,21832
1971,Broj,Ž,46,19948
1971,Broj,Ž,47,18754
1971,Broj,Ž,48,19609
1971,Broj,Ž,49,16081
1971,Broj,Ž,50,18945
1971,Broj,Ž,51,15778
1971,Broj,Ž,52,10112
1971,Broj,Ž,53,8337
1971,Broj,Ž,54,7599
1971,Broj,Ž,55,10145
1971,Broj,Ž,56,15395
1971,Broj,Ž,57,13164
1971,Broj,Ž,58,14739
1971,Broj,Ž,59,12358
1971,Broj,Ž,60,15815
1971,Broj,Ž,61,12020
1971,Broj,Ž,62,10405
1971,Broj,Ž,63,10981
1971,Broj,Ž,64,10419
1971,Broj,Ž,65,10817
1971,Broj,Ž,66,9282
1971,Broj,Ž,67,7931
1971,Broj,Ž,68,7302
1971,Broj,Ž,69,6886
1971,Broj,Ž,70,12749
1971,Broj,Ž,71,6088
1971,Broj,Ž,72,4344
1971,Broj,Ž,73,3632
1971,Broj,Ž,74,3600
1971,Broj,Ž,75,3888
1971,Broj,Ž,76,2871
1971,Broj,Ž,77,2345
1971,Broj,Ž,78,2555
1971,Broj,Ž,79,1889
1971,Broj,Ž,80,2540
1971,Broj,Ž,81,1540
1971,Broj,Ž,82,1703
1971,Broj,Ž,83,1083
1971,Broj,Ž,84,986
1971,Broj,Ž,85,1171
1971,Broj,Ž,86,801
1971,Broj,Ž,87,530
1971,Broj,Ž,88,531
1971,Broj,Ž,89,443
1971,Broj,Ž,90,612
1971,Broj,Ž,91,288
1971,Broj,Ž,92,210
1971,Broj,Ž,93,122
1971,Broj,Ž,94,151
1971,Broj,Ž,95,206
1971,Broj,Ž,96,119
1971,Broj,Ž,97,95
1971,Broj,Ž,98,72
1971,Broj,Ž,99,22
1971,Broj,Ž,100,47
1971,Broj,Ž,101,0
1971,Broj,Ž,102,0
1971,Broj,Ž,103,0
1971,Broj,Ž,104,0
1971,Broj,Ž,105,0
1971,Broj,Ž,106,0
1971,Broj,Ž,107,0
1971,Broj,Ž,108,0
1971,Broj,Ž,109,0
1971,Broj,Ž,110,0
1971,Broj,Ž,111,0
1971,Broj,Ž,112,0
1971,Broj,Ž,113,0
1971,Broj,Ž,114,0
1971,Broj,Ž,115,0
1971,Broj,Ž,116,0
1971,Broj,Ž,117,0
1971,Broj,Ž,118,0
1971,Broj,Ž,119,0
1971,Broj,Ž,120,0
1971,Broj,Ž,Unknown,7217
1971,Broj,Ž,Total,1911511
1981,Broj,Ž,0,36928
1981,Broj,Ž,1,35918
1981,Broj,Ž,2,34400
1981,Broj,Ž,3,35131
1981,Broj,Ž,4,36461
1981,Broj,Ž,5,36870
1981,Broj,Ž,6,36414
1981,Broj,Ž,7,35998
1981,Broj,Ž,8,36734
1981,Broj,Ž,9,37465
1981,Broj,Ž,10,36009
1981,Broj,Ž,11,36809
1981,Broj,Ž,12,38183
1981,Broj,Ž,13,39546
1981,Broj,Ž,14,41164
1981,Broj,Ž,15,42119
1981,Broj,Ž,16,42097
1981,Broj,Ž,17,42150
1981,Broj,Ž,18,42438
1981,Broj,Ž,19,42094
1981,Broj,Ž,20,41919
1981,Broj,Ž,21,39117
1981,Broj,Ž,22,39731
1981,Broj,Ž,23,36262
1981,Broj,Ž,24,36622
1981,Broj,Ž,25,35675
1981,Broj,Ž,26,37711
1981,Broj,Ž,27,34018
1981,Broj,Ž,28,37478
1981,Broj,Ž,29,28161
1981,Broj,Ž,30,31775
1981,Broj,Ž,31,30895
1981,Broj,Ž,32,28357
1981,Broj,Ž,33,26034
1981,Broj,Ž,34,27263
1981,Broj,Ž,35,20484
1981,Broj,Ž,36,20382
1981,Broj,Ž,37,20826
1981,Broj,Ž,38,22353
1981,Broj,Ž,39,25262
1981,Broj,Ž,40,27163
1981,Broj,Ž,41,28932
1981,Broj,Ž,42,27709
1981,Broj,Ž,43,28600
1981,Broj,Ž,44,28883
1981,Broj,Ž,45,28554
1981,Broj,Ž,46,28077
1981,Broj,Ž,47,27555
1981,Broj,Ž,48,26447
1981,Broj,Ž,49,23408
1981,Broj,Ž,50,25237
1981,Broj,Ž,51,24109
1981,Broj,Ž,52,24675
1981,Broj,Ž,53,22435
1981,Broj,Ž,54,21560
1981,Broj,Ž,55,20851
1981,Broj,Ž,56,18946
1981,Broj,Ž,57,17649
1981,Broj,Ž,58,18498
1981,Broj,Ž,59,14569
1981,Broj,Ž,60,17710
1981,Broj,Ž,61,14450
1981,Broj,Ž,62,8812
1981,Broj,Ž,63,7289
1981,Broj,Ž,64,6505
1981,Broj,Ž,65,8565
1981,Broj,Ž,66,13025
1981,Broj,Ž,67,11059
1981,Broj,Ž,68,12311
1981,Broj,Ž,69,9392
1981,Broj,Ž,70,12147
1981,Broj,Ž,71,8626
1981,Broj,Ž,72,7428
1981,Broj,Ž,73,7618
1981,Broj,Ž,74,7034
1981,Broj,Ž,75,7148
1981,Broj,Ž,76,5751
1981,Broj,Ž,77,4829
1981,Broj,Ž,78,4214
1981,Broj,Ž,79,3223
1981,Broj,Ž,80,7755
1981,Broj,Ž,81,2529
1981,Broj,Ž,82,1819
1981,Broj,Ž,83,1533
1981,Broj,Ž,84,1371
1981,Broj,Ž,85,1317
1981,Broj,Ž,86,953
1981,Broj,Ž,87,734
1981,Broj,Ž,88,957
1981,Broj,Ž,89,491
1981,Broj,Ž,90,656
1981,Broj,Ž,91,335
1981,Broj,Ž,92,354
1981,Broj,Ž,93,207
1981,Broj,Ž,94,251
1981,Broj,Ž,95,203
1981,Broj,Ž,96,145
1981,Broj,Ž,97,123
1981,Broj,Ž,98,130
1981,Broj,Ž,99,84
1981,Broj,Ž,100,83
1981,Broj,Ž,101,0
1981,Broj,Ž,102,0
1981,Broj,Ž,103,0
1981,Broj,Ž,104,0
1981,Broj,Ž,105,0
1981,Broj,Ž,106,0
1981,Broj,Ž,107,0
1981,Broj,Ž,108,0
1981,Broj,Ž,109,0
1981,Broj,Ž,110,0
1981,Broj,Ž,111,0
1981,Broj,Ž,112,0
1981,Broj,Ž,113,0
1981,Broj,Ž,114,0
1981,Broj,Ž,115,0
1981,Broj,Ž,116,0
1981,Broj,Ž,117,0
1981,Broj,Ž,118,0
1981,Broj,Ž,119,0
1981,Broj,Ž,120,0
1981,Broj,Ž,Unknown,5067
1981,Broj,Ž,Total,2073343
1991,Broj,Ž,0,31414
1991,Broj,Ž,1,32148
1991,Broj,Ž,2,32343
1991,Broj,Ž,3,33322
1991,Broj,Ž,4,32660
1991,Broj,Ž,5,33736
1991,Broj,Ž,6,33820
1991,Broj,Ž,7,33884
1991,Broj,Ž,8,34046
1991,Broj,Ž,9,33905
1991,Broj,Ž,10,34005
1991,Broj,Ž,11,33907
1991,Broj,Ž,12,33194
1991,Broj,Ž,13,33750
1991,Broj,Ž,14,34802
1991,Broj,Ž,15,35166
1991,Broj,Ž,16,34677
1991,Broj,Ž,17,34429
1991,Broj,Ž,18,34920
1991,Broj,Ž,19,35524
1991,Broj,Ž,20,33087
1991,Broj,Ž,21,33724
1991,Broj,Ž,22,33774
1991,Broj,Ž,23,34951
1991,Broj,Ž,24,35731
1991,Broj,Ž,25,35700
1991,Broj,Ž,26,35168
1991,Broj,Ž,27,35016
1991,Broj,Ž,28,35490
1991,Broj,Ž,29,36361
1991,Broj,Ž,30,36588
1991,Broj,Ž,31,35126
1991,Broj,Ž,32,36231
1991,Broj,Ž,33,33464
1991,Broj,Ž,34,33802
1991,Broj,Ž,35,33319
1991,Broj,Ž,36,35519
1991,Broj,Ž,37,31429
1991,Broj,Ž,38,35443
1991,Broj,Ž,39,26835
1991,Broj,Ž,40,29878
1991,Broj,Ž,41,29535
1991,Broj,Ž,42,26608
1991,Broj,Ž,43,24709
1991,Broj,Ž,44,26249
1991,Broj,Ž,45,19082
1991,Broj,Ž,46,19185
1991,Broj,Ž,47,19573
1991,Broj,Ž,48,20574
1991,Broj,Ž,49,23758
1991,Broj,Ž,50,25885
1991,Broj,Ž,51,26981
1991,Broj,Ž,52,25847
1991,Broj,Ž,53,26871
1991,Broj,Ž,54,26418
1991,Broj,Ž,55,26558
1991,Broj,Ž,56,26201
1991,Broj,Ž,57,25247
1991,Broj,Ž,58,23845
1991,Broj,Ž,59,22241
1991,Broj,Ž,60,23177
1991,Broj,Ž,61,22057
1991,Broj,Ž,62,21420
1991,Broj,Ž,63,20043
1991,Broj,Ž,64,19026
1991,Broj,Ž,65,17955
1991,Broj,Ž,66,16199
1991,Broj,Ž,67,15056
1991,Broj,Ž,68,14797
1991,Broj,Ž,69,12643
1991,Broj,Ž,70,13315
1991,Broj,Ž,71,11203
1991,Broj,Ž,72,6108
1991,Broj,Ž,73,5067
1991,Broj,Ž,74,4336
1991,Broj,Ž,75,5350
1991,Broj,Ž,76,7924
1991,Broj,Ž,77,6581
1991,Broj,Ž,78,6676
1991,Broj,Ž,79,5136
1991,Broj,Ž,80,5529
1991,Broj,Ž,81,4061
1991,Broj,Ž,82,3150
1991,Broj,Ž,83,2978
1991,Broj,Ž,84,2470
1991,Broj,Ž,85,2224
1991,Broj,Ž,86,1797
1991,Broj,Ž,87,1364
1991,Broj,Ž,88,1048
1991,Broj,Ž,89,745
1991,Broj,Ž,90,967
1991,Broj,Ž,91,418
1991,Broj,Ž,92,263
1991,Broj,Ž,93,187
1991,Broj,Ž,94,127
1991,Broj,Ž,95,114
1991,Broj,Ž,96,76
1991,Broj,Ž,97,65
1991,Broj,Ž,98,45
1991,Broj,Ž,99,29
1991,Broj,Ž,100,37
1991,Broj,Ž,101,19
1991,Broj,Ž,102,10
1991,Broj,Ž,103,14
1991,Broj,Ž,104,5
1991,Broj,Ž,105,5
1991,Broj,Ž,106,3
1991,Broj,Ž,107,3
1991,Broj,Ž,108,1
1991,Broj,Ž,109,1
1991,Broj,Ž,110,4
1991,Broj,Ž,111,2
1991,Broj,Ž,112,1
1991,Broj,Ž,113,1
1991,Broj,Ž,114,2
1991,Broj,Ž,115,2
1991,Broj,Ž,116,0
1991,Broj,Ž,117,0
1991,Broj,Ž,118,0
1991,Broj,Ž,119,0
1991,Broj,Ž,120,0
1991,Broj,Ž,Unknown,53747
1991,Broj,Ž,Total,2193238
2013,Broj,Ž,0,16083
2013,Broj,Ž,1,16740
2013,Broj,Ž,2,16687
2013,Broj,Ž,3,17460
2013,Broj,Ž,4,17652
2013,Broj,Ž,5,17538
2013,Broj,Ž,6,17000
2013,Broj,Ž,7,17103
2013,Broj,Ž,8,17218
2013,Broj,Ž,9,17240
2013,Broj,Ž,10,17601
2013,Broj,Ž,11,17848
2013,Broj,Ž,12,18804
2013,Broj,Ž,13,19314
2013,Broj,Ž,14,20455
2013,Broj,Ž,15,22113
2013,Broj,Ž,16,25155
2013,Broj,Ž,17,25017
2013,Broj,Ž,18,24591
2013,Broj,Ž,19,20966
2013,Broj,Ž,20,18779
2013,Broj,Ž,21,21883
2013,Broj,Ž,22,23484
2013,Broj,Ž,23,23317
2013,Broj,Ž,24,23710
2013,Broj,Ž,25,24520
2013,Broj,Ž,26,23973
2013,Broj,Ž,27,24410
2013,Broj,Ž,28,24468
2013,Broj,Ž,29,25699
2013,Broj,Ž,30,24816
2013,Broj,Ž,31,24869
2013,Broj,Ž,32,25000
2013,Broj,Ž,33,24849
2013,Broj,Ž,34,24506
2013,Broj,Ž,35,24477
2013,Broj,Ž,36,24662
2013,Broj,Ž,37,25367
2013,Broj,Ž,38,24448
2013,Broj,Ž,39,24167
2013,Broj,Ž,40,23975
2013,Broj,Ž,41,24626
2013,Broj,Ž,42,23848
2013,Broj,Ž,43,22878
2013,Broj,Ž,44,24216
2013,Broj,Ž,45,24811
2013,Broj,Ž,46,25750
2013,Broj,Ž,47,26464
2013,Broj,Ž,48,27078
2013,Broj,Ž,49,26738
2013,Broj,Ž,50,27178
2013,Broj,Ž,51,28521
2013,Broj,Ž,52,28105
2013,Broj,Ž,53,28144
2013,Broj,Ž,54,28474
2013,Broj,Ž,55,27181
2013,Broj,Ž,56,25712
2013,Broj,Ž,57,26625
2013,Broj,Ž,58,27287
2013,Broj,Ž,59,26156
2013,Broj,Ž,60,26573
2013,Broj,Ž,61,24676
2013,Broj,Ž,62,22355
2013,Broj,Ž,63,22779
2013,Broj,Ž,64,21898
2013,Broj,Ž,65,19700
2013,Broj,Ž,66,20555
2013,Broj,Ž,67,16012
2013,Broj,Ž,68,14354
2013,Broj,Ž,69,13882
2013,Broj,Ž,70,14350
2013,Broj,Ž,71,15308
2013,Broj,Ž,72,16801
2013,Broj,Ž,73,17753
2013,Broj,Ž,74,16389
2013,Broj,Ž,75,16063
2013,Broj,Ž,76,14882
2013,Broj,Ž,77,14308
2013,Broj,Ž,78,12871
2013,Broj,Ž,79,11740
2013,Broj,Ž,80,10033
2013,Broj,Ž,81,9067
2013,Broj,Ž,82,7441
2013,Broj,Ž,83,6934
2013,Broj,Ž,84,5392
2013,Broj,Ž,85,4758
2013,Broj,Ž,86,3547
2013,Broj,Ž,87,2852
2013,Broj,Ž,88,2153
2013,Broj,Ž,89,1657
2013,Broj,Ž,90,1268
2013,Broj,Ž,91,892
2013,Broj,Ž,92,593
2013,Broj,Ž,93,551
2013,Broj,Ž,94,247
2013,Broj,Ž,95,118
2013,Broj,Ž,96,93
2013,Broj,Ž,97,51
2013,Broj,Ž,98,73
2013,Broj,Ž,99,41
2013,Broj,Ž,100,30
2013,Broj,Ž,101,20
2013,Broj,Ž,102,20
2013,Broj,Ž,103,2.37%
2013,Broj,Ž,104,1
2013,Broj,Ž,105,6
2013,Broj,Ž,106,5
2013,Broj,Ž,107,3
2013,Broj,Ž,108,2
2013,Broj,Ž,109,1
2013,Broj,Ž,110,2
2013,Broj,Ž,111,1
2013,Broj,Ž,112,9
2013,Broj,Ž,113,15
2013,Broj,Ž,114,0
2013,Broj,Ž,115,0
2013,Broj,Ž,116,0
2013,Broj,Ž,117,0
2013,Broj,Ž,118,0
2013,Broj,Ž,119,0
2013,Broj,Ž,120,0
2013,Broj,Ž,Unknown,0
2013,Broj,Ž,Total,1798889
1971,% od ukupno,Oba spola,0,2.09
1971,% od ukupno,Oba spola,1,2.09
1971,% od ukupno,Oba spola,2,2.11
1971,% od ukupno,Oba spola,3,2.22
1971,% od ukupno,Oba spola,4,2.31
1971,% od ukupno,Oba spola,5,2.34
1971,% od ukupno,Oba spola,6,2.34
1971,% od ukupno,Oba spola,7,2.37
1971,% od ukupno,Oba spola,8,2.37
1971,% od ukupno,Oba spola,9,2.40
1971,% od ukupno,Oba spola,10,2.45
1971,% od ukupno,Oba spola,11,2.36
1971,% od ukupno,Oba spola,12,2.44
1971,% od ukupno,Oba spola,13,2.26
1971,% od ukupno,Oba spola,14,2.29
1971,% od ukupno,Oba spola,15,2.30
1971,% od ukupno,Oba spola,16,2.42
1971,% od ukupno,Oba spola,17,2.18
1971,% od ukupno,Oba spola,18,2.31
1971,% od ukupno,Oba spola,19,1.77
1971,% od ukupno,Oba spola,20,1.94
1971,% od ukupno,Oba spola,21,1.85
1971,% od ukupno,Oba spola,22,1.65
1971,% od ukupno,Oba spola,23,1.53
1971,% od ukupno,Oba spola,24,1.55
1971,% od ukupno,Oba spola,25,1.16
1971,% od ukupno,Oba spola,26,1.14
1971,% od ukupno,Oba spola,27,1.14
1971,% od ukupno,Oba spola,28,1.21
1971,% od ukupno,Oba spola,29,1.38
1971,% od ukupno,Oba spola,30,1.49
1971,% od ukupno,Oba spola,31,1.57
1971,% od ukupno,Oba spola,32,1.51
1971,% od ukupno,Oba spola,33,1.58
1971,% od ukupno,Oba spola,34,1.58
1971,% od ukupno,Oba spola,35,1.59
1971,% od ukupno,Oba spola,36,1.56
1971,% od ukupno,Oba spola,37,1.53
1971,% od ukupno,Oba spola,38,1.47
1971,% od ukupno,Oba spola,39,1.35
1971,% od ukupno,Oba spola,40,1.42
1971,% od ukupno,Oba spola,41,1.37
1971,% od ukupno,Oba spola,42,1.38
1971,% od ukupno,Oba spola,43,1.20
1971,% od ukupno,Oba spola,44,1.11
1971,% od ukupno,Oba spola,45,1.03
1971,% od ukupno,Oba spola,46,0.93
1971,% od ukupno,Oba spola,47,0.87
1971,% od ukupno,Oba spola,48,0.87
1971,% od ukupno,Oba spola,49,0.74
1971,% od ukupno,Oba spola,50,0.84
1971,% od ukupno,Oba spola,51,0.74
1971,% od ukupno,Oba spola,52,0.43
1971,% od ukupno,Oba spola,53,0.37
1971,% od ukupno,Oba spola,54,0.34
1971,% od ukupno,Oba spola,55,0.45
1971,% od ukupno,Oba spola,56,0.69
1971,% od ukupno,Oba spola,57,0.63
1971,% od ukupno,Oba spola,58,0.69
1971,% od ukupno,Oba spola,59,0.59
1971,% od ukupno,Oba spola,60,0.73
1971,% od ukupno,Oba spola,61,0.62
1971,% od ukupno,Oba spola,62,0.54
1971,% od ukupno,Oba spola,63,0.58
1971,% od ukupno,Oba spola,64,0.54
1971,% od ukupno,Oba spola,65,0.53
1971,% od ukupno,Oba spola,66,0.48
1971,% od ukupno,Oba spola,67,0.41
1971,% od ukupno,Oba spola,68,0.38
1971,% od ukupno,Oba spola,69,0.33
1971,% od ukupno,Oba spola,70,0.56
1971,% od ukupno,Oba spola,71,0.30
1971,% od ukupno,Oba spola,72,0.21
1971,% od ukupno,Oba spola,73,0.19
1971,% od ukupno,Oba spola,74,0.17
1971,% od ukupno,Oba spola,75,0.17
1971,% od ukupno,Oba spola,76,0.13
1971,% od ukupno,Oba spola,77,0.11
1971,% od ukupno,Oba spola,78,0.12
1971,% od ukupno,Oba spola,79,0.08
1971,% od ukupno,Oba spola,80,0.10
1971,% od ukupno,Oba spola,81,0.06
1971,% od ukupno,Oba spola,82,0.07
1971,% od ukupno,Oba spola,83,0.05
1971,% od ukupno,Oba spola,84,0.04
1971,% od ukupno,Oba spola,85,0.04
1971,% od ukupno,Oba spola,86,0.03
1971,% od ukupno,Oba spola,87,0.02
1971,% od ukupno,Oba spola,88,0.02
1971,% od ukupno,Oba spola,89,0.02
1971,% od ukupno,Oba spola,90,0.02
1971,% od ukupno,Oba spola,91,0.01
1971,% od ukupno,Oba spola,92,0.01
1971,% od ukupno,Oba spola,93,0.01
1971,% od ukupno,Oba spola,94,0.01
1971,% od ukupno,Oba spola,95,0.01
1971,% od ukupno,Oba spola,96,0.00
1971,% od ukupno,Oba spola,97,0.00
1971,% od ukupno,Oba spola,98,0.00
1971,% od ukupno,Oba spola,99,0.00
1971,% od ukupno,Oba spola,100,0.00
1971,% od ukupno,Oba spola,101,0.00
1971,% od ukupno,Oba spola,102,0.00
1971,% od ukupno,Oba spola,103,0.00
1971,% od ukupno,Oba spola,104,0.00
1971,% od ukupno,Oba spola,105,0.00
1971,% od ukupno,Oba spola,106,0.00
1971,% od ukupno,Oba spola,107,0.00
1971,% od ukupno,Oba spola,108,0.00
1971,% od ukupno,Oba spola,109,0.00
1971,% od ukupno,Oba spola,110,0.00
1971,% od ukupno,Oba spola,111,0.00
1971,% od ukupno,Oba spola,112,0.00
1971,% od ukupno,Oba spola,113,0.00
1971,% od ukupno,Oba spola,114,0.00
1971,% od ukupno,Oba spola,115,0.00
1971,% od ukupno,Oba spola,116,0.00
1971,% od ukupno,Oba spola,117,0.00
1971,% od ukupno,Oba spola,118,0.00
1971,% od ukupno,Oba spola,119,0.00
1971,% od ukupno,Oba spola,120,0.00
1971,% od ukupno,Oba spola,Unknown,0.38
1971,% od ukupno,Oba spola,Total,100.00
1981,% od ukupno,Oba spola,0,1.82
1981,% od ukupno,Oba spola,1,1.78
1981,% od ukupno,Oba spola,2,1.71
1981,% od ukupno,Oba spola,3,1.74
1981,% od ukupno,Oba spola,4,1.80
1981,% od ukupno,Oba spola,5,1.83
1981,% od ukupno,Oba spola,6,1.81
1981,% od ukupno,Oba spola,7,1.79
1981,% od ukupno,Oba spola,8,1.83
1981,% od ukupno,Oba spola,9,1.86
1981,% od ukupno,Oba spola,10,1.78
1981,% od ukupno,Oba spola,11,1.84
1981,% od ukupno,Oba spola,12,1.89
1981,% od ukupno,Oba spola,13,1.96
1981,% od ukupno,Oba spola,14,2.05
1981,% od ukupno,Oba spola,15,2.09
1981,% od ukupno,Oba spola,16,2.08
1981,% od ukupno,Oba spola,17,2.11
1981,% od ukupno,Oba spola,18,2.11
1981,% od ukupno,Oba spola,19,2.12
1981,% od ukupno,Oba spola,20,2.13
1981,% od ukupno,Oba spola,21,1.99
1981,% od ukupno,Oba spola,22,2.01
1981,% od ukupno,Oba spola,23,1.84
1981,% od ukupno,Oba spola,24,1.84
1981,% od ukupno,Oba spola,25,1.80
1981,% od ukupno,Oba spola,26,1.90
1981,% od ukupno,Oba spola,27,1.71
1981,% od ukupno,Oba spola,28,1.86
1981,% od ukupno,Oba spola,29,1.41
1981,% od ukupno,Oba spola,30,1.58
1981,% od ukupno,Oba spola,31,1.54
1981,% od ukupno,Oba spola,32,1.39
1981,% od ukupno,Oba spola,33,1.28
1981,% od ukupno,Oba spola,34,1.35
1981,% od ukupno,Oba spola,35,1.00
1981,% od ukupno,Oba spola,36,0.98
1981,% od ukupno,Oba spola,37,1.00
1981,% od ukupno,Oba spola,38,1.06
1981,% od ukupno,Oba spola,39,1.21
1981,% od ukupno,Oba spola,40,1.32
1981,% od ukupno,Oba spola,41,1.38
1981,% od ukupno,Oba spola,42,1.32
1981,% od ukupno,Oba spola,43,1.38
1981,% od ukupno,Oba spola,44,1.39
1981,% od ukupno,Oba spola,45,1.38
1981,% od ukupno,Oba spola,46,1.36
1981,% od ukupno,Oba spola,47,1.32
1981,% od ukupno,Oba spola,48,1.27
1981,% od ukupno,Oba spola,49,1.16
1981,% od ukupno,Oba spola,50,1.23
1981,% od ukupno,Oba spola,51,1.18
1981,% od ukupno,Oba spola,52,1.19
1981,% od ukupno,Oba spola,53,1.04
1981,% od ukupno,Oba spola,54,0.94
1981,% od ukupno,Oba spola,55,0.88
1981,% od ukupno,Oba spola,56,0.79
1981,% od ukupno,Oba spola,57,0.73
1981,% od ukupno,Oba spola,58,0.73
1981,% od ukupno,Oba spola,59,0.61
1981,% od ukupno,Oba spola,60,0.70
1981,% od ukupno,Oba spola,61,0.60
1981,% od ukupno,Oba spola,62,0.34
1981,% od ukupno,Oba spola,63,0.29
1981,% od ukupno,Oba spola,64,0.26
1981,% od ukupno,Oba spola,65,0.34
1981,% od ukupno,Oba spola,66,0.52
1981,% od ukupno,Oba spola,67,0.47
1981,% od ukupno,Oba spola,68,0.50
1981,% od ukupno,Oba spola,69,0.41
1981,% od ukupno,Oba spola,70,0.49
1981,% od ukupno,Oba spola,71,0.39
1981,% od ukupno,Oba spola,72,0.33
1981,% od ukupno,Oba spola,73,0.35
1981,% od ukupno,Oba spola,74,0.32
1981,% od ukupno,Oba spola,75,0.30
1981,% od ukupno,Oba spola,76,0.25
1981,% od ukupno,Oba spola,77,0.21
1981,% od ukupno,Oba spola,78,0.18
1981,% od ukupno,Oba spola,79,0.14
1981,% od ukupno,Oba spola,80,0.31
1981,% od ukupno,Oba spola,81,0.11
1981,% od ukupno,Oba spola,82,0.08
1981,% od ukupno,Oba spola,83,0.06
1981,% od ukupno,Oba spola,84,0.05
1981,% od ukupno,Oba spola,85,0.05
1981,% od ukupno,Oba spola,86,0.04
1981,% od ukupno,Oba spola,87,0.03
1981,% od ukupno,Oba spola,88,0.04
1981,% od ukupno,Oba spola,89,0.02
1981,% od ukupno,Oba spola,90,0.02
1981,% od ukupno,Oba spola,91,0.01
1981,% od ukupno,Oba spola,92,0.01
1981,% od ukupno,Oba spola,93,0.01
1981,% od ukupno,Oba spola,94,0.01
1981,% od ukupno,Oba spola,95,0.01
1981,% od ukupno,Oba spola,96,0.01
1981,% od ukupno,Oba spola,97,0.00
1981,% od ukupno,Oba spola,98,0.00
1981,% od ukupno,Oba spola,99,0.00
1981,% od ukupno,Oba spola,100,0.00
1981,% od ukupno,Oba spola,101,0.00
1981,% od ukupno,Oba spola,102,0.00
1981,% od ukupno,Oba spola,103,0.00
1981,% od ukupno,Oba spola,104,0.00
1981,% od ukupno,Oba spola,105,0.00
1981,% od ukupno,Oba spola,106,0.00
1981,% od ukupno,Oba spola,107,0.00
1981,% od ukupno,Oba spola,108,0.00
1981,% od ukupno,Oba spola,109,0.00
1981,% od ukupno,Oba spola,110,0.00
1981,% od ukupno,Oba spola,111,0.00
1981,% od ukupno,Oba spola,112,0.00
1981,% od ukupno,Oba spola,113,0.00
1981,% od ukupno,Oba spola,114,0.00
1981,% od ukupno,Oba spola,115,0.00
1981,% od ukupno,Oba spola,116,0.00
1981,% od ukupno,Oba spola,117,0.00
1981,% od ukupno,Oba spola,118,0.00
1981,% od ukupno,Oba spola,119,0.00
1981,% od ukupno,Oba spola,120,0.00
1981,% od ukupno,Oba spola,Unknown,0.24
1981,% od ukupno,Oba spola,Total,100.00
1991,% od ukupno,Oba spola,0,1.48
1991,% od ukupno,Oba spola,1,1.50
1991,% od ukupno,Oba spola,2,1.51
1991,% od ukupno,Oba spola,3,1.56
1991,% od ukupno,Oba spola,4,1.54
1991,% od ukupno,Oba spola,5,1.57
1991,% od ukupno,Oba spola,6,1.59
1991,% od ukupno,Oba spola,7,1.59
1991,% od ukupno,Oba spola,8,1.60
1991,% od ukupno,Oba spola,9,1.59
1991,% od ukupno,Oba spola,10,1.59
1991,% od ukupno,Oba spola,11,1.59
1991,% od ukupno,Oba spola,12,1.56
1991,% od ukupno,Oba spola,13,1.59
1991,% od ukupno,Oba spola,14,1.62
1991,% od ukupno,Oba spola,15,1.64
1991,% od ukupno,Oba spola,16,1.63
1991,% od ukupno,Oba spola,17,1.62
1991,% od ukupno,Oba spola,18,1.66
1991,% od ukupno,Oba spola,19,1.68
1991,% od ukupno,Oba spola,20,1.57
1991,% od ukupno,Oba spola,21,1.62
1991,% od ukupno,Oba spola,22,1.62
1991,% od ukupno,Oba spola,23,1.68
1991,% od ukupno,Oba spola,24,1.72
1991,% od ukupno,Oba spola,25,1.72
1991,% od ukupno,Oba spola,26,1.68
1991,% od ukupno,Oba spola,27,1.68
1991,% od ukupno,Oba spola,28,1.69
1991,% od ukupno,Oba spola,29,1.73
1991,% od ukupno,Oba spola,30,1.73
1991,% od ukupno,Oba spola,31,1.66
1991,% od ukupno,Oba spola,32,1.71
1991,% od ukupno,Oba spola,33,1.58
1991,% od ukupno,Oba spola,34,1.59
1991,% od ukupno,Oba spola,35,1.57
1991,% od ukupno,Oba spola,36,1.67
1991,% od ukupno,Oba spola,37,1.49
1991,% od ukupno,Oba spola,38,1.65
1991,% od ukupno,Oba spola,39,1.26
1991,% od ukupno,Oba spola,40,1.39
1991,% od ukupno,Oba spola,41,1.37
1991,% od ukupno,Oba spola,42,1.22
1991,% od ukupno,Oba spola,43,1.13
1991,% od ukupno,Oba spola,44,1.20
1991,% od ukupno,Oba spola,45,0.87
1991,% od ukupno,Oba spola,46,0.86
1991,% od ukupno,Oba spola,47,0.88
1991,% od ukupno,Oba spola,48,0.92
1991,% od ukupno,Oba spola,49,1.06
1991,% od ukupno,Oba spola,50,1.16
1991,% od ukupno,Oba spola,51,1.20
1991,% od ukupno,Oba spola,52,1.14
1991,% od ukupno,Oba spola,53,1.20
1991,% od ukupno,Oba spola,54,1.18
1991,% od ukupno,Oba spola,55,1.18
1991,% od ukupno,Oba spola,56,1.16
1991,% od ukupno,Oba spola,57,1.12
1991,% od ukupno,Oba spola,58,1.05
1991,% od ukupno,Oba spola,59,1.00
1991,% od ukupno,Oba spola,60,1.03
1991,% od ukupno,Oba spola,61,0.97
1991,% od ukupno,Oba spola,62,0.94
1991,% od ukupno,Oba spola,63,0.84
1991,% od ukupno,Oba spola,64,0.76
1991,% od ukupno,Oba spola,65,0.68
1991,% od ukupno,Oba spola,66,0.61
1991,% od ukupno,Oba spola,67,0.56
1991,% od ukupno,Oba spola,68,0.53
1991,% od ukupno,Oba spola,69,0.46
1991,% od ukupno,Oba spola,70,0.47
1991,% od ukupno,Oba spola,71,0.41
1991,% od ukupno,Oba spola,72,0.21
1991,% od ukupno,Oba spola,73,0.18
1991,% od ukupno,Oba spola,74,0.16
1991,% od ukupno,Oba spola,75,0.19
1991,% od ukupno,Oba spola,76,0.29
1991,% od ukupno,Oba spola,77,0.24
1991,% od ukupno,Oba spola,78,0.24
1991,% od ukupno,Oba spola,79,0.20
1991,% od ukupno,Oba spola,80,0.20
1991,% od ukupno,Oba spola,81,0.16
1991,% od ukupno,Oba spola,82,0.12
1991,% od ukupno,Oba spola,83,0.12
1991,% od ukupno,Oba spola,84,0.10
1991,% od ukupno,Oba spola,85,0.08
1991,% od ukupno,Oba spola,86,0.07
1991,% od ukupno,Oba spola,87,0.05
1991,% od ukupno,Oba spola,88,0.04
1991,% od ukupno,Oba spola,89,0.03
1991,% od ukupno,Oba spola,90,0.03
1991,% od ukupno,Oba spola,91,0.02
1991,% od ukupno,Oba spola,92,0.01
1991,% od ukupno,Oba spola,93,0.01
1991,% od ukupno,Oba spola,94,0.00
1991,% od ukupno,Oba spola,95,0.00
1991,% od ukupno,Oba spola,96,0.00
1991,% od ukupno,Oba spola,97,0.00
1991,% od ukupno,Oba spola,98,0.00
1991,% od ukupno,Oba spola,99,0.00
1991,% od ukupno,Oba spola,100,0.00
1991,% od ukupno,Oba spola,101,0.00
1991,% od ukupno,Oba spola,102,0.00
1991,% od ukupno,Oba spola,103,0.00
1991,% od ukupno,Oba spola,104,0.00
1991,% od ukupno,Oba spola,105,0.00
1991,% od ukupno,Oba spola,106,0.00
1991,% od ukupno,Oba spola,107,0.00
1991,% od ukupno,Oba spola,108,0.00
1991,% od ukupno,Oba spola,109,0.00
1991,% od ukupno,Oba spola,110,0.00
1991,% od ukupno,Oba spola,111,0.00
1991,% od ukupno,Oba spola,112,0.00
1991,% od ukupno,Oba spola,113,0.00
1991,% od ukupno,Oba spola,114,0.00
1991,% od ukupno,Oba spola,115,0.00
1991,% od ukupno,Oba spola,116,0.00
1991,% od ukupno,Oba spola,117,0.00
1991,% od ukupno,Oba spola,118,0.00
1991,% od ukupno,Oba spola,119,0.00
1991,% od ukupno,Oba spola,120,0.00
1991,% od ukupno,Oba spola,Unknown,2.34
1991,% od ukupno,Oba spola,Total,100.00
2013,% od ukupno,Oba spola,0,0.93
2013,% od ukupno,Oba spola,1,0.97
2013,% od ukupno,Oba spola,2,0.97
2013,% od ukupno,Oba spola,3,1.02
2013,% od ukupno,Oba spola,4,1.03
2013,% od ukupno,Oba spola,5,1.02
2013,% od ukupno,Oba spola,6,0.99
2013,% od ukupno,Oba spola,7,0.99
2013,% od ukupno,Oba spola,8,1.00
2013,% od ukupno,Oba spola,9,1.01
2013,% od ukupno,Oba spola,10,1.03
2013,% od ukupno,Oba spola,11,1.04
2013,% od ukupno,Oba spola,12,1.09
2013,% od ukupno,Oba spola,13,1.12
2013,% od ukupno,Oba spola,14,1.17
2013,% od ukupno,Oba spola,15,1.29
2013,% od ukupno,Oba spola,16,1.47
2013,% od ukupno,Oba spola,17,1.46
2013,% od ukupno,Oba spola,18,1.42
2013,% od ukupno,Oba spola,19,1.23
2013,% od ukupno,Oba spola,20,1.10
2013,% od ukupno,Oba spola,21,1.26
2013,% od ukupno,Oba spola,22,1.37
2013,% od ukupno,Oba spola,23,1.36
2013,% od ukupno,Oba spola,24,1.37
2013,% od ukupno,Oba spola,25,1.42
2013,% od ukupno,Oba spola,26,1.41
2013,% od ukupno,Oba spola,27,1.41
2013,% od ukupno,Oba spola,28,1.43
2013,% od ukupno,Oba spola,29,1.48
2013,% od ukupno,Oba spola,30,1.44
2013,% od ukupno,Oba spola,31,1.44
2013,% od ukupno,Oba spola,32,1.44
2013,% od ukupno,Oba spola,33,1.43
2013,% od ukupno,Oba spola,34,1.41
2013,% od ukupno,Oba spola,35,1.41
2013,% od ukupno,Oba spola,36,1.41
2013,% od ukupno,Oba spola,37,1.45
2013,% od ukupno,Oba spola,38,1.40
2013,% od ukupno,Oba spola,39,1.38
2013,% od ukupno,Oba spola,40,1.37
2013,% od ukupno,Oba spola,41,1.41
2013,% od ukupno,Oba spola,42,1.36
2013,% od ukupno,Oba spola,43,1.30
2013,% od ukupno,Oba spola,44,1.39
2013,% od ukupno,Oba spola,45,1.41
2013,% od ukupno,Oba spola,46,1.46
2013,% od ukupno,Oba spola,47,1.49
2013,% od ukupno,Oba spola,48,1.52
2013,% od ukupno,Oba spola,49,1.50
2013,% od ukupno,Oba spola,50,1.52
2013,% od ukupno,Oba spola,51,1.59
2013,% od ukupno,Oba spola,52,1.57
2013,% od ukupno,Oba spola,53,1.56
2013,% od ukupno,Oba spola,54,1.59
2013,% od ukupno,Oba spola,55,1.49
2013,% od ukupno,Oba spola,56,1.43
2013,% od ukupno,Oba spola,57,1.47
2013,% od ukupno,Oba spola,58,1.49
2013,% od ukupno,Oba spola,59,1.44
2013,% od ukupno,Oba spola,60,1.44
2013,% od ukupno,Oba spola,61,1.32
2013,% od ukupno,Oba spola,62,1.20
2013,% od ukupno,Oba spola,63,1.21
2013,% od ukupno,Oba spola,64,1.16
2013,% od ukupno,Oba spola,65,1.01
2013,% od ukupno,Oba spola,66,1.07
2013,% od ukupno,Oba spola,67,0.83
2013,% od ukupno,Oba spola,68,0.73
2013,% od ukupno,Oba spola,69,0.71
2013,% od ukupno,Oba spola,70,0.71
2013,% od ukupno,Oba spola,71,0.76
2013,% od ukupno,Oba spola,72,0.83
2013,% od ukupno,Oba spola,73,0.87
2013,% od ukupno,Oba spola,74,0.80
2013,% od ukupno,Oba spola,75,0.77
2013,% od ukupno,Oba spola,76,0.72
2013,% od ukupno,Oba spola,77,0.68
2013,% od ukupno,Oba spola,78,0.60
2013,% od ukupno,Oba spola,79,0.55
2013,% od ukupno,Oba spola,80,0.46
2013,% od ukupno,Oba spola,81,0.42
2013,% od ukupno,Oba spola,82,0.34
2013,% od ukupno,Oba spola,83,0.31
2013,% od ukupno,Oba spola,84,0.24
2013,% od ukupno,Oba spola,85,0.22
2013,% od ukupno,Oba spola,86,0.15
2013,% od ukupno,Oba spola,87,0.12
2013,% od ukupno,Oba spola,88,0.09
2013,% od ukupno,Oba spola,89,0.07
2013,% od ukupno,Oba spola,90,0.05
2013,% od ukupno,Oba spola,91,0.03
2013,% od ukupno,Oba spola,92,0.02
2013,% od ukupno,Oba spola,93,0.02
2013,% od ukupno,Oba spola,94,0.01
2013,% od ukupno,Oba spola,95,0.00
2013,% od ukupno,Oba spola,96,0.00
2013,% od ukupno,Oba spola,97,0.00
2013,% od ukupno,Oba spola,98,0.00
2013,% od ukupno,Oba spola,99,0.00
2013,% od ukupno,Oba spola,100,0.00
2013,% od ukupno,Oba spola,101,0.00
2013,% od ukupno,Oba spola,102,0.00
2013,% od ukupno,Oba spola,103,0.00
2013,% od ukupno,Oba spola,104,0.00
2013,% od ukupno,Oba spola,105,0.00
2013,% od ukupno,Oba spola,106,0.00
2013,% od ukupno,Oba spola,107,0.00
2013,% od ukupno,Oba spola,108,0.00
2013,% od ukupno,Oba spola,109,0.00
2013,% od ukupno,Oba spola,110,0.00
2013,% od ukupno,Oba spola,111,0.00
2013,% od ukupno,Oba spola,112,0.00
2013,% od ukupno,Oba spola,113,0.00
2013,% od ukupno,Oba spola,114,0.00
2013,% od ukupno,Oba spola,115,0.00
2013,% od ukupno,Oba spola,116,0.00
2013,% od ukupno,Oba spola,117,0.00
2013,% od ukupno,Oba spola,118,0.00
2013,% od ukupno,Oba spola,119,0.00
2013,% od ukupno,Oba spola,120,0.00
2013,% od ukupno,Oba spola,Unknown,0.00
2013,% od ukupno,Oba spola,Total,100.00
1971,% od ukupno,M,0,1.06
1971,% od ukupno,M,1,1.07
1971,% od ukupno,M,2,1.08
1971,% od ukupno,M,3,1.13
1971,% od ukupno,M,4,1.18
1971,% od ukupno,M,5,1.20
1971,% od ukupno,M,6,1.19
1971,% od ukupno,M,7,1.21
1971,% od ukupno,M,8,1.20
1971,% od ukupno,M,9,1.22
1971,% od ukupno,M,10,1.25
1971,% od ukupno,M,11,1.20
1971,% od ukupno,M,12,1.24
1971,% od ukupno,M,13,1.16
1971,% od ukupno,M,14,1.17
1971,% od ukupno,M,15,1.17
1971,% od ukupno,M,16,1.23
1971,% od ukupno,M,17,1.11
1971,% od ukupno,M,18,1.17
1971,% od ukupno,M,19,0.92
1971,% od ukupno,M,20,1.01
1971,% od ukupno,M,21,0.94
1971,% od ukupno,M,22,0.83
1971,% od ukupno,M,23,0.77
1971,% od ukupno,M,24,0.78
1971,% od ukupno,M,25,0.57
1971,% od ukupno,M,26,0.55
1971,% od ukupno,M,27,0.55
1971,% od ukupno,M,28,0.58
1971,% od ukupno,M,29,0.67
1971,% od ukupno,M,30,0.73
1971,% od ukupno,M,31,0.75
1971,% od ukupno,M,32,0.73
1971,% od ukupno,M,33,0.78
1971,% od ukupno,M,34,0.77
1971,% od ukupno,M,35,0.78
1971,% od ukupno,M,36,0.77
1971,% od ukupno,M,37,0.75
1971,% od ukupno,M,38,0.72
1971,% od ukupno,M,39,0.69
1971,% od ukupno,M,40,0.72
1971,% od ukupno,M,41,0.69
1971,% od ukupno,M,42,0.69
1971,% od ukupno,M,43,0.58
1971,% od ukupno,M,44,0.50
1971,% od ukupno,M,45,0.44
1971,% od ukupno,M,46,0.40
1971,% od ukupno,M,47,0.37
1971,% od ukupno,M,48,0.35
1971,% od ukupno,M,49,0.31
1971,% od ukupno,M,50,0.33
1971,% od ukupno,M,51,0.32
1971,% od ukupno,M,52,0.16
1971,% od ukupno,M,53,0.14
1971,% od ukupno,M,54,0.14
1971,% od ukupno,M,55,0.18
1971,% od ukupno,M,56,0.28
1971,% od ukupno,M,57,0.28
1971,% od ukupno,M,58,0.29
1971,% od ukupno,M,59,0.26
1971,% od ukupno,M,60,0.31
1971,% od ukupno,M,61,0.30
1971,% od ukupno,M,62,0.26
1971,% od ukupno,M,63,0.28
1971,% od ukupno,M,64,0.27
1971,% od ukupno,M,65,0.24
1971,% od ukupno,M,66,0.23
1971,% od ukupno,M,67,0.20
1971,% od ukupno,M,68,0.19
1971,% od ukupno,M,69,0.15
1971,% od ukupno,M,70,0.22
1971,% od ukupno,M,71,0.14
1971,% od ukupno,M,72,0.10
1971,% od ukupno,M,73,0.09
1971,% od ukupno,M,74,0.07
1971,% od ukupno,M,75,0.07
1971,% od ukupno,M,76,0.06
1971,% od ukupno,M,77,0.05
1971,% od ukupno,M,78,0.05
1971,% od ukupno,M,79,0.03
1971,% od ukupno,M,80,0.03
1971,% od ukupno,M,81,0.02
1971,% od ukupno,M,82,0.03
1971,% od ukupno,M,83,0.02
1971,% od ukupno,M,84,0.01
1971,% od ukupno,M,85,0.01
1971,% od ukupno,M,86,0.01
1971,% od ukupno,M,87,0.01
1971,% od ukupno,M,88,0.01
1971,% od ukupno,M,89,0.01
1971,% od ukupno,M,90,0.01
1971,% od ukupno,M,91,0.00
1971,% od ukupno,M,92,0.00
1971,% od ukupno,M,93,0.00
1971,% od ukupno,M,94,0.00
1971,% od ukupno,M,95,0.00
1971,% od ukupno,M,96,0.00
1971,% od ukupno,M,97,0.00
1971,% od ukupno,M,98,0.00
1971,% od ukupno,M,99,0.00
1971,% od ukupno,M,100,0.00
1971,% od ukupno,M,101,0.00
1971,% od ukupno,M,102,0.00
1971,% od ukupno,M,103,0.00
1971,% od ukupno,M,104,0.00
1971,% od ukupno,M,105,0.00
1971,% od ukupno,M,106,0.00
1971,% od ukupno,M,107,0.00
1971,% od ukupno,M,108,0.00
1971,% od ukupno,M,109,0.00
1971,% od ukupno,M,110,0.00
1971,% od ukupno,M,111,0.00
1971,% od ukupno,M,112,0.00
1971,% od ukupno,M,113,0.00
1971,% od ukupno,M,114,0.00
1971,% od ukupno,M,115,0.00
1971,% od ukupno,M,116,0.00
1971,% od ukupno,M,117,0.00
1971,% od ukupno,M,118,0.00
1971,% od ukupno,M,119,0.00
1971,% od ukupno,M,120,0.00
1971,% od ukupno,M,Unknown,0.19
1971,% od ukupno,M,Total,48.97
1981,% od ukupno,M,0,0.93
1981,% od ukupno,M,1,0.91
1981,% od ukupno,M,2,0.88
1981,% od ukupno,M,3,0.89
1981,% od ukupno,M,4,0.92
1981,% od ukupno,M,5,0.94
1981,% od ukupno,M,6,0.92
1981,% od ukupno,M,7,0.91
1981,% od ukupno,M,8,0.94
1981,% od ukupno,M,9,0.95
1981,% od ukupno,M,10,0.91
1981,% od ukupno,M,11,0.95
1981,% od ukupno,M,12,0.97
1981,% od ukupno,M,13,1.01
1981,% od ukupno,M,14,1.05
1981,% od ukupno,M,15,1.07
1981,% od ukupno,M,16,1.06
1981,% od ukupno,M,17,1.08
1981,% od ukupno,M,18,1.08
1981,% od ukupno,M,19,1.10
1981,% od ukupno,M,20,1.11
1981,% od ukupno,M,21,1.04
1981,% od ukupno,M,22,1.05
1981,% od ukupno,M,23,0.96
1981,% od ukupno,M,24,0.96
1981,% od ukupno,M,25,0.94
1981,% od ukupno,M,26,0.98
1981,% od ukupno,M,27,0.88
1981,% od ukupno,M,28,0.95
1981,% od ukupno,M,29,0.73
1981,% od ukupno,M,30,0.81
1981,% od ukupno,M,31,0.79
1981,% od ukupno,M,32,0.70
1981,% od ukupno,M,33,0.65
1981,% od ukupno,M,34,0.69
1981,% od ukupno,M,35,0.50
1981,% od ukupno,M,36,0.49
1981,% od ukupno,M,37,0.49
1981,% od ukupno,M,38,0.52
1981,% od ukupno,M,39,0.60
1981,% od ukupno,M,40,0.66
1981,% od ukupno,M,41,0.68
1981,% od ukupno,M,42,0.65
1981,% od ukupno,M,43,0.69
1981,% od ukupno,M,44,0.69
1981,% od ukupno,M,45,0.69
1981,% od ukupno,M,46,0.68
1981,% od ukupno,M,47,0.65
1981,% od ukupno,M,48,0.62
1981,% od ukupno,M,49,0.60
1981,% od ukupno,M,50,0.62
1981,% od ukupno,M,51,0.59
1981,% od ukupno,M,52,0.59
1981,% od ukupno,M,53,0.50
1981,% od ukupno,M,54,0.42
1981,% od ukupno,M,55,0.37
1981,% od ukupno,M,56,0.33
1981,% od ukupno,M,57,0.31
1981,% od ukupno,M,58,0.28
1981,% od ukupno,M,59,0.25
1981,% od ukupno,M,60,0.27
1981,% od ukupno,M,61,0.25
1981,% od ukupno,M,62,0.12
1981,% od ukupno,M,63,0.11
1981,% od ukupno,M,64,0.11
1981,% od ukupno,M,65,0.14
1981,% od ukupno,M,66,0.21
1981,% od ukupno,M,67,0.20
1981,% od ukupno,M,68,0.20
1981,% od ukupno,M,69,0.18
1981,% od ukupno,M,70,0.20
1981,% od ukupno,M,71,0.19
1981,% od ukupno,M,72,0.15
1981,% od ukupno,M,73,0.16
1981,% od ukupno,M,74,0.15
1981,% od ukupno,M,75,0.13
1981,% od ukupno,M,76,0.11
1981,% od ukupno,M,77,0.09
1981,% od ukupno,M,78,0.08
1981,% od ukupno,M,79,0.06
1981,% od ukupno,M,80,0.12
1981,% od ukupno,M,81,0.05
1981,% od ukupno,M,82,0.03
1981,% od ukupno,M,83,0.03
1981,% od ukupno,M,84,0.02
1981,% od ukupno,M,85,0.02
1981,% od ukupno,M,86,0.01
1981,% od ukupno,M,87,0.01
1981,% od ukupno,M,88,0.01
1981,% od ukupno,M,89,0.01
1981,% od ukupno,M,90,0.01
1981,% od ukupno,M,91,0.00
1981,% od ukupno,M,92,0.00
1981,% od ukupno,M,93,0.00
1981,% od ukupno,M,94,0.00
1981,% od ukupno,M,95,0.00
1981,% od ukupno,M,96,0.00
1981,% od ukupno,M,97,0.00
1981,% od ukupno,M,98,0.00
1981,% od ukupno,M,99,0.00
1981,% od ukupno,M,100,0.00
1981,% od ukupno,M,101,0.00
1981,% od ukupno,M,102,0.00
1981,% od ukupno,M,103,0.00
1981,% od ukupno,M,104,0.00
1981,% od ukupno,M,105,0.00
1981,% od ukupno,M,106,0.00
1981,% od ukupno,M,107,0.00
1981,% od ukupno,M,108,0.00
1981,% od ukupno,M,109,0.00
1981,% od ukupno,M,110,0.00
1981,% od ukupno,M,111,0.00
1981,% od ukupno,M,112,0.00
1981,% od ukupno,M,113,0.00
1981,% od ukupno,M,114,0.00
1981,% od ukupno,M,115,0.00
1981,% od ukupno,M,116,0.00
1981,% od ukupno,M,117,0.00
1981,% od ukupno,M,118,0.00
1981,% od ukupno,M,119,0.00
1981,% od ukupno,M,120,0.00
1981,% od ukupno,M,Unknown,0.12
1981,% od ukupno,M,Total,49.73
1991,% od ukupno,M,0,0.76
1991,% od ukupno,M,1,0.77
1991,% od ukupno,M,2,0.77
1991,% od ukupno,M,3,0.80
1991,% od ukupno,M,4,0.79
1991,% od ukupno,M,5,0.80
1991,% od ukupno,M,6,0.81
1991,% od ukupno,M,7,0.81
1991,% od ukupno,M,8,0.82
1991,% od ukupno,M,9,0.81
1991,% od ukupno,M,10,0.81
1991,% od ukupno,M,11,0.81
1991,% od ukupno,M,12,0.80
1991,% od ukupno,M,13,0.82
1991,% od ukupno,M,14,0.83
1991,% od ukupno,M,15,0.84
1991,% od ukupno,M,16,0.83
1991,% od ukupno,M,17,0.83
1991,% od ukupno,M,18,0.86
1991,% od ukupno,M,19,0.87
1991,% od ukupno,M,20,0.82
1991,% od ukupno,M,21,0.85
1991,% od ukupno,M,22,0.85
1991,% od ukupno,M,23,0.88
1991,% od ukupno,M,24,0.90
1991,% od ukupno,M,25,0.91
1991,% od ukupno,M,26,0.87
1991,% od ukupno,M,27,0.88
1991,% od ukupno,M,28,0.88
1991,% od ukupno,M,29,0.90
1991,% od ukupno,M,30,0.89
1991,% od ukupno,M,31,0.86
1991,% od ukupno,M,32,0.88
1991,% od ukupno,M,33,0.82
1991,% od ukupno,M,34,0.82
1991,% od ukupno,M,35,0.81
1991,% od ukupno,M,36,0.86
1991,% od ukupno,M,37,0.77
1991,% od ukupno,M,38,0.84
1991,% od ukupno,M,39,0.65
1991,% od ukupno,M,40,0.71
1991,% od ukupno,M,41,0.70
1991,% od ukupno,M,42,0.61
1991,% od ukupno,M,43,0.56
1991,% od ukupno,M,44,0.60
1991,% od ukupno,M,45,0.43
1991,% od ukupno,M,46,0.42
1991,% od ukupno,M,47,0.43
1991,% od ukupno,M,48,0.45
1991,% od ukupno,M,49,0.52
1991,% od ukupno,M,50,0.57
1991,% od ukupno,M,51,0.59
1991,% od ukupno,M,52,0.55
1991,% od ukupno,M,53,0.58
1991,% od ukupno,M,54,0.57
1991,% od ukupno,M,55,0.57
1991,% od ukupno,M,56,0.56
1991,% od ukupno,M,57,0.54
1991,% od ukupno,M,58,0.51
1991,% od ukupno,M,59,0.49
1991,% od ukupno,M,60,0.50
1991,% od ukupno,M,61,0.47
1991,% od ukupno,M,62,0.45
1991,% od ukupno,M,63,0.38
1991,% od ukupno,M,64,0.32
1991,% od ukupno,M,65,0.27
1991,% od ukupno,M,66,0.24
1991,% od ukupno,M,67,0.22
1991,% od ukupno,M,68,0.19
1991,% od ukupno,M,69,0.17
1991,% od ukupno,M,70,0.17
1991,% od ukupno,M,71,0.16
1991,% od ukupno,M,72,0.08
1991,% od ukupno,M,73,0.06
1991,% od ukupno,M,74,0.06
1991,% od ukupno,M,75,0.07
1991,% od ukupno,M,76,0.11
1991,% od ukupno,M,77,0.09
1991,% od ukupno,M,78,0.09
1991,% od ukupno,M,79,0.08
1991,% od ukupno,M,80,0.08
1991,% od ukupno,M,81,0.07
1991,% od ukupno,M,82,0.05
1991,% od ukupno,M,83,0.05
1991,% od ukupno,M,84,0.04
1991,% od ukupno,M,85,0.03
1991,% od ukupno,M,86,0.03
1991,% od ukupno,M,87,0.02
1991,% od ukupno,M,88,0.02
1991,% od ukupno,M,89,0.01
1991,% od ukupno,M,90,0.01
1991,% od ukupno,M,91,0.01
1991,% od ukupno,M,92,0.00
1991,% od ukupno,M,93,0.00
1991,% od ukupno,M,94,0.00
1991,% od ukupno,M,95,0.00
1991,% od ukupno,M,96,0.00
1991,% od ukupno,M,97,0.00
1991,% od ukupno,M,98,0.00
1991,% od ukupno,M,99,0.00
1991,% od ukupno,M,100,0.00
1991,% od ukupno,M,101,0.00
1991,% od ukupno,M,102,0.00
1991,% od ukupno,M,103,0.00
1991,% od ukupno,M,104,0.00
1991,% od ukupno,M,105,0.00
1991,% od ukupno,M,106,0.00
1991,% od ukupno,M,107,0.00
1991,% od ukupno,M,108,0.00
1991,% od ukupno,M,109,0.00
1991,% od ukupno,M,110,0.00
1991,% od ukupno,M,111,0.00
1991,% od ukupno,M,112,0.00
1991,% od ukupno,M,113,0.00
1991,% od ukupno,M,114,0.00
1991,% od ukupno,M,115,0.00
1991,% od ukupno,M,116,0.00
1991,% od ukupno,M,117,0.00
1991,% od ukupno,M,118,0.00
1991,% od ukupno,M,119,0.00
1991,% od ukupno,M,120,0.00
1991,% od ukupno,M,Unknown,1.11
1991,% od ukupno,M,Total,49.89
2013,% od ukupno,M,0,0.48
2013,% od ukupno,M,1,0.50
2013,% od ukupno,M,2,0.50
2013,% od ukupno,M,3,0.52
2013,% od ukupno,M,4,0.53
2013,% od ukupno,M,5,0.53
2013,% od ukupno,M,6,0.51
2013,% od ukupno,M,7,0.51
2013,% od ukupno,M,8,0.52
2013,% od ukupno,M,9,0.52
2013,% od ukupno,M,10,0.53
2013,% od ukupno,M,11,0.54
2013,% od ukupno,M,12,0.56
2013,% od ukupno,M,13,0.57
2013,% od ukupno,M,14,0.59
2013,% od ukupno,M,15,0.66
2013,% od ukupno,M,16,0.76
2013,% od ukupno,M,17,0.75
2013,% od ukupno,M,18,0.73
2013,% od ukupno,M,19,0.64
2013,% od ukupno,M,20,0.57
2013,% od ukupno,M,21,0.64
2013,% od ukupno,M,22,0.71
2013,% od ukupno,M,23,0.70
2013,% od ukupno,M,24,0.70
2013,% od ukupno,M,25,0.73
2013,% od ukupno,M,26,0.73
2013,% od ukupno,M,27,0.72
2013,% od ukupno,M,28,0.74
2013,% od ukupno,M,29,0.75
2013,% od ukupno,M,30,0.73
2013,% od ukupno,M,31,0.74
2013,% od ukupno,M,32,0.74
2013,% od ukupno,M,33,0.72
2013,% od ukupno,M,34,0.71
2013,% od ukupno,M,35,0.72
2013,% od ukupno,M,36,0.72
2013,% od ukupno,M,37,0.74
2013,% od ukupno,M,38,0.71
2013,% od ukupno,M,39,0.70
2013,% od ukupno,M,40,0.69
2013,% od ukupno,M,41,0.71
2013,% od ukupno,M,42,0.69
2013,% od ukupno,M,43,0.66
2013,% od ukupno,M,44,0.70
2013,% od ukupno,M,45,0.70
2013,% od ukupno,M,46,0.73
2013,% od ukupno,M,47,0.74
2013,% od ukupno,M,48,0.75
2013,% od ukupno,M,49,0.75
2013,% od ukupno,M,50,0.75
2013,% od ukupno,M,51,0.78
2013,% od ukupno,M,52,0.78
2013,% od ukupno,M,53,0.76
2013,% od ukupno,M,54,0.78
2013,% od ukupno,M,55,0.72
2013,% od ukupno,M,56,0.70
2013,% od ukupno,M,57,0.72
2013,% od ukupno,M,58,0.72
2013,% od ukupno,M,59,0.70
2013,% od ukupno,M,60,0.69
2013,% od ukupno,M,61,0.62
2013,% od ukupno,M,62,0.57
2013,% od ukupno,M,63,0.56
2013,% od ukupno,M,64,0.54
2013,% od ukupno,M,65,0.46
2013,% od ukupno,M,66,0.49
2013,% od ukupno,M,67,0.37
2013,% od ukupno,M,68,0.32
2013,% od ukupno,M,69,0.32
2013,% od ukupno,M,70,0.30
2013,% od ukupno,M,71,0.33
2013,% od ukupno,M,72,0.35
2013,% od ukupno,M,73,0.37
2013,% od ukupno,M,74,0.34
2013,% od ukupno,M,75,0.32
2013,% od ukupno,M,76,0.30
2013,% od ukupno,M,77,0.27
2013,% od ukupno,M,78,0.24
2013,% od ukupno,M,79,0.22
2013,% od ukupno,M,80,0.18
2013,% od ukupno,M,81,0.16
2013,% od ukupno,M,82,0.13
2013,% od ukupno,M,83,0.12
2013,% od ukupno,M,84,0.09
2013,% od ukupno,M,85,0.08
2013,% od ukupno,M,86,0.05
2013,% od ukupno,M,87,0.04
2013,% od ukupno,M,88,0.03
2013,% od ukupno,M,89,0.02
2013,% od ukupno,M,90,0.01
2013,% od ukupno,M,91,0.01
2013,% od ukupno,M,92,0.01
2013,% od ukupno,M,93,0.00
2013,% od ukupno,M,94,0.00
2013,% od ukupno,M,95,0.00
2013,% od ukupno,M,96,0.00
2013,% od ukupno,M,97,0.00
2013,% od ukupno,M,98,0.00
2013,% od ukupno,M,99,0.00
2013,% od ukupno,M,100,0.00
2013,% od ukupno,M,101,0.00
2013,% od ukupno,M,102,0.00
2013,% od ukupno,M,103,0.00
2013,% od ukupno,M,104,0.00
2013,% od ukupno,M,105,0.00
2013,% od ukupno,M,106,0.00
2013,% od ukupno,M,107,0.00
2013,% od ukupno,M,108,0.00
2013,% od ukupno,M,109,0.00
2013,% od ukupno,M,110,0.00
2013,% od ukupno,M,111,0.00
2013,% od ukupno,M,112,0.00
2013,% od ukupno,M,113,0.00
2013,% od ukupno,M,114,0.00
2013,% od ukupno,M,115,0.00
2013,% od ukupno,M,116,0.00
2013,% od ukupno,M,117,0.00
2013,% od ukupno,M,118,0.00
2013,% od ukupno,M,119,0.00
2013,% od ukupno,M,120,0.00
2013,% od ukupno,M,Unknown,0.00
2013,% od ukupno,M,Total,49.06
1971,% od ukupno,Ž,0,1.02
1971,% od ukupno,Ž,1,1.02
1971,% od ukupno,Ž,2,1.04
1971,% od ukupno,Ž,3,1.09
1971,% od ukupno,Ž,4,1.13
1971,% od ukupno,Ž,5,1.15
1971,% od ukupno,Ž,6,1.15
1971,% od ukupno,Ž,7,1.15
1971,% od ukupno,Ž,8,1.16
1971,% od ukupno,Ž,9,1.17
1971,% od ukupno,Ž,10,1.20
1971,% od ukupno,Ž,11,1.16
1971,% od ukupno,Ž,12,1.20
1971,% od ukupno,Ž,13,1.11
1971,% od ukupno,Ž,14,1.13
1971,% od ukupno,Ž,15,1.13
1971,% od ukupno,Ž,16,1.19
1971,% od ukupno,Ž,17,1.08
1971,% od ukupno,Ž,18,1.15
1971,% od ukupno,Ž,19,0.85
1971,% od ukupno,Ž,20,0.93
1971,% od ukupno,Ž,21,0.91
1971,% od ukupno,Ž,22,0.82
1971,% od ukupno,Ž,23,0.76
1971,% od ukupno,Ž,24,0.77
1971,% od ukupno,Ž,25,0.59
1971,% od ukupno,Ž,26,0.58
1971,% od ukupno,Ž,27,0.59
1971,% od ukupno,Ž,28,0.63
1971,% od ukupno,Ž,29,0.71
1971,% od ukupno,Ž,30,0.77
1971,% od ukupno,Ž,31,0.81
1971,% od ukupno,Ž,32,0.78
1971,% od ukupno,Ž,33,0.80
1971,% od ukupno,Ž,34,0.81
1971,% od ukupno,Ž,35,0.80
1971,% od ukupno,Ž,36,0.79
1971,% od ukupno,Ž,37,0.78
1971,% od ukupno,Ž,38,0.75
1971,% od ukupno,Ž,39,0.66
1971,% od ukupno,Ž,40,0.71
1971,% od ukupno,Ž,41,0.68
1971,% od ukupno,Ž,42,0.69
1971,% od ukupno,Ž,43,0.62
1971,% od ukupno,Ž,44,0.61
1971,% od ukupno,Ž,45,0.58
1971,% od ukupno,Ž,46,0.53
1971,% od ukupno,Ž,47,0.50
1971,% od ukupno,Ž,48,0.52
1971,% od ukupno,Ž,49,0.43
1971,% od ukupno,Ž,50,0.51
1971,% od ukupno,Ž,51,0.42
1971,% od ukupno,Ž,52,0.27
1971,% od ukupno,Ž,53,0.22
1971,% od ukupno,Ž,54,0.20
1971,% od ukupno,Ž,55,0.27
1971,% od ukupno,Ž,56,0.41
1971,% od ukupno,Ž,57,0.35
1971,% od ukupno,Ž,58,0.39
1971,% od ukupno,Ž,59,0.33
1971,% od ukupno,Ž,60,0.42
1971,% od ukupno,Ž,61,0.32
1971,% od ukupno,Ž,62,0.28
1971,% od ukupno,Ž,63,0.29
1971,% od ukupno,Ž,64,0.28
1971,% od ukupno,Ž,65,0.29
1971,% od ukupno,Ž,66,0.25
1971,% od ukupno,Ž,67,0.21
1971,% od ukupno,Ž,68,0.19
1971,% od ukupno,Ž,69,0.18
1971,% od ukupno,Ž,70,0.34
1971,% od ukupno,Ž,71,0.16
1971,% od ukupno,Ž,72,0.12
1971,% od ukupno,Ž,73,0.10
1971,% od ukupno,Ž,74,0.10
1971,% od ukupno,Ž,75,0.10
1971,% od ukupno,Ž,76,0.08
1971,% od ukupno,Ž,77,0.06
1971,% od ukupno,Ž,78,0.07
1971,% od ukupno,Ž,79,0.05
1971,% od ukupno,Ž,80,0.07
1971,% od ukupno,Ž,81,0.04
1971,% od ukupno,Ž,82,0.05
1971,% od ukupno,Ž,83,0.03
1971,% od ukupno,Ž,84,0.03
1971,% od ukupno,Ž,85,0.03
1971,% od ukupno,Ž,86,0.02
1971,% od ukupno,Ž,87,0.01
1971,% od ukupno,Ž,88,0.01
1971,% od ukupno,Ž,89,0.01
1971,% od ukupno,Ž,90,0.02
1971,% od ukupno,Ž,91,0.01
1971,% od ukupno,Ž,92,0.01
1971,% od ukupno,Ž,93,0.00
1971,% od ukupno,Ž,94,0.00
1971,% od ukupno,Ž,95,0.01
1971,% od ukupno,Ž,96,0.00
1971,% od ukupno,Ž,97,0.00
1971,% od ukupno,Ž,98,0.00
1971,% od ukupno,Ž,99,0.00
1971,% od ukupno,Ž,100,0.00
1971,% od ukupno,Ž,101,0.00
1971,% od ukupno,Ž,102,0.00
1971,% od ukupno,Ž,103,0.00
1971,% od ukupno,Ž,104,0.00
1971,% od ukupno,Ž,105,0.00
1971,% od ukupno,Ž,106,0.00
1971,% od ukupno,Ž,107,0.00
1971,% od ukupno,Ž,108,0.00
1971,% od ukupno,Ž,109,0.00
1971,% od ukupno,Ž,110,0.00
1971,% od ukupno,Ž,111,0.00
1971,% od ukupno,Ž,112,0.00
1971,% od ukupno,Ž,113,0.00
1971,% od ukupno,Ž,114,0.00
1971,% od ukupno,Ž,115,0.00
1971,% od ukupno,Ž,116,0.00
1971,% od ukupno,Ž,117,0.00
1971,% od ukupno,Ž,118,0.00
1971,% od ukupno,Ž,119,0.00
1971,% od ukupno,Ž,120,0.00
1971,% od ukupno,Ž,Unknown,0.19
1971,% od ukupno,Ž,Total,51.03
1981,% od ukupno,Ž,0,0.90
1981,% od ukupno,Ž,1,0.87
1981,% od ukupno,Ž,2,0.83
1981,% od ukupno,Ž,3,0.85
1981,% od ukupno,Ž,4,0.88
1981,% od ukupno,Ž,5,0.89
1981,% od ukupno,Ž,6,0.88
1981,% od ukupno,Ž,7,0.87
1981,% od ukupno,Ž,8,0.89
1981,% od ukupno,Ž,9,0.91
1981,% od ukupno,Ž,10,0.87
1981,% od ukupno,Ž,11,0.89
1981,% od ukupno,Ž,12,0.93
1981,% od ukupno,Ž,13,0.96
1981,% od ukupno,Ž,14,1.00
1981,% od ukupno,Ž,15,1.02
1981,% od ukupno,Ž,16,1.02
1981,% od ukupno,Ž,17,1.02
1981,% od ukupno,Ž,18,1.03
1981,% od ukupno,Ž,19,1.02
1981,% od ukupno,Ž,20,1.02
1981,% od ukupno,Ž,21,0.95
1981,% od ukupno,Ž,22,0.96
1981,% od ukupno,Ž,23,0.88
1981,% od ukupno,Ž,24,0.89
1981,% od ukupno,Ž,25,0.87
1981,% od ukupno,Ž,26,0.91
1981,% od ukupno,Ž,27,0.82
1981,% od ukupno,Ž,28,0.91
1981,% od ukupno,Ž,29,0.68
1981,% od ukupno,Ž,30,0.77
1981,% od ukupno,Ž,31,0.75
1981,% od ukupno,Ž,32,0.69
1981,% od ukupno,Ž,33,0.63
1981,% od ukupno,Ž,34,0.66
1981,% od ukupno,Ž,35,0.50
1981,% od ukupno,Ž,36,0.49
1981,% od ukupno,Ž,37,0.50
1981,% od ukupno,Ž,38,0.54
1981,% od ukupno,Ž,39,0.61
1981,% od ukupno,Ž,40,0.66
1981,% od ukupno,Ž,41,0.70
1981,% od ukupno,Ž,42,0.67
1981,% od ukupno,Ž,43,0.69
1981,% od ukupno,Ž,44,0.70
1981,% od ukupno,Ž,45,0.69
1981,% od ukupno,Ž,46,0.68
1981,% od ukupno,Ž,47,0.67
1981,% od ukupno,Ž,48,0.64
1981,% od ukupno,Ž,49,0.57
1981,% od ukupno,Ž,50,0.61
1981,% od ukupno,Ž,51,0.58
1981,% od ukupno,Ž,52,0.60
1981,% od ukupno,Ž,53,0.54
1981,% od ukupno,Ž,54,0.52
1981,% od ukupno,Ž,55,0.51
1981,% od ukupno,Ž,56,0.46
1981,% od ukupno,Ž,57,0.43
1981,% od ukupno,Ž,58,0.45
1981,% od ukupno,Ž,59,0.35
1981,% od ukupno,Ž,60,0.43
1981,% od ukupno,Ž,61,0.35
1981,% od ukupno,Ž,62,0.21
1981,% od ukupno,Ž,63,0.18
1981,% od ukupno,Ž,64,0.16
1981,% od ukupno,Ž,65,0.21
1981,% od ukupno,Ž,66,0.32
1981,% od ukupno,Ž,67,0.27
1981,% od ukupno,Ž,68,0.30
1981,% od ukupno,Ž,69,0.23
1981,% od ukupno,Ž,70,0.29
1981,% od ukupno,Ž,71,0.21
1981,% od ukupno,Ž,72,0.18
1981,% od ukupno,Ž,73,0.18
1981,% od ukupno,Ž,74,0.17
1981,% od ukupno,Ž,75,0.17
1981,% od ukupno,Ž,76,0.14
1981,% od ukupno,Ž,77,0.12
1981,% od ukupno,Ž,78,0.10
1981,% od ukupno,Ž,79,0.08
1981,% od ukupno,Ž,80,0.19
1981,% od ukupno,Ž,81,0.06
1981,% od ukupno,Ž,82,0.04
1981,% od ukupno,Ž,83,0.04
1981,% od ukupno,Ž,84,0.03
1981,% od ukupno,Ž,85,0.03
1981,% od ukupno,Ž,86,0.02
1981,% od ukupno,Ž,87,0.02
1981,% od ukupno,Ž,88,0.02
1981,% od ukupno,Ž,89,0.01
1981,% od ukupno,Ž,90,0.02
1981,% od ukupno,Ž,91,0.01
1981,% od ukupno,Ž,92,0.01
1981,% od ukupno,Ž,93,0.01
1981,% od ukupno,Ž,94,0.01
1981,% od ukupno,Ž,95,0.00
1981,% od ukupno,Ž,96,0.00
1981,% od ukupno,Ž,97,0.00
1981,% od ukupno,Ž,98,0.00
1981,% od ukupno,Ž,99,0.00
1981,% od ukupno,Ž,100,0.00
1981,% od ukupno,Ž,101,0.00
1981,% od ukupno,Ž,102,0.00
1981,% od ukupno,Ž,103,0.00
1981,% od ukupno,Ž,104,0.00
1981,% od ukupno,Ž,105,0.00
1981,% od ukupno,Ž,106,0.00
1981,% od ukupno,Ž,107,0.00
1981,% od ukupno,Ž,108,0.00
1981,% od ukupno,Ž,109,0.00
1981,% od ukupno,Ž,110,0.00
1981,% od ukupno,Ž,111,0.00
1981,% od ukupno,Ž,112,0.00
1981,% od ukupno,Ž,113,0.00
1981,% od ukupno,Ž,114,0.00
1981,% od ukupno,Ž,115,0.00
1981,% od ukupno,Ž,116,0.00
1981,% od ukupno,Ž,117,0.00
1981,% od ukupno,Ž,118,0.00
1981,% od ukupno,Ž,119,0.00
1981,% od ukupno,Ž,120,0.00
1981,% od ukupno,Ž,Unknown,0.12
1981,% od ukupno,Ž,Total,50.27
1991,% od ukupno,Ž,0,0.72
1991,% od ukupno,Ž,1,0.73
1991,% od ukupno,Ž,2,0.74
1991,% od ukupno,Ž,3,0.76
1991,% od ukupno,Ž,4,0.75
1991,% od ukupno,Ž,5,0.77
1991,% od ukupno,Ž,6,0.77
1991,% od ukupno,Ž,7,0.77
1991,% od ukupno,Ž,8,0.78
1991,% od ukupno,Ž,9,0.77
1991,% od ukupno,Ž,10,0.78
1991,% od ukupno,Ž,11,0.77
1991,% od ukupno,Ž,12,0.76
1991,% od ukupno,Ž,13,0.77
1991,% od ukupno,Ž,14,0.80
1991,% od ukupno,Ž,15,0.80
1991,% od ukupno,Ž,16,0.79
1991,% od ukupno,Ž,17,0.79
1991,% od ukupno,Ž,18,0.80
1991,% od ukupno,Ž,19,0.81
1991,% od ukupno,Ž,20,0.76
1991,% od ukupno,Ž,21,0.77
1991,% od ukupno,Ž,22,0.77
1991,% od ukupno,Ž,23,0.80
1991,% od ukupno,Ž,24,0.82
1991,% od ukupno,Ž,25,0.82
1991,% od ukupno,Ž,26,0.80
1991,% od ukupno,Ž,27,0.80
1991,% od ukupno,Ž,28,0.81
1991,% od ukupno,Ž,29,0.83
1991,% od ukupno,Ž,30,0.84
1991,% od ukupno,Ž,31,0.80
1991,% od ukupno,Ž,32,0.83
1991,% od ukupno,Ž,33,0.76
1991,% od ukupno,Ž,34,0.77
1991,% od ukupno,Ž,35,0.76
1991,% od ukupno,Ž,36,0.81
1991,% od ukupno,Ž,37,0.72
1991,% od ukupno,Ž,38,0.81
1991,% od ukupno,Ž,39,0.61
1991,% od ukupno,Ž,40,0.68
1991,% od ukupno,Ž,41,0.67
1991,% od ukupno,Ž,42,0.61
1991,% od ukupno,Ž,43,0.56
1991,% od ukupno,Ž,44,0.60
1991,% od ukupno,Ž,45,0.44
1991,% od ukupno,Ž,46,0.44
1991,% od ukupno,Ž,47,0.45
1991,% od ukupno,Ž,48,0.47
1991,% od ukupno,Ž,49,0.54
1991,% od ukupno,Ž,50,0.59
1991,% od ukupno,Ž,51,0.62
1991,% od ukupno,Ž,52,0.59
1991,% od ukupno,Ž,53,0.61
1991,% od ukupno,Ž,54,0.60
1991,% od ukupno,Ž,55,0.61
1991,% od ukupno,Ž,56,0.60
1991,% od ukupno,Ž,57,0.58
1991,% od ukupno,Ž,58,0.54
1991,% od ukupno,Ž,59,0.51
1991,% od ukupno,Ž,60,0.53
1991,% od ukupno,Ž,61,0.50
1991,% od ukupno,Ž,62,0.49
1991,% od ukupno,Ž,63,0.46
1991,% od ukupno,Ž,64,0.43
1991,% od ukupno,Ž,65,0.41
1991,% od ukupno,Ž,66,0.37
1991,% od ukupno,Ž,67,0.34
1991,% od ukupno,Ž,68,0.34
1991,% od ukupno,Ž,69,0.29
1991,% od ukupno,Ž,70,0.30
1991,% od ukupno,Ž,71,0.26
1991,% od ukupno,Ž,72,0.14
1991,% od ukupno,Ž,73,0.12
1991,% od ukupno,Ž,74,0.10
1991,% od ukupno,Ž,75,0.12
1991,% od ukupno,Ž,76,0.18
1991,% od ukupno,Ž,77,0.15
1991,% od ukupno,Ž,78,0.15
1991,% od ukupno,Ž,79,0.12
1991,% od ukupno,Ž,80,0.13
1991,% od ukupno,Ž,81,0.09
1991,% od ukupno,Ž,82,0.07
1991,% od ukupno,Ž,83,0.07
1991,% od ukupno,Ž,84,0.06
1991,% od ukupno,Ž,85,0.05
1991,% od ukupno,Ž,86,0.04
1991,% od ukupno,Ž,87,0.03
1991,% od ukupno,Ž,88,0.02
1991,% od ukupno,Ž,89,0.02
1991,% od ukupno,Ž,90,0.02
1991,% od ukupno,Ž,91,0.01
1991,% od ukupno,Ž,92,0.01
1991,% od ukupno,Ž,93,0.00
1991,% od ukupno,Ž,94,0.00
1991,% od ukupno,Ž,95,0.00
1991,% od ukupno,Ž,96,0.00
1991,% od ukupno,Ž,97,0.00
1991,% od ukupno,Ž,98,0.00
1991,% od ukupno,Ž,99,0.00
1991,% od ukupno,Ž,100,0.00
1991,% od ukupno,Ž,101,0.00
1991,% od ukupno,Ž,102,0.00
1991,% od ukupno,Ž,103,0.00
1991,% od ukupno,Ž,104,0.00
1991,% od ukupno,Ž,105,0.00
1991,% od ukupno,Ž,106,0.00
1991,% od ukupno,Ž,107,0.00
1991,% od ukupno,Ž,108,0.00
1991,% od ukupno,Ž,109,0.00
1991,% od ukupno,Ž,110,0.00
1991,% od ukupno,Ž,111,0.00
1991,% od ukupno,Ž,112,0.00
1991,% od ukupno,Ž,113,0.00
1991,% od ukupno,Ž,114,0.00
1991,% od ukupno,Ž,115,0.00
1991,% od ukupno,Ž,116,0.00
1991,% od ukupno,Ž,117,0.00
1991,% od ukupno,Ž,118,0.00
1991,% od ukupno,Ž,119,0.00
1991,% od ukupno,Ž,120,0.00
1991,% od ukupno,Ž,Unknown,1.23
1991,% od ukupno,Ž,Total,50.11
2013,% od ukupno,Ž,0,0.46
2013,% od ukupno,Ž,1,0.47
2013,% od ukupno,Ž,2,0.47
2013,% od ukupno,Ž,3,0.49
2013,% od ukupno,Ž,4,0.50
2013,% od ukupno,Ž,5,0.50
2013,% od ukupno,Ž,6,0.48
2013,% od ukupno,Ž,7,0.48
2013,% od ukupno,Ž,8,0.49
2013,% od ukupno,Ž,9,0.49
2013,% od ukupno,Ž,10,0.50
2013,% od ukupno,Ž,11,0.51
2013,% od ukupno,Ž,12,0.53
2013,% od ukupno,Ž,13,0.55
2013,% od ukupno,Ž,14,0.58
2013,% od ukupno,Ž,15,0.63
2013,% od ukupno,Ž,16,0.71
2013,% od ukupno,Ž,17,0.71
2013,% od ukupno,Ž,18,0.70
2013,% od ukupno,Ž,19,0.59
2013,% od ukupno,Ž,20,0.53
2013,% od ukupno,Ž,21,0.62
2013,% od ukupno,Ž,22,0.67
2013,% od ukupno,Ž,23,0.66
2013,% od ukupno,Ž,24,0.67
2013,% od ukupno,Ž,25,0.69
2013,% od ukupno,Ž,26,0.68
2013,% od ukupno,Ž,27,0.69
2013,% od ukupno,Ž,28,0.69
2013,% od ukupno,Ž,29,0.73
2013,% od ukupno,Ž,30,0.70
2013,% od ukupno,Ž,31,0.70
2013,% od ukupno,Ž,32,0.71
2013,% od ukupno,Ž,33,0.70
2013,% od ukupno,Ž,34,0.69
2013,% od ukupno,Ž,35,0.69
2013,% od ukupno,Ž,36,0.70
2013,% od ukupno,Ž,37,0.72
2013,% od ukupno,Ž,38,0.69
2013,% od ukupno,Ž,39,0.68
2013,% od ukupno,Ž,40,0.68
2013,% od ukupno,Ž,41,0.70
2013,% od ukupno,Ž,42,0.68
2013,% od ukupno,Ž,43,0.65
2013,% od ukupno,Ž,44,0.69
2013,% od ukupno,Ž,45,0.70
2013,% od ukupno,Ž,46,0.73
2013,% od ukupno,Ž,47,0.75
2013,% od ukupno,Ž,48,0.77
2013,% od ukupno,Ž,49,0.76
2013,% od ukupno,Ž,50,0.77
2013,% od ukupno,Ž,51,0.81
2013,% od ukupno,Ž,52,0.80
2013,% od ukupno,Ž,53,0.80
2013,% od ukupno,Ž,54,0.81
2013,% od ukupno,Ž,55,0.77
2013,% od ukupno,Ž,56,0.73
2013,% od ukupno,Ž,57,0.75
2013,% od ukupno,Ž,58,0.77
2013,% od ukupno,Ž,59,0.74
2013,% od ukupno,Ž,60,0.75
2013,% od ukupno,Ž,61,0.70
2013,% od ukupno,Ž,62,0.63
2013,% od ukupno,Ž,63,0.65
2013,% od ukupno,Ž,64,0.62
2013,% od ukupno,Ž,65,0.56
2013,% od ukupno,Ž,66,0.58
2013,% od ukupno,Ž,67,0.45
2013,% od ukupno,Ž,68,0.41
2013,% od ukupno,Ž,69,0.39
2013,% od ukupno,Ž,70,0.41
2013,% od ukupno,Ž,71,0.43
2013,% od ukupno,Ž,72,0.48
2013,% od ukupno,Ž,73,0.50
2013,% od ukupno,Ž,74,0.46
2013,% od ukupno,Ž,75,0.45
2013,% od ukupno,Ž,76,0.42
2013,% od ukupno,Ž,77,0.41
2013,% od ukupno,Ž,78,0.36
2013,% od ukupno,Ž,79,0.33
2013,% od ukupno,Ž,80,0.28
2013,% od ukupno,Ž,81,0.26
2013,% od ukupno,Ž,82,0.21
2013,% od ukupno,Ž,83,0.20
2013,% od ukupno,Ž,84,0.15
2013,% od ukupno,Ž,85,0.13
2013,% od ukupno,Ž,86,0.10
2013,% od ukupno,Ž,87,0.08
2013,% od ukupno,Ž,88,0.06
2013,% od ukupno,Ž,89,0.05
2013,% od ukupno,Ž,90,0.04
2013,% od ukupno,Ž,91,0.03
2013,% od ukupno,Ž,92,0.02
2013,% od ukupno,Ž,93,0.02
2013,% od ukupno,Ž,94,0.01
2013,% od ukupno,Ž,95,0.00
2013,% od ukupno,Ž,96,0.00
2013,% od ukupno,Ž,97,0.00
2013,% od ukupno,Ž,98,0.00
2013,% od ukupno,Ž,99,0.00
2013,% od ukupno,Ž,100,0.00
2013,% od ukupno,Ž,101,0.00
2013,% od ukupno,Ž,102,0.00
2013,% od ukupno,Ž,103,0.00
2013,% od ukupno,Ž,104,0.00
2013,% od ukupno,Ž,105,0.00
2013,% od ukupno,Ž,106,0.00
2013,% od ukupno,Ž,107,0.00
2013,% od ukupno,Ž,108,0.00
2013,% od ukupno,Ž,109,0.00
2013,% od ukupno,Ž,110,0.00
2013,% od ukupno,Ž,111,0.00
2013,% od ukupno,Ž,112,0.00
2013,% od ukupno,Ž,113,0.00
2013,% od ukupno,Ž,114,0.00
2013,% od ukupno,Ž,115,0.00
2013,% od ukupno,Ž,116,0.00
2013,% od ukupno,Ž,117,0.00
2013,% od ukupno,Ž,118,0.00
2013,% od ukupno,Ž,119,0.00
2013,% od ukupno,Ž,120,0.00
2013,% od ukupno,Ž,Unknown,0.00
2013,% od ukupno,Ž,Total,50.94
