Year,UNIT_MEASURE,Spol,Value
2003,Broj,Oba spola,5559
2004,Broj,Oba spola,5680
2005,Broj,Oba spola,5773
2006,Broj,Oba spola,5932
2007,Broj,Oba spola,6182
2008,Broj,Oba spola,6275
2009,Broj,Oba spola,6493
2010,Broj,Oba spola,6665
2011,Broj,Oba spola,6881
2012,Broj,Oba spola,7026
2013,Broj,Oba spola,7211
2014,Broj,Oba spola,7272
2015,Broj,Oba spola,7413
2016,Broj,Oba spola,7453
2017,Broj,Oba spola,7415
2018,Broj,Oba spola,7599
2019,Broj,Oba spola,7791
2020,Broj,Oba spola,7984
2021,Broj,Oba spola,8326
2022,Broj,Oba spola,8306
2023,Broj,Oba spola,8354
2024,Broj,Oba spola,8725
2003,Broj,M,2453
2004,Broj,M,2463
2005,Broj,M,2458
2006,Broj,M,2470
2007,Broj,M,2558
2008,Broj,M,2539
2009,Broj,M,2641
2010,Broj,M,2628
2011,Broj,M,2699
2012,Broj,M,2732
2013,Broj,M,2804
2014,Broj,M,2865
2015,Broj,M,2859
2016,Broj,M,2856
2017,Broj,M,2829
2018,Broj,M,2865
2019,Broj,M,2898
2020,Broj,M,2950
2021,Broj,M,2955
2022,Broj,M,3048
2023,Broj,M,2993
2024,Broj,M,3194
2003,Broj,Ž,3106
2004,Broj,Ž,3217
2005,Broj,Ž,3315
2006,Broj,Ž,3462
2007,Broj,Ž,3624
2008,Broj,Ž,3736
2009,Broj,Ž,3852
2010,Broj,Ž,4037
2011,Broj,Ž,4182
2012,Broj,Ž,4294
2013,Broj,Ž,4407
2014,Broj,Ž,4561
2015,Broj,Ž,4554
2016,Broj,Ž,4597
2017,Broj,Ž,4586
2018,Broj,Ž,4734
2019,Broj,Ž,4893
2020,Broj,Ž,5016
2021,Broj,Ž,5101
2022,Broj,Ž,5258
2023,Broj,Ž,5361
2024,Broj,Ž,5531
