Year,UNIT_MEASURE,Spol,Value
2011,Broj,Oba spola,50567
2012,Broj,Oba spola,41834
2013,Broj,Oba spola,33672
2014,Broj,Oba spola,36993
2015,Broj,Oba spola,36434
2016,Broj,Oba spola,36126
2017,Broj,Oba spola,35694
2018,Broj,Oba spola,32144
2019,Broj,Oba spola,31728
2020,Broj,Oba spola,30463
2021,Broj,Oba spola,29633
2022,Broj,Oba spola,29092
2023,Broj,Oba spola,30148
2024,Broj,Oba spola,29928
2011,Broj,M,25977
2012,Broj,M,21761
2013,Broj,M,17181
2014,Broj,M,18730
2015,Broj,M,18662
2016,Broj,M,18441
2017,Broj,M,18266
2018,Broj,M,16159
2019,Broj,M,16244
2020,Broj,M,15564
2021,Broj,M,15135
2022,Broj,M,14940
2023,Broj,M,15511
2024,Broj,M,15382
2011,Broj,Ž,24590
2012,Broj,Ž,20073
2013,Broj,Ž,16491
2014,Broj,Ž,18263
2015,Broj,Ž,17772
2016,Broj,Ž,17685
2017,Broj,Ž,17428
2018,Broj,Ž,15985
2019,Broj,Ž,15484
2020,Broj,Ž,14899
2021,Broj,Ž,14498
2022,Broj,Ž,14152
2023,Broj,Ž,14637
2024,Broj,Ž,14546
