Year,UNIT_MEASURE,Value
1971,Старосна доб,22.2
1981,Старосна доб,23.0
2004,Старосна доб,24.34
2005,Старосна доб,24.41
2006,Старосна доб,24.51
2007,Старосна доб,24.76
2008,Старосна доб,24.94
2009,Старосна доб,25.25
2010,Старосна доб,25.87
2011,Старосна доб,26.25
2012,Старосна доб,26.45
2013,Старосна доб,26.69
2014,Старосна доб,26.97
2015,Старосна доб,27.17
2016,Старосна доб,26.96
2017,Старосна доб,27.28
2018,Старосна доб,27.4
2019,Старосна доб,27.68
2020,Старосна доб,27.81
2021,Старосна доб,28.05
