Year,UNIT_MEASURE,Value
1997,Број,5.0
1998,Број,19.0
1999,Број,6.0
2001,Број,5.0
2002,Број,4.0
2003,Број,12.0
2004,Број,11.0
2005,Број,11.0
2006,Број,17.0
2007,Број,5.0
2008,Број,7.0
2009,Број,8.0
2010,Број,7.0
2011,Број,25.0
2012,Број,25.0
2013,Број,24.0
2014,Број,17.0
2015,Број,12.0
2016,Број,23.0
2017,Број,12.0
2018,Број,24.0
2019,Број,21.0
2020,Број,16.0
2021,Број,39.0
2022,Број,51.0
2023,Број,42.0
2024,Број,31.0
