Year,UNIT_MEASURE,Врста установе,Пол,Value
2015,Број,Оба пола,Оба пола,7871
2015,Број,Оба пола,M,3645
2015,Број,Оба пола,Ж,4226
2015,Број,Домови за дјецу и младе без родитељског старања,Оба пола,997
2015,Број,Домови за дјецу и младе без родитељског старања,M,527
2015,Број,Домови за дјецу и младе без родитељског старања,Ж,470
2015,Број,"Установе социјалне заштите за дјецу, младе и одрасле са менталним и физичким инвалидитетом",Оба пола,1742
2015,Број,"Установе социјалне заштите за дјецу, младе и одрасле са менталним и физичким инвалидитетом",M,1041
2015,Број,"Установе социјалне заштите за дјецу, младе и одрасле са менталним и физичким инвалидитетом",Ж,701
2015,Број,Установе социјалне заштите за одрасле особе са инвалидитетом,Оба пола,282
2015,Број,Установе социјалне заштите за одрасле особе са инвалидитетом,M,201
2015,Број,Установе социјалне заштите за одрасле особе са инвалидитетом,Ж,81
2015,Број,Установе социјалне заштите за одрасле,Оба пола,4850
2015,Број,Установе социјалне заштите за одрасле,M,1876
2015,Број,Установе социјалне заштите за одрасле,Ж,2974
2016,Број,Оба пола,Оба пола,9249
2016,Број,Оба пола,M,4455
2016,Број,Оба пола,Ж,4794
2016,Број,Домови за дјецу и младе без родитељског старања,Оба пола,970
2016,Број,Домови за дјецу и младе без родитељског старања,M,487
2016,Број,Домови за дјецу и младе без родитељског старања,Ж,483
2016,Број,"Установе социјалне заштите за дјецу, младе и одрасле са менталним и физичким инвалидитетом",Оба пола,2742
2016,Број,"Установе социјалне заштите за дјецу, младе и одрасле са менталним и физичким инвалидитетом",M,1668
2016,Број,"Установе социјалне заштите за дјецу, младе и одрасле са менталним и физичким инвалидитетом",Ж,1074
2016,Број,Установе социјалне заштите за одрасле особе са инвалидитетом,Оба пола,213
2016,Број,Установе социјалне заштите за одрасле особе са инвалидитетом,M,141
2016,Број,Установе социјалне заштите за одрасле особе са инвалидитетом,Ж,72
2016,Број,Установе социјалне заштите за одрасле,Оба пола,5324
2016,Број,Установе социјалне заштите за одрасле,M,2159
2016,Број,Установе социјалне заштите за одрасле,Ж,3165
2017,Број,Оба пола,Оба пола,9800
2017,Број,Оба пола,M,4489
2017,Број,Оба пола,Ж,5311
2017,Број,Домови за дјецу и младе без родитељског старања,Оба пола,1070
2017,Број,Домови за дјецу и младе без родитељског старања,M,538
2017,Број,Домови за дјецу и младе без родитељског старања,Ж,532
2017,Број,"Установе социјалне заштите за дјецу, младе и одрасле са менталним и физичким инвалидитетом",Оба пола,2748
2017,Број,"Установе социјалне заштите за дјецу, младе и одрасле са менталним и физичким инвалидитетом",M,1643
2017,Број,"Установе социјалне заштите за дјецу, младе и одрасле са менталним и физичким инвалидитетом",Ж,1105
2017,Број,Установе социјалне заштите за одрасле особе са инвалидитетом,Оба пола,204
2017,Број,Установе социјалне заштите за одрасле особе са инвалидитетом,M,121
2017,Број,Установе социјалне заштите за одрасле особе са инвалидитетом,Ж,83
2017,Број,Установе социјалне заштите за одрасле,Оба пола,5778
2017,Број,Установе социјалне заштите за одрасле,M,2187
2017,Број,Установе социјалне заштите за одрасле,Ж,3591
2018,Број,Оба пола,Оба пола,10232
2018,Број,Оба пола,M,4710
2018,Број,Оба пола,Ж,5522
2018,Број,Домови за дјецу и младе без родитељског старања,Оба пола,965
2018,Број,Домови за дјецу и младе без родитељског старања,M,476
2018,Број,Домови за дјецу и младе без родитељског старања,Ж,489
2018,Број,"Установе социјалне заштите за дјецу, младе и одрасле са менталним и физичким инвалидитетом",Оба пола,2776
2018,Број,"Установе социјалне заштите за дјецу, младе и одрасле са менталним и физичким инвалидитетом",M,1682
2018,Број,"Установе социјалне заштите за дјецу, младе и одрасле са менталним и физичким инвалидитетом",Ж,1094
2018,Број,Установе социјалне заштите за одрасле особе са инвалидитетом,Оба пола,207
2018,Број,Установе социјалне заштите за одрасле особе са инвалидитетом,M,116
2018,Број,Установе социјалне заштите за одрасле особе са инвалидитетом,Ж,91
2018,Број,Установе социјалне заштите за одрасле,Оба пола,6284
2018,Број,Установе социјалне заштите за одрасле,M,2436
2018,Број,Установе социјалне заштите за одрасле,Ж,3848
2019,Број,Оба пола,Оба пола,11443
2019,Број,Оба пола,M,4968
2019,Број,Оба пола,Ж,6475
2019,Број,Домови за дјецу и младе без родитељског старања,Оба пола,1121
2019,Број,Домови за дјецу и младе без родитељског старања,M,607
2019,Број,Домови за дјецу и младе без родитељског старања,Ж,514
2019,Број,"Установе социјалне заштите за дјецу, младе и одрасле са менталним и физичким инвалидитетом",Оба пола,2586
2019,Број,"Установе социјалне заштите за дјецу, младе и одрасле са менталним и физичким инвалидитетом",M,1538
2019,Број,"Установе социјалне заштите за дјецу, младе и одрасле са менталним и физичким инвалидитетом",Ж,1048
2019,Број,Установе социјалне заштите за одрасле особе са инвалидитетом,Оба пола,283
2019,Број,Установе социјалне заштите за одрасле особе са инвалидитетом,M,168
2019,Број,Установе социјалне заштите за одрасле особе са инвалидитетом,Ж,115
2019,Број,Установе социјалне заштите за одрасле,Оба пола,7453
2019,Број,Установе социјалне заштите за одрасле,M,2655
2019,Број,Установе социјалне заштите за одрасле,Ж,4798
2020,Број,Оба пола,Оба пола,10902
2020,Број,Оба пола,M,4687
2020,Број,Оба пола,Ж,6215
2020,Број,Домови за дјецу и младе без родитељског старања,Оба пола,1103
2020,Број,Домови за дјецу и младе без родитељског старања,M,590
2020,Број,Домови за дјецу и младе без родитељског старања,Ж,513
2020,Број,"Установе социјалне заштите за дјецу, младе и одрасле са менталним и физичким инвалидитетом",Оба пола,2434
2020,Број,"Установе социјалне заштите за дјецу, младе и одрасле са менталним и физичким инвалидитетом",M,1448
2020,Број,"Установе социјалне заштите за дјецу, младе и одрасле са менталним и физичким инвалидитетом",Ж,986
2020,Број,Установе социјалне заштите за одрасле особе са инвалидитетом,Оба пола,282
2020,Број,Установе социјалне заштите за одрасле особе са инвалидитетом,M,182
2020,Број,Установе социјалне заштите за одрасле особе са инвалидитетом,Ж,100
2020,Број,Установе социјалне заштите за одрасле,Оба пола,7083
2020,Број,Установе социјалне заштите за одрасле,M,2467
2020,Број,Установе социјалне заштите за одрасле,Ж,4616
2021,Број,Оба пола,Оба пола,11502
2021,Број,Оба пола,M,4869
2021,Број,Оба пола,Ж,6633
2021,Број,Домови за дјецу и младе без родитељског старања,Оба пола,1112
2021,Број,Домови за дјецу и младе без родитељског старања,M,576
2021,Број,Домови за дјецу и младе без родитељског старања,Ж,536
2021,Број,"Установе социјалне заштите за дјецу, младе и одрасле са менталним и физичким инвалидитетом",Оба пола,2540
2021,Број,"Установе социјалне заштите за дјецу, младе и одрасле са менталним и физичким инвалидитетом",M,1526
2021,Број,"Установе социјалне заштите за дјецу, младе и одрасле са менталним и физичким инвалидитетом",Ж,1014
2021,Број,Установе социјалне заштите за одрасле особе са инвалидитетом,Оба пола,249
2021,Број,Установе социјалне заштите за одрасле особе са инвалидитетом,M,154
2021,Број,Установе социјалне заштите за одрасле особе са инвалидитетом,Ж,95
2021,Број,Установе социјалне заштите за одрасле,Оба пола,7601
2021,Број,Установе социјалне заштите за одрасле,M,2613
2021,Број,Установе социјалне заштите за одрасле,Ж,4988
