Year,UNIT_MEASURE,Врста образовања,Пол,Value
2014,Број,Укупно,Оба пола,11333.0
2014,Број,Образовање,Оба пола,1199.0
2014,Број,Умјетност и хуманистичке науке,Оба пола,1393.0
2014,Број,"Друштвене науке, новинарство и информисање",Оба пола,2491.0
2014,Број,"Пословање, администрација, и право",Оба пола,1674.0
2014,Број,"Природне науке, математика, и статистика",Оба пола,593.0
2014,Број,Информационе и комуникационе технологије,Оба пола,286.0
2014,Број,"Инжењерство, производња и грађевинарство",Оба пола,1516.0
2014,Број,"Пољопривреда, шумарство, рибарство и ветеринарство",Оба пола,539.0
2014,Број,Здравство и социјална заштита,Оба пола,961.0
2014,Број,Услуге,Оба пола,586.0
2014,Број,Непознато,Оба пола,95.0
2014,Број,Укупно,M,4494.0
2014,Број,Образовање,M,313.0
2014,Број,Умјетност и хуманистичке науке,M,470.0
2014,Број,"Друштвене науке, новинарство и информисање",M,968.0
2014,Број,"Пословање, администрација, и право",M,625.0
2014,Број,"Природне науке, математика, и статистика",M,175.0
2014,Број,Информационе и комуникационе технологије,M,176.0
2014,Број,"Инжењерство, производња и грађевинарство",M,965.0
2014,Број,"Пољопривреда, шумарство, рибарство и ветеринарство",M,248.0
2014,Број,Здравство и социјална заштита,M,189.0
2014,Број,Услуге,M,334.0
2014,Број,Непознато,M,31.0
2014,Број,Укупно,Ж,6839.0
2014,Број,Образовање,Ж,886.0
2014,Број,Умјетност и хуманистичке науке,Ж,923.0
2014,Број,"Друштвене науке, новинарство и информисање",Ж,1523.0
2014,Број,"Пословање, администрација, и право",Ж,1049.0
2014,Број,"Природне науке, математика, и статистика",Ж,418.0
2014,Број,Информационе и комуникационе технологије,Ж,110.0
2014,Број,"Инжењерство, производња и грађевинарство",Ж,551.0
2014,Број,"Пољопривреда, шумарство, рибарство и ветеринарство",Ж,291.0
2014,Број,Здравство и социјална заштита,Ж,772.0
2014,Број,Услуге,Ж,252.0
2014,Број,Непознато,Ж,64.0
2015,Број,Укупно,Оба пола,12062.0
2015,Број,Образовање,Оба пола,910.0
2015,Број,Умјетност и хуманистичке науке,Оба пола,1407.0
2015,Број,"Друштвене науке, новинарство и информисање",Оба пола,2674.0
2015,Број,"Пословање, администрација, и право",Оба пола,2158.0
2015,Број,"Природне науке, математика, и статистика",Оба пола,659.0
2015,Број,Информационе и комуникационе технологије,Оба пола,332.0
2015,Број,"Инжењерство, производња и грађевинарство",Оба пола,1827.0
2015,Број,"Пољопривреда, шумарство, рибарство и ветеринарство",Оба пола,585.0
2015,Број,Здравство и социјална заштита,Оба пола,905.0
2015,Број,Услуге,Оба пола,574.0
2015,Број,Непознато,Оба пола,31.0
2015,Број,Укупно,M,4717.0
2015,Број,Образовање,M,245.0
2015,Број,Умјетност и хуманистичке науке,M,438.0
2015,Број,"Друштвене науке, новинарство и информисање",M,1031.0
2015,Број,"Пословање, администрација, и право",M,723.0
2015,Број,"Природне науке, математика, и статистика",M,182.0
2015,Број,Информационе и комуникационе технологије,M,224.0
2015,Број,"Инжењерство, производња и грађевинарство",M,1128.0
2015,Број,"Пољопривреда, шумарство, рибарство и ветеринарство",M,257.0
2015,Број,Здравство и социјална заштита,M,172.0
2015,Број,Услуге,M,308.0
2015,Број,Непознато,M,9.0
2015,Број,Укупно,Ж,7345.0
2015,Број,Образовање,Ж,665.0
2015,Број,Умјетност и хуманистичке науке,Ж,969.0
2015,Број,"Друштвене науке, новинарство и информисање",Ж,1643.0
2015,Број,"Пословање, администрација, и право",Ж,1435.0
2015,Број,"Природне науке, математика, и статистика",Ж,477.0
2015,Број,Информационе и комуникационе технологије,Ж,108.0
2015,Број,"Инжењерство, производња и грађевинарство",Ж,699.0
2015,Број,"Пољопривреда, шумарство, рибарство и ветеринарство",Ж,328.0
2015,Број,Здравство и социјална заштита,Ж,733.0
2015,Број,Услуге,Ж,266.0
2015,Број,Непознато,Ж,22.0
2016,Број,Укупно,Оба пола,11604.0
2016,Број,Образовање,Оба пола,900.0
2016,Број,Умјетност и хуманистичке науке,Оба пола,1399.0
2016,Број,"Друштвене науке, новинарство и информисање",Оба пола,1839.0
2016,Број,"Пословање, администрација, и право",Оба пола,2676.0
2016,Број,"Природне науке, математика, и статистика",Оба пола,724.0
2016,Број,Информационе и комуникационе технологије,Оба пола,510.0
2016,Број,"Инжењерство, производња и грађевинарство",Оба пола,1626.0
2016,Број,"Пољопривреда, шумарство, рибарство и ветеринарство",Оба пола,566.0
2016,Број,Здравство и социјална заштита,Оба пола,859.0
2016,Број,Услуге,Оба пола,454.0
2016,Број,Непознато,Оба пола,51.0
2016,Број,Укупно,M,4655.0
2016,Број,Образовање,M,275.0
2016,Број,Умјетност и хуманистичке науке,M,448.0
2016,Број,"Друштвене науке, новинарство и информисање",M,704.0
2016,Број,"Пословање, администрација, и право",M,971.0
2016,Број,"Природне науке, математика, и статистика",M,215.0
2016,Број,Информационе и комуникационе технологије,M,351.0
2016,Број,"Инжењерство, производња и грађевинарство",M,978.0
2016,Број,"Пољопривреда, шумарство, рибарство и ветеринарство",M,267.0
2016,Број,Здравство и социјална заштита,M,204.0
2016,Број,Услуге,M,218.0
2016,Број,Непознато,M,24.0
2016,Број,Укупно,Ж,6949.0
2016,Број,Образовање,Ж,625.0
2016,Број,Умјетност и хуманистичке науке,Ж,951.0
2016,Број,"Друштвене науке, новинарство и информисање",Ж,1135.0
2016,Број,"Пословање, администрација, и право",Ж,1705.0
2016,Број,"Природне науке, математика, и статистика",Ж,509.0
2016,Број,Информационе и комуникационе технологије,Ж,159.0
2016,Број,"Инжењерство, производња и грађевинарство",Ж,648.0
2016,Број,"Пољопривреда, шумарство, рибарство и ветеринарство",Ж,299.0
2016,Број,Здравство и социјална заштита,Ж,655.0
2016,Број,Услуге,Ж,236.0
2016,Број,Непознато,Ж,27.0
2017,Број,Укупно,Оба пола,11360.0
2017,Број,Образовање,Оба пола,838.0
2017,Број,Умјетност и хуманистичке науке,Оба пола,1336.0
2017,Број,"Друштвене науке, новинарство и информисање",Оба пола,1767.0
2017,Број,"Пословање, администрација, и право",Оба пола,2456.0
2017,Број,"Природне науке, математика, и статистика",Оба пола,656.0
2017,Број,Информационе и комуникационе технологије,Оба пола,494.0
2017,Број,"Инжењерство, производња и грађевинарство",Оба пола,1763.0
2017,Број,"Пољопривреда, шумарство, рибарство и ветеринарство",Оба пола,595.0
2017,Број,Здравство и социјална заштита,Оба пола,786.0
2017,Број,Услуге,Оба пола,517.0
2017,Број,Непознато,Оба пола,152.0
2017,Број,Укупно,M,4471.0
2017,Број,Образовање,M,206.0
2017,Број,Умјетност и хуманистичке науке,M,394.0
2017,Број,"Друштвене науке, новинарство и информисање",M,662.0
2017,Број,"Пословање, администрација, и право",M,876.0
2017,Број,"Природне науке, математика, и статистика",M,169.0
2017,Број,Информационе и комуникационе технологије,M,331.0
2017,Број,"Инжењерство, производња и грађевинарство",M,1070.0
2017,Број,"Пољопривреда, шумарство, рибарство и ветеринарство",M,269.0
2017,Број,Здравство и социјална заштита,M,174.0
2017,Број,Услуге,M,280.0
2017,Број,Непознато,M,40.0
2017,Број,Укупно,Ж,6889.0
2017,Број,Образовање,Ж,632.0
2017,Број,Умјетност и хуманистичке науке,Ж,942.0
2017,Број,"Друштвене науке, новинарство и информисање",Ж,1105.0
2017,Број,"Пословање, администрација, и право",Ж,1580.0
2017,Број,"Природне науке, математика, и статистика",Ж,487.0
2017,Број,Информационе и комуникационе технологије,Ж,163.0
2017,Број,"Инжењерство, производња и грађевинарство",Ж,693.0
2017,Број,"Пољопривреда, шумарство, рибарство и ветеринарство",Ж,326.0
2017,Број,Здравство и социјална заштита,Ж,612.0
2017,Број,Услуге,Ж,237.0
2017,Број,Непознато,Ж,112.0
2018,Број,Укупно,Оба пола,12083.0
2018,Број,Образовање,Оба пола,1188.0
2018,Број,Умјетност и хуманистичке науке,Оба пола,1348.0
2018,Број,"Друштвене науке, новинарство и информисање",Оба пола,1800.0
2018,Број,"Пословање, администрација, и право",Оба пола,2411.0
2018,Број,"Природне науке, математика, и статистика",Оба пола,673.0
2018,Број,Информационе и комуникационе технологије,Оба пола,578.0
2018,Број,"Инжењерство, производња и грађевинарство",Оба пола,1879.0
2018,Број,"Пољопривреда, шумарство, рибарство и ветеринарство",Оба пола,694.0
2018,Број,Здравство и социјална заштита,Оба пола,1050.0
2018,Број,Услуге,Оба пола,390.0
2018,Број,Непознато,Оба пола,72.0
2018,Број,Укупно,M,4563.0
2018,Број,Образовање,M,286.0
2018,Број,Умјетност и хуманистичке науке,M,393.0
2018,Број,"Друштвене науке, новинарство и информисање",M,627.0
2018,Број,"Пословање, администрација, и право",M,864.0
2018,Број,"Природне науке, математика, и статистика",M,176.0
2018,Број,Информационе и комуникационе технологије,M,350.0
2018,Број,"Инжењерство, производња и грађевинарство",M,1100.0
2018,Број,"Пољопривреда, шумарство, рибарство и ветеринарство",M,303.0
2018,Број,Здравство и социјална заштита,M,231.0
2018,Број,Услуге,M,209.0
2018,Број,Непознато,M,24.0
2018,Број,Укупно,Ж,7520.0
2018,Број,Образовање,Ж,902.0
2018,Број,Умјетност и хуманистичке науке,Ж,955.0
2018,Број,"Друштвене науке, новинарство и информисање",Ж,1173.0
2018,Број,"Пословање, администрација, и право",Ж,1547.0
2018,Број,"Природне науке, математика, и статистика",Ж,497.0
2018,Број,Информационе и комуникационе технологије,Ж,228.0
2018,Број,"Инжењерство, производња и грађевинарство",Ж,779.0
2018,Број,"Пољопривреда, шумарство, рибарство и ветеринарство",Ж,391.0
2018,Број,Здравство и социјална заштита,Ж,819.0
2018,Број,Услуге,Ж,181.0
2018,Број,Непознато,Ж,48.0
2019,Број,Укупно,Оба пола,12449.0
2019,Број,Образовање,Оба пола,1129.0
2019,Број,Умјетност и хуманистичке науке,Оба пола,1387.0
2019,Број,"Друштвене науке, новинарство и информисање",Оба пола,1737.0
2019,Број,"Пословање, администрација, и право",Оба пола,2522.0
2019,Број,"Природне науке, математика, и статистика",Оба пола,659.0
2019,Број,Информационе и комуникационе технологије,Оба пола,505.0
2019,Број,"Инжењерство, производња и грађевинарство",Оба пола,1927.0
2019,Број,"Пољопривреда, шумарство, рибарство и ветеринарство",Оба пола,737.0
2019,Број,Здравство и социјална заштита,Оба пола,1158.0
2019,Број,Услуге,Оба пола,603.0
2019,Број,Непознато,Оба пола,85.0
2019,Број,Укупно,M,4808.0
2019,Број,Образовање,M,324.0
2019,Број,Умјетност и хуманистичке науке,M,448.0
2019,Број,"Друштвене науке, новинарство и информисање",M,629.0
2019,Број,"Пословање, администрација, и право",M,877.0
2019,Број,"Природне науке, математика, и статистика",M,171.0
2019,Број,Информационе и комуникационе технологије,M,314.0
2019,Број,"Инжењерство, производња и грађевинарство",M,1103.0
2019,Број,"Пољопривреда, шумарство, рибарство и ветеринарство",M,316.0
2019,Број,Здравство и социјална заштита,M,271.0
2019,Број,Услуге,M,328.0
2019,Број,Непознато,M,27.0
2019,Број,Укупно,Ж,7641.0
2019,Број,Образовање,Ж,805.0
2019,Број,Умјетност и хуманистичке науке,Ж,939.0
2019,Број,"Друштвене науке, новинарство и информисање",Ж,1108.0
2019,Број,"Пословање, администрација, и право",Ж,1645.0
2019,Број,"Природне науке, математика, и статистика",Ж,488.0
2019,Број,Информационе и комуникационе технологије,Ж,191.0
2019,Број,"Инжењерство, производња и грађевинарство",Ж,824.0
2019,Број,"Пољопривреда, шумарство, рибарство и ветеринарство",Ж,421.0
2019,Број,Здравство и социјална заштита,Ж,887.0
2019,Број,Услуге,Ж,275.0
2019,Број,Непознато,Ж,58.0
2020,Број,Укупно,Оба пола,13192.0
2020,Број,Образовање,Оба пола,1268.0
2020,Број,Умјетност и хуманистичке науке,Оба пола,1329.0
2020,Број,"Друштвене науке, новинарство и информисање",Оба пола,1932.0
2020,Број,"Пословање, администрација, и право",Оба пола,2514.0
2020,Број,"Природне науке, математика, и статистика",Оба пола,686.0
2020,Број,Информационе и комуникационе технологије,Оба пола,582.0
2020,Број,"Инжењерство, производња и грађевинарство",Оба пола,1971.0
2020,Број,"Пољопривреда, шумарство, рибарство и ветеринарство",Оба пола,751.0
2020,Број,Здравство и социјална заштита,Оба пола,1345.0
2020,Број,Услуге,Оба пола,749.0
2020,Број,Непознато,Оба пола,65.0
2020,Број,Укупно,M,4945.0
2020,Број,Образовање,M,323.0
2020,Број,Умјетност и хуманистичке науке,M,458.0
2020,Број,"Друштвене науке, новинарство и информисање",M,690.0
2020,Број,"Пословање, администрација, и право",M,837.0
2020,Број,"Природне науке, математика, и статистика",M,194.0
2020,Број,Информационе и комуникационе технологије,M,364.0
2020,Број,"Инжењерство, производња и грађевинарство",M,1116.0
2020,Број,"Пољопривреда, шумарство, рибарство и ветеринарство",M,325.0
2020,Број,Здравство и социјална заштита,M,244.0
2020,Број,Услуге,M,372.0
2020,Број,Непознато,M,22.0
2020,Број,Укупно,Ж,8247.0
2020,Број,Образовање,Ж,945.0
2020,Број,Умјетност и хуманистичке науке,Ж,871.0
2020,Број,"Друштвене науке, новинарство и информисање",Ж,1242.0
2020,Број,"Пословање, администрација, и право",Ж,1677.0
2020,Број,"Природне науке, математика, и статистика",Ж,492.0
2020,Број,Информационе и комуникационе технологије,Ж,218.0
2020,Број,"Инжењерство, производња и грађевинарство",Ж,855.0
2020,Број,"Пољопривреда, шумарство, рибарство и ветеринарство",Ж,426.0
2020,Број,Здравство и социјална заштита,Ж,1101.0
2020,Број,Услуге,Ж,377.0
2020,Број,Непознато,Ж,43.0
2021,Број,Укупно,Оба пола,12290.0
2021,Број,Образовање,Оба пола,1238.0
2021,Број,Умјетност и хуманистичке науке,Оба пола,1214.0
2021,Број,"Друштвене науке, новинарство и информисање",Оба пола,1831.0
2021,Број,"Пословање, администрација, и право",Оба пола,2141.0
2021,Број,"Природне науке, математика, и статистика",Оба пола,644.0
2021,Број,Информационе и комуникационе технологије,Оба пола,552.0
2021,Број,"Инжењерство, производња и грађевинарство",Оба пола,1989.0
2021,Број,"Пољопривреда, шумарство, рибарство и ветеринарство",Оба пола,619.0
2021,Број,Здравство и социјална заштита,Оба пола,1286.0
2021,Број,Услуге,Оба пола,776.0
2021,Број,Непознато,Оба пола,0.0
2021,Број,Укупно,M,4480.0
2021,Број,Образовање,M,286.0
2021,Број,Умјетност и хуманистичке науке,M,422.0
2021,Број,"Друштвене науке, новинарство и информисање",M,676.0
2021,Број,"Пословање, администрација, и право",M,698.0
2021,Број,"Природне науке, математика, и статистика",M,176.0
2021,Број,Информационе и комуникационе технологије,M,327.0
2021,Број,"Инжењерство, производња и грађевинарство",M,1072.0
2021,Број,"Пољопривреда, шумарство, рибарство и ветеринарство",M,249.0
2021,Број,Здравство и социјална заштита,M,227.0
2021,Број,Услуге,M,347.0
2021,Број,Непознато,M,0.0
2021,Број,Укупно,Ж,7810.0
2021,Број,Образовање,Ж,952.0
2021,Број,Умјетност и хуманистичке науке,Ж,792.0
2021,Број,"Друштвене науке, новинарство и информисање",Ж,1155.0
2021,Број,"Пословање, администрација, и право",Ж,1443.0
2021,Број,"Природне науке, математика, и статистика",Ж,468.0
2021,Број,Информационе и комуникационе технологије,Ж,225.0
2021,Број,"Инжењерство, производња и грађевинарство",Ж,917.0
2021,Број,"Пољопривреда, шумарство, рибарство и ветеринарство",Ж,370.0
2021,Број,Здравство и социјална заштита,Ж,1059.0
2021,Број,Услуге,Ж,429.0
2021,Број,Непознато,Ж,0.0
2022,Број,Укупно,Оба пола,11635.0
2022,Број,Образовање,Оба пола,1135.0
2022,Број,Умјетност и хуманистичке науке,Оба пола,1189.0
2022,Број,"Друштвене науке, новинарство и информисање",Оба пола,1464.0
2022,Број,"Пословање, администрација, и право",Оба пола,2356.0
2022,Број,"Природне науке, математика, и статистика",Оба пола,606.0
2022,Број,Информационе и комуникационе технологије,Оба пола,545.0
2022,Број,"Инжењерство, производња и грађевинарство",Оба пола,1946.0
2022,Број,"Пољопривреда, шумарство, рибарство и ветеринарство",Оба пола,496.0
2022,Број,Здравство и социјална заштита,Оба пола,1251.0
2022,Број,Услуге,Оба пола,596.0
2022,Број,Непознато,Оба пола,51.0
2022,Број,Укупно,M,4186.0
2022,Број,Образовање,M,274.0
2022,Број,Умјетност и хуманистичке науке,M,369.0
2022,Број,"Друштвене науке, новинарство и информисање",M,535.0
2022,Број,"Пословање, администрација, и право",M,729.0
2022,Број,"Природне науке, математика, и статистика",M,179.0
2022,Број,Информационе и комуникационе технологије,M,344.0
2022,Број,"Инжењерство, производња и грађевинарство",M,1054.0
2022,Број,"Пољопривреда, шумарство, рибарство и ветеринарство",M,205.0
2022,Број,Здравство и социјална заштита,M,223.0
2022,Број,Услуге,M,263.0
2022,Број,Непознато,M,11.0
2022,Број,Укупно,Ж,7449.0
2022,Број,Образовање,Ж,861.0
2022,Број,Умјетност и хуманистичке науке,Ж,820.0
2022,Број,"Друштвене науке, новинарство и информисање",Ж,929.0
2022,Број,"Пословање, администрација, и право",Ж,1627.0
2022,Број,"Природне науке, математика, и статистика",Ж,427.0
2022,Број,Информационе и комуникационе технологије,Ж,201.0
2022,Број,"Инжењерство, производња и грађевинарство",Ж,892.0
2022,Број,"Пољопривреда, шумарство, рибарство и ветеринарство",Ж,291.0
2022,Број,Здравство и социјална заштита,Ж,1028.0
2022,Број,Услуге,Ж,333.0
2022,Број,Непознато,Ж,40.0
2023,Број,Укупно,Оба пола,11553.0
2023,Број,Образовање,Оба пола,1085.0
20223NUMBER,Умјетност и хуманистичке науке,Оба пола,1064,
2023,Број,"Друштвене науке, новинарство и информисање",Оба пола,1665.0
2023,Број,"Пословање, администрација, и право",Оба пола,2698.0
2023,Број,"Природне науке, математика, и статистика",Оба пола,430.0
2023,Број,Информационе и комуникационе технологије,Оба пола,561.0
2023,Број,"Инжењерство, производња и грађевинарство",Оба пола,1958.0
2023,Број,"Пољопривреда, шумарство, рибарство и ветеринарство",Оба пола,358.0
2023,Број,Здравство и социјална заштита,Оба пола,1396.0
2023,Број,Услуге,Оба пола,339.0
2023,Број,Непознато,Оба пола,0.0
2023,Број,Укупно,M,4174.0
2023,Број,Образовање,M,319.0
2023,Број,Умјетност и хуманистичке науке,M,338.0
2023,Број,"Друштвене науке, новинарство и информисање",M,591.0
2023,Број,"Пословање, администрација, и право",M,911.0
2023,Број,"Природне науке, математика, и статистика",M,158.0
2023,Број,Информационе и комуникационе технологије,M,319.0
2023,Број,"Инжењерство, производња и грађевинарство",M,995.0
2023,Број,"Пољопривреда, шумарство, рибарство и ветеринарство",M,175.0
2023,Број,Здравство и социјална заштита,M,262.0
2023,Број,Услуге,M,192.0
2023,Број,Непознато,M,0.0
2023,Број,Укупно,Ж,7379.0
2023,Број,Образовање,Ж,879.0
2023,Број,Умјетност и хуманистичке науке,Ж,726.0
2023,Број,"Друштвене науке, новинарство и информисање",Ж,1074.0
2023,Број,"Пословање, администрација, и право",Ж,1787.0
2023,Број,"Природне науке, математика, и статистика",Ж,272.0
2023,Број,Информационе и комуникационе технологије,Ж,242.0
2023,Број,"Инжењерство, производња и грађевинарство",Ж,963.0
2023,Број,"Пољопривреда, шумарство, рибарство и ветеринарство",Ж,182.0
2023,Број,Здравство и социјална заштита,Ж,1134.0
2023,Број,Услуге,Ж,147.0
2022,Број,Непознато,Ж,0.0
