Year,UNIT_MEASURE,Врста образовања,Пол,Value
2014,Број,Укупно,Оба пола,11333
2014,Број,Образовање,Оба пола,1199
2014,Број,Умјетност и хуманистичке науке,Оба пола,1393
2014,Број,"Друштвене науке, новинарство и информисање",Оба пола,2491
2014,Број,"Пословање, администрација, и право",Оба пола,1674
2014,Број,"Природне науке, математика, и статистика",Оба пола,593
2014,Број,Информационе и комуникационе технологије,Оба пола,286
2014,Број,"Инжењерство, производња и грађевинарство",Оба пола,1516
2014,Број,"Пољопривреда, шумарство, рибарство и ветеринарство",Оба пола,539
2014,Број,Здравство и социјална заштита,Оба пола,961
2014,Број,Услуге,Оба пола,586
2014,Број,Непознато,Оба пола,95
2014,Број,Укупно,M,4494
2014,Број,Образовање,M,313
2014,Број,Умјетност и хуманистичке науке,M,470
2014,Број,"Друштвене науке, новинарство и информисање",M,968
2014,Број,"Пословање, администрација, и право",M,625
2014,Број,"Природне науке, математика, и статистика",M,175
2014,Број,Информационе и комуникационе технологије,M,176
2014,Број,"Инжењерство, производња и грађевинарство",M,965
2014,Број,"Пољопривреда, шумарство, рибарство и ветеринарство",M,248
2014,Број,Здравство и социјална заштита,M,189
2014,Број,Услуге,M,334
2014,Број,Непознато,M,31
2014,Број,Укупно,Ж,6839
2014,Број,Образовање,Ж,886
2014,Број,Умјетност и хуманистичке науке,Ж,923
2014,Број,"Друштвене науке, новинарство и информисање",Ж,1523
2014,Број,"Пословање, администрација, и право",Ж,1049
2014,Број,"Природне науке, математика, и статистика",Ж,418
2014,Број,Информационе и комуникационе технологије,Ж,110
2014,Број,"Инжењерство, производња и грађевинарство",Ж,551
2014,Број,"Пољопривреда, шумарство, рибарство и ветеринарство",Ж,291
2014,Број,Здравство и социјална заштита,Ж,772
2014,Број,Услуге,Ж,252
2014,Број,Непознато,Ж,64
2015,Број,Укупно,Оба пола,12062
2015,Број,Образовање,Оба пола,910
2015,Број,Умјетност и хуманистичке науке,Оба пола,1407
2015,Број,"Друштвене науке, новинарство и информисање",Оба пола,2674
2015,Број,"Пословање, администрација, и право",Оба пола,2158
2015,Број,"Природне науке, математика, и статистика",Оба пола,659
2015,Број,Информационе и комуникационе технологије,Оба пола,332
2015,Број,"Инжењерство, производња и грађевинарство",Оба пола,1827
2015,Број,"Пољопривреда, шумарство, рибарство и ветеринарство",Оба пола,585
2015,Број,Здравство и социјална заштита,Оба пола,905
2015,Број,Услуге,Оба пола,574
2015,Број,Непознато,Оба пола,31
2015,Број,Укупно,M,4717
2015,Број,Образовање,M,245
2015,Број,Умјетност и хуманистичке науке,M,438
2015,Број,"Друштвене науке, новинарство и информисање",M,1031
2015,Број,"Пословање, администрација, и право",M,723
2015,Број,"Природне науке, математика, и статистика",M,182
2015,Број,Информационе и комуникационе технологије,M,224
2015,Број,"Инжењерство, производња и грађевинарство",M,1128
2015,Број,"Пољопривреда, шумарство, рибарство и ветеринарство",M,257
2015,Број,Здравство и социјална заштита,M,172
2015,Број,Услуге,M,308
2015,Број,Непознато,M,9
2015,Број,Укупно,Ж,7345
2015,Број,Образовање,Ж,665
2015,Број,Умјетност и хуманистичке науке,Ж,969
2015,Број,"Друштвене науке, новинарство и информисање",Ж,1643
2015,Број,"Пословање, администрација, и право",Ж,1435
2015,Број,"Природне науке, математика, и статистика",Ж,477
2015,Број,Информационе и комуникационе технологије,Ж,108
2015,Број,"Инжењерство, производња и грађевинарство",Ж,699
2015,Број,"Пољопривреда, шумарство, рибарство и ветеринарство",Ж,328
2015,Број,Здравство и социјална заштита,Ж,733
2015,Број,Услуге,Ж,266
2015,Број,Непознато,Ж,22
2016,Број,Укупно,Оба пола,11604
2016,Број,Образовање,Оба пола,900
2016,Број,Умјетност и хуманистичке науке,Оба пола,1399
2016,Број,"Друштвене науке, новинарство и информисање",Оба пола,1839
2016,Број,"Пословање, администрација, и право",Оба пола,2676
2016,Број,"Природне науке, математика, и статистика",Оба пола,724
2016,Број,Информационе и комуникационе технологије,Оба пола,510
2016,Број,"Инжењерство, производња и грађевинарство",Оба пола,1626
2016,Број,"Пољопривреда, шумарство, рибарство и ветеринарство",Оба пола,566
2016,Број,Здравство и социјална заштита,Оба пола,859
2016,Број,Услуге,Оба пола,454
2016,Број,Непознато,Оба пола,51
2016,Број,Укупно,M,4655
2016,Број,Образовање,M,275
2016,Број,Умјетност и хуманистичке науке,M,448
2016,Број,"Друштвене науке, новинарство и информисање",M,704
2016,Број,"Пословање, администрација, и право",M,971
2016,Број,"Природне науке, математика, и статистика",M,215
2016,Број,Информационе и комуникационе технологије,M,351
2016,Број,"Инжењерство, производња и грађевинарство",M,978
2016,Број,"Пољопривреда, шумарство, рибарство и ветеринарство",M,267
2016,Број,Здравство и социјална заштита,M,204
2016,Број,Услуге,M,218
2016,Број,Непознато,M,24
2016,Број,Укупно,Ж,6949
2016,Број,Образовање,Ж,625
2016,Број,Умјетност и хуманистичке науке,Ж,951
2016,Број,"Друштвене науке, новинарство и информисање",Ж,1135
2016,Број,"Пословање, администрација, и право",Ж,1705
2016,Број,"Природне науке, математика, и статистика",Ж,509
2016,Број,Информационе и комуникационе технологије,Ж,159
2016,Број,"Инжењерство, производња и грађевинарство",Ж,648
2016,Број,"Пољопривреда, шумарство, рибарство и ветеринарство",Ж,299
2016,Број,Здравство и социјална заштита,Ж,655
2016,Број,Услуге,Ж,236
2016,Број,Непознато,Ж,27
2017,Број,Укупно,Оба пола,11360
2017,Број,Образовање,Оба пола,838
2017,Број,Умјетност и хуманистичке науке,Оба пола,1336
2017,Број,"Друштвене науке, новинарство и информисање",Оба пола,1767
2017,Број,"Пословање, администрација, и право",Оба пола,2456
2017,Број,"Природне науке, математика, и статистика",Оба пола,656
2017,Број,Информационе и комуникационе технологије,Оба пола,494
2017,Број,"Инжењерство, производња и грађевинарство",Оба пола,1763
2017,Број,"Пољопривреда, шумарство, рибарство и ветеринарство",Оба пола,595
2017,Број,Здравство и социјална заштита,Оба пола,786
2017,Број,Услуге,Оба пола,517
2017,Број,Непознато,Оба пола,152
2017,Број,Укупно,M,4471
2017,Број,Образовање,M,206
2017,Број,Умјетност и хуманистичке науке,M,394
2017,Број,"Друштвене науке, новинарство и информисање",M,662
2017,Број,"Пословање, администрација, и право",M,876
2017,Број,"Природне науке, математика, и статистика",M,169
2017,Број,Информационе и комуникационе технологије,M,331
2017,Број,"Инжењерство, производња и грађевинарство",M,1070
2017,Број,"Пољопривреда, шумарство, рибарство и ветеринарство",M,269
2017,Број,Здравство и социјална заштита,M,174
2017,Број,Услуге,M,280
2017,Број,Непознато,M,40
2017,Број,Укупно,Ж,6889
2017,Број,Образовање,Ж,632
2017,Број,Умјетност и хуманистичке науке,Ж,942
2017,Број,"Друштвене науке, новинарство и информисање",Ж,1105
2017,Број,"Пословање, администрација, и право",Ж,1580
2017,Број,"Природне науке, математика, и статистика",Ж,487
2017,Број,Информационе и комуникационе технологије,Ж,163
2017,Број,"Инжењерство, производња и грађевинарство",Ж,693
2017,Број,"Пољопривреда, шумарство, рибарство и ветеринарство",Ж,326
2017,Број,Здравство и социјална заштита,Ж,612
2017,Број,Услуге,Ж,237
2017,Број,Непознато,Ж,112
2018,Број,Укупно,Оба пола,12083
2018,Број,Образовање,Оба пола,1188
2018,Број,Умјетност и хуманистичке науке,Оба пола,1348
2018,Број,"Друштвене науке, новинарство и информисање",Оба пола,1800
2018,Број,"Пословање, администрација, и право",Оба пола,2411
2018,Број,"Природне науке, математика, и статистика",Оба пола,673
2018,Број,Информационе и комуникационе технологије,Оба пола,578
2018,Број,"Инжењерство, производња и грађевинарство",Оба пола,1879
2018,Број,"Пољопривреда, шумарство, рибарство и ветеринарство",Оба пола,694
2018,Број,Здравство и социјална заштита,Оба пола,1050
2018,Број,Услуге,Оба пола,390
2018,Број,Непознато,Оба пола,72
2018,Број,Укупно,M,4563
2018,Број,Образовање,M,286
2018,Број,Умјетност и хуманистичке науке,M,393
2018,Број,"Друштвене науке, новинарство и информисање",M,627
2018,Број,"Пословање, администрација, и право",M,864
2018,Број,"Природне науке, математика, и статистика",M,176
2018,Број,Информационе и комуникационе технологије,M,350
2018,Број,"Инжењерство, производња и грађевинарство",M,1100
2018,Број,"Пољопривреда, шумарство, рибарство и ветеринарство",M,303
2018,Број,Здравство и социјална заштита,M,231
2018,Број,Услуге,M,209
2018,Број,Непознато,M,24
2018,Број,Укупно,Ж,7520
2018,Број,Образовање,Ж,902
2018,Број,Умјетност и хуманистичке науке,Ж,955
2018,Број,"Друштвене науке, новинарство и информисање",Ж,1173
2018,Број,"Пословање, администрација, и право",Ж,1547
2018,Број,"Природне науке, математика, и статистика",Ж,497
2018,Број,Информационе и комуникационе технологије,Ж,228
2018,Број,"Инжењерство, производња и грађевинарство",Ж,779
2018,Број,"Пољопривреда, шумарство, рибарство и ветеринарство",Ж,391
2018,Број,Здравство и социјална заштита,Ж,819
2018,Број,Услуге,Ж,181
2018,Број,Непознато,Ж,48
2019,Број,Укупно,Оба пола,12449
2019,Број,Образовање,Оба пола,1129
2019,Број,Умјетност и хуманистичке науке,Оба пола,1387
2019,Број,"Друштвене науке, новинарство и информисање",Оба пола,1737
2019,Број,"Пословање, администрација, и право",Оба пола,2522
2019,Број,"Природне науке, математика, и статистика",Оба пола,659
2019,Број,Информационе и комуникационе технологије,Оба пола,505
2019,Број,"Инжењерство, производња и грађевинарство",Оба пола,1927
2019,Број,"Пољопривреда, шумарство, рибарство и ветеринарство",Оба пола,737
2019,Број,Здравство и социјална заштита,Оба пола,1158
2019,Број,Услуге,Оба пола,603
2019,Број,Непознато,Оба пола,85
2019,Број,Укупно,M,4808
2019,Број,Образовање,M,324
2019,Број,Умјетност и хуманистичке науке,M,448
2019,Број,"Друштвене науке, новинарство и информисање",M,629
2019,Број,"Пословање, администрација, и право",M,877
2019,Број,"Природне науке, математика, и статистика",M,171
2019,Број,Информационе и комуникационе технологије,M,314
2019,Број,"Инжењерство, производња и грађевинарство",M,1103
2019,Број,"Пољопривреда, шумарство, рибарство и ветеринарство",M,316
2019,Број,Здравство и социјална заштита,M,271
2019,Број,Услуге,M,328
2019,Број,Непознато,M,27
2019,Број,Укупно,Ж,7641
2019,Број,Образовање,Ж,805
2019,Број,Умјетност и хуманистичке науке,Ж,939
2019,Број,"Друштвене науке, новинарство и информисање",Ж,1108
2019,Број,"Пословање, администрација, и право",Ж,1645
2019,Број,"Природне науке, математика, и статистика",Ж,488
2019,Број,Информационе и комуникационе технологије,Ж,191
2019,Број,"Инжењерство, производња и грађевинарство",Ж,824
2019,Број,"Пољопривреда, шумарство, рибарство и ветеринарство",Ж,421
2019,Број,Здравство и социјална заштита,Ж,887
2019,Број,Услуге,Ж,275
2019,Број,Непознато,Ж,58
2020,Број,Укупно,Оба пола,13192
2020,Број,Образовање,Оба пола,1268
2020,Број,Умјетност и хуманистичке науке,Оба пола,1329
2020,Број,"Друштвене науке, новинарство и информисање",Оба пола,1932
2020,Број,"Пословање, администрација, и право",Оба пола,2514
2020,Број,"Природне науке, математика, и статистика",Оба пола,686
2020,Број,Информационе и комуникационе технологије,Оба пола,582
2020,Број,"Инжењерство, производња и грађевинарство",Оба пола,1971
2020,Број,"Пољопривреда, шумарство, рибарство и ветеринарство",Оба пола,751
2020,Број,Здравство и социјална заштита,Оба пола,1345
2020,Број,Услуге,Оба пола,749
2020,Број,Непознато,Оба пола,65
2020,Број,Укупно,M,4945
2020,Број,Образовање,M,323
2020,Број,Умјетност и хуманистичке науке,M,458
2020,Број,"Друштвене науке, новинарство и информисање",M,690
2020,Број,"Пословање, администрација, и право",M,837
2020,Број,"Природне науке, математика, и статистика",M,194
2020,Број,Информационе и комуникационе технологије,M,364
2020,Број,"Инжењерство, производња и грађевинарство",M,1116
2020,Број,"Пољопривреда, шумарство, рибарство и ветеринарство",M,325
2020,Број,Здравство и социјална заштита,M,244
2020,Број,Услуге,M,372
2020,Број,Непознато,M,22
2020,Број,Укупно,Ж,8247
2020,Број,Образовање,Ж,945
2020,Број,Умјетност и хуманистичке науке,Ж,871
2020,Број,"Друштвене науке, новинарство и информисање",Ж,1242
2020,Број,"Пословање, администрација, и право",Ж,1677
2020,Број,"Природне науке, математика, и статистика",Ж,492
2020,Број,Информационе и комуникационе технологије,Ж,218
2020,Број,"Инжењерство, производња и грађевинарство",Ж,855
2020,Број,"Пољопривреда, шумарство, рибарство и ветеринарство",Ж,426
2020,Број,Здравство и социјална заштита,Ж,1101
2020,Број,Услуге,Ж,377
2020,Број,Непознато,Ж,43
2021,Број,Укупно,Оба пола,12290
2021,Број,Образовање,Оба пола,1238
2021,Број,Умјетност и хуманистичке науке,Оба пола,1214
2021,Број,"Друштвене науке, новинарство и информисање",Оба пола,1831
2021,Број,"Пословање, администрација, и право",Оба пола,2141
2021,Број,"Природне науке, математика, и статистика",Оба пола,644
2021,Број,Информационе и комуникационе технологије,Оба пола,552
2021,Број,"Инжењерство, производња и грађевинарство",Оба пола,1989
2021,Број,"Пољопривреда, шумарство, рибарство и ветеринарство",Оба пола,619
2021,Број,Здравство и социјална заштита,Оба пола,1286
2021,Број,Услуге,Оба пола,776
2021,Број,Непознато,Оба пола,0
2021,Број,Укупно,M,4480
2021,Број,Образовање,M,286
2021,Број,Умјетност и хуманистичке науке,M,422
2021,Број,"Друштвене науке, новинарство и информисање",M,676
2021,Број,"Пословање, администрација, и право",M,698
2021,Број,"Природне науке, математика, и статистика",M,176
2021,Број,Информационе и комуникационе технологије,M,327
2021,Број,"Инжењерство, производња и грађевинарство",M,1072
2021,Број,"Пољопривреда, шумарство, рибарство и ветеринарство",M,249
2021,Број,Здравство и социјална заштита,M,227
2021,Број,Услуге,M,347
2021,Број,Непознато,M,0
2021,Број,Укупно,Ж,7810
2021,Број,Образовање,Ж,952
2021,Број,Умјетност и хуманистичке науке,Ж,792
2021,Број,"Друштвене науке, новинарство и информисање",Ж,1155
2021,Број,"Пословање, администрација, и право",Ж,1443
2021,Број,"Природне науке, математика, и статистика",Ж,468
2021,Број,Информационе и комуникационе технологије,Ж,225
2021,Број,"Инжењерство, производња и грађевинарство",Ж,917
2021,Број,"Пољопривреда, шумарство, рибарство и ветеринарство",Ж,370
2021,Број,Здравство и социјална заштита,Ж,1059
2021,Број,Услуге,Ж,429
2021,Број,Непознато,Ж,0
2022,Број,Укупно,Оба пола,11635
2022,Број,Образовање,Оба пола,1135
2022,Број,Умјетност и хуманистичке науке,Оба пола,1189
2022,Број,"Друштвене науке, новинарство и информисање",Оба пола,1464
2022,Број,"Пословање, администрација, и право",Оба пола,2356
2022,Број,"Природне науке, математика, и статистика",Оба пола,606
2022,Број,Информационе и комуникационе технологије,Оба пола,545
2022,Број,"Инжењерство, производња и грађевинарство",Оба пола,1946
2022,Број,"Пољопривреда, шумарство, рибарство и ветеринарство",Оба пола,496
2022,Број,Здравство и социјална заштита,Оба пола,1251
2022,Број,Услуге,Оба пола,596
2022,Број,Непознато,Оба пола,51
2022,Број,Укупно,M,4186
2022,Број,Образовање,M,274
2022,Број,Умјетност и хуманистичке науке,M,369
2022,Број,"Друштвене науке, новинарство и информисање",M,535
2022,Број,"Пословање, администрација, и право",M,729
2022,Број,"Природне науке, математика, и статистика",M,179
2022,Број,Информационе и комуникационе технологије,M,344
2022,Број,"Инжењерство, производња и грађевинарство",M,1054
2022,Број,"Пољопривреда, шумарство, рибарство и ветеринарство",M,205
2022,Број,Здравство и социјална заштита,M,223
2022,Број,Услуге,M,263
2022,Број,Непознато,M,11
2022,Број,Укупно,Ж,7449
2022,Број,Образовање,Ж,861
2022,Број,Умјетност и хуманистичке науке,Ж,820
2022,Број,"Друштвене науке, новинарство и информисање",Ж,929
2022,Број,"Пословање, администрација, и право",Ж,1627
2022,Број,"Природне науке, математика, и статистика",Ж,427
2022,Број,Информационе и комуникационе технологије,Ж,201
2022,Број,"Инжењерство, производња и грађевинарство",Ж,892
2022,Број,"Пољопривреда, шумарство, рибарство и ветеринарство",Ж,291
2022,Број,Здравство и социјална заштита,Ж,1028
2022,Број,Услуге,Ж,333
2022,Број,Непознато,Ж,40
2023,Број,Укупно,Оба пола,11553
2023,Број,Образовање,Оба пола,1085
2023,Број,Умјетност и хуманистичке науке,Оба пола,1064
2023,Број,"Друштвене науке, новинарство и информисање",Оба пола,1665
2023,Број,"Пословање, администрација, и право",Оба пола,2698
2023,Број,"Природне науке, математика, и статистика",Оба пола,430
2023,Број,Информационе и комуникационе технологије,Оба пола,561
2023,Број,"Инжењерство, производња и грађевинарство",Оба пола,1958
2023,Број,"Пољопривреда, шумарство, рибарство и ветеринарство",Оба пола,358
2023,Број,Здравство и социјална заштита,Оба пола,1396
2023,Број,Услуге,Оба пола,339
2023,Број,Непознато,Оба пола,0
2023,Број,Укупно,M,4174
2023,Број,Образовање,M,319
2023,Број,Умјетност и хуманистичке науке,M,338
2023,Број,"Друштвене науке, новинарство и информисање",M,591
2023,Број,"Пословање, администрација, и право",M,911
2023,Број,"Природне науке, математика, и статистика",M,158
2023,Број,Информационе и комуникационе технологије,M,319
2023,Број,"Инжењерство, производња и грађевинарство",M,995
2023,Број,"Пољопривреда, шумарство, рибарство и ветеринарство",M,175
2023,Број,Здравство и социјална заштита,M,262
2023,Број,Услуге,M,192
2023,Број,Непознато,M,0
2023,Број,Укупно,Ж,7379
2023,Број,Образовање,Ж,879
2023,Број,Умјетност и хуманистичке науке,Ж,726
2023,Број,"Друштвене науке, новинарство и информисање",Ж,1074
2023,Број,"Пословање, администрација, и право",Ж,1787
2023,Број,"Природне науке, математика, и статистика",Ж,272
2023,Број,Информационе и комуникационе технологије,Ж,242
2023,Број,"Инжењерство, производња и грађевинарство",Ж,963
2023,Број,"Пољопривреда, шумарство, рибарство и ветеринарство",Ж,182
2023,Број,Здравство и социјална заштита,Ж,1134
2023,Број,Услуге,Ж,147
2022,Број,Непознато,Ж,0
