Year,UNIT_MEASURE,Врста образовања,Пол,Value
2014,Број,Укупно,Оба пола,301
2014,Број,Образовање,Оба пола,16
2014,Број,Умјетност и хуманистичке науке,Оба пола,16
2014,Број,"Друштвене науке, новинарство и информисање",Оба пола,62
2014,Број,"Пословање, администрација, и право",Оба пола,39
2014,Број,"Природне науке, математика, и статистика",Оба пола,6
2014,Број,Информационе и комуникационе технологије,Оба пола,7
2014,Број,"Инжењерство, производња и грађевинарство",Оба пола,33
2014,Број,"Пољопривреда, шумарство, рибарство и ветеринарство",Оба пола,14
2014,Број,Здравство и социјална заштита,Оба пола,86
2014,Број,Услуге,Оба пола,7
2014,Број,Непознато,Оба пола,15
2014,Број,Укупно,M,185
2014,Број,Образовање,M,10
2014,Број,Умјетност и хуманистичке науке,M,11
2014,Број,"Друштвене науке, новинарство и информисање",M,41
2014,Број,"Пословање, администрација, и право",M,28
2014,Број,"Природне науке, математика, и статистика",M,3
2014,Број,Информационе и комуникационе технологије,M,5
2014,Број,"Инжењерство, производња и грађевинарство",M,25
2014,Број,"Пољопривреда, шумарство, рибарство и ветеринарство",M,10
2014,Број,Здравство и социјална заштита,M,33
2014,Број,Услуге,M,5
2014,Број,Непознато,M,14
2014,Број,Укупно,Ж,116
2014,Број,Образовање,Ж,6
2014,Број,Умјетност и хуманистичке науке,Ж,5
2014,Број,"Друштвене науке, новинарство и информисање",Ж,21
2014,Број,"Пословање, администрација, и право",Ж,11
2014,Број,"Природне науке, математика, и статистика",Ж,3
2014,Број,Информационе и комуникационе технологије,Ж,2
2014,Број,"Инжењерство, производња и грађевинарство",Ж,8
2014,Број,"Пољопривреда, шумарство, рибарство и ветеринарство",Ж,4
2014,Број,Здравство и социјална заштита,Ж,53
2014,Број,Услуге,Ж,2
2014,Број,Непознато,Ж,1
2015,Број,Укупно,Оба пола,285
2015,Број,Образовање,Оба пола,15
2015,Број,Умјетност и хуманистичке науке,Оба пола,7
2015,Број,"Друштвене науке, новинарство и информисање",Оба пола,53
2015,Број,"Пословање, администрација, и право",Оба пола,39
2015,Број,"Природне науке, математика, и статистика",Оба пола,17
2015,Број,Информационе и комуникационе технологије,Оба пола,5
2015,Број,"Инжењерство, производња и грађевинарство",Оба пола,49
2015,Број,"Пољопривреда, шумарство, рибарство и ветеринарство",Оба пола,12
2015,Број,Здравство и социјална заштита,Оба пола,80
2015,Број,Услуге,Оба пола,7
2015,Број,Непознато,Оба пола,1
2015,Број,Укупно,M,157
2015,Број,Образовање,M,6
2015,Број,Умјетност и хуманистичке науке,M,3
2015,Број,"Друштвене науке, новинарство и информисање",M,35
2015,Број,"Пословање, администрација, и право",M,22
2015,Број,"Природне науке, математика, и статистика",M,7
2015,Број,Информационе и комуникационе технологије,M,4
2015,Број,"Инжењерство, производња и грађевинарство",M,36
2015,Број,"Пољопривреда, шумарство, рибарство и ветеринарство",M,8
2015,Број,Здравство и социјална заштита,M,31
2015,Број,Услуге,M,5
2015,Број,Непознато,M,0
2015,Број,Укупно,Ж,128
2015,Број,Образовање,Ж,9
2015,Број,Умјетност и хуманистичке науке,Ж,4
2015,Број,"Друштвене науке, новинарство и информисање",Ж,18
2015,Број,"Пословање, администрација, и право",Ж,17
2015,Број,"Природне науке, математика, и статистика",Ж,10
2015,Број,Информационе и комуникационе технологије,Ж,1
2015,Број,"Инжењерство, производња и грађевинарство",Ж,13
2015,Број,"Пољопривреда, шумарство, рибарство и ветеринарство",Ж,4
2015,Број,Здравство и социјална заштита,Ж,49
2015,Број,Услуге,Ж,2
2015,Број,Непознато,Ж,1
2016,Број,Укупно,Оба пола,241
2016,Број,Образовање,Оба пола,10
2016,Број,Умјетност и хуманистичке науке,Оба пола,25
2016,Број,"Друштвене науке, новинарство и информисање",Оба пола,41
2016,Број,"Пословање, администрација, и право",Оба пола,38
2016,Број,"Природне науке, математика, и статистика",Оба пола,9
2016,Број,Информационе и комуникационе технологије,Оба пола,10
2016,Број,"Инжењерство, производња и грађевинарство",Оба пола,47
2016,Број,"Пољопривреда, шумарство, рибарство и ветеринарство",Оба пола,21
2016,Број,Здравство и социјална заштита,Оба пола,37
2016,Број,Услуге,Оба пола,2
2016,Број,Непознато,Оба пола,1
2016,Број,Укупно,M,142
2016,Број,Образовање,M,5
2016,Број,Умјетност и хуманистичке науке,M,12
2016,Број,"Друштвене науке, новинарство и информисање",M,22
2016,Број,"Пословање, администрација, и право",M,24
2016,Број,"Природне науке, математика, и статистика",M,4
2016,Број,Информационе и комуникационе технологије,M,6
2016,Број,"Инжењерство, производња и грађевинарство",M,38
2016,Број,"Пољопривреда, шумарство, рибарство и ветеринарство",M,12
2016,Број,Здравство и социјална заштита,M,17
2016,Број,Услуге,M,1
2016,Број,Непознато,M,1
2016,Број,Укупно,Ж,99
2016,Број,Образовање,Ж,5
2016,Број,Умјетност и хуманистичке науке,Ж,13
2016,Број,"Друштвене науке, новинарство и информисање",Ж,19
2016,Број,"Пословање, администрација, и право",Ж,14
2016,Број,"Природне науке, математика, и статистика",Ж,5
2016,Број,Информационе и комуникационе технологије,Ж,4
2016,Број,"Инжењерство, производња и грађевинарство",Ж,9
2016,Број,"Пољопривреда, шумарство, рибарство и ветеринарство",Ж,9
2016,Број,Здравство и социјална заштита,Ж,20
2016,Број,Услуге,Ж,1
2016,Број,Непознато,Ж,0
2017,Број,Укупно,Оба пола,285
2017,Број,Образовање,Оба пола,14
2017,Број,Умјетност и хуманистичке науке,Оба пола,34
2017,Број,"Друштвене науке, новинарство и информисање",Оба пола,31
2017,Број,"Пословање, администрација, и право",Оба пола,63
2017,Број,"Природне науке, математика, и статистика",Оба пола,33
2017,Број,Информационе и комуникационе технологије,Оба пола,8
2017,Број,"Инжењерство, производња и грађевинарство",Оба пола,38
2017,Број,"Пољопривреда, шумарство, рибарство и ветеринарство",Оба пола,10
2017,Број,Здравство и социјална заштита,Оба пола,47
2017,Број,Услуге,Оба пола,4
2017,Број,Непознато,Оба пола,3
2017,Број,Укупно,M,152
2017,Број,Образовање,M,5
2017,Број,Умјетност и хуманистичке науке,M,14
2017,Број,"Друштвене науке, новинарство и информисање",M,20
2017,Број,"Пословање, администрација, и право",M,36
2017,Број,"Природне науке, математика, и статистика",M,12
2017,Број,Информационе и комуникационе технологије,M,4
2017,Број,"Инжењерство, производња и грађевинарство",M,28
2017,Број,"Пољопривреда, шумарство, рибарство и ветеринарство",M,8
2017,Број,Здравство и социјална заштита,M,21
2017,Број,Услуге,M,3
2017,Број,Непознато,M,1
2017,Број,Укупно,Ж,133
2017,Број,Образовање,Ж,9
2017,Број,Умјетност и хуманистичке науке,Ж,20
2017,Број,"Друштвене науке, новинарство и информисање",Ж,11
2017,Број,"Пословање, администрација, и право",Ж,27
2017,Број,"Природне науке, математика, и статистика",Ж,21
2017,Број,Информационе и комуникационе технологије,Ж,4
2017,Број,"Инжењерство, производња и грађевинарство",Ж,10
2017,Број,"Пољопривреда, шумарство, рибарство и ветеринарство",Ж,2
2017,Број,Здравство и социјална заштита,Ж,26
2017,Број,Услуге,Ж,1
2017,Број,Непознато,Ж,2
2018,Број,Укупно,Оба пола,193
2018,Број,Образовање,Оба пола,8
2018,Број,Умјетност и хуманистичке науке,Оба пола,18
2018,Број,"Друштвене науке, новинарство и информисање",Оба пола,28
2018,Број,"Пословање, администрација, и право",Оба пола,44
2018,Број,"Природне науке, математика, и статистика",Оба пола,19
2018,Број,Информационе и комуникационе технологије,Оба пола,8
2018,Број,"Инжењерство, производња и грађевинарство",Оба пола,21
2018,Број,"Пољопривреда, шумарство, рибарство и ветеринарство",Оба пола,16
2018,Број,Здравство и социјална заштита,Оба пола,22
2018,Број,Услуге,Оба пола,8
2018,Број,Непознато,Оба пола,1
2018,Број,Укупно,M,106
2018,Број,Образовање,M,4
2018,Број,Умјетност и хуманистичке науке,M,9
2018,Број,"Друштвене науке, новинарство и информисање",M,18
2018,Број,"Пословање, администрација, и право",M,25
2018,Број,"Природне науке, математика, и статистика",M,11
2018,Број,Информационе и комуникационе технологије,M,7
2018,Број,"Инжењерство, производња и грађевинарство",M,12
2018,Број,"Пољопривреда, шумарство, рибарство и ветеринарство",M,8
2018,Број,Здравство и социјална заштита,M,7
2018,Број,Услуге,M,5
2018,Број,Непознато,M,0
2018,Број,Укупно,Ж,87
2018,Број,Образовање,Ж,4
2018,Број,Умјетност и хуманистичке науке,Ж,9
2018,Број,"Друштвене науке, новинарство и информисање",Ж,10
2018,Број,"Пословање, администрација, и право",Ж,19
2018,Број,"Природне науке, математика, и статистика",Ж,8
2018,Број,Информационе и комуникационе технологије,Ж,1
2018,Број,"Инжењерство, производња и грађевинарство",Ж,9
2018,Број,"Пољопривреда, шумарство, рибарство и ветеринарство",Ж,8
2018,Број,Здравство и социјална заштита,Ж,15
2018,Број,Услуге,Ж,3
2018,Број,Непознато,Ж,1
2019,Број,Укупно,Оба пола,166
2019,Број,Образовање,Оба пола,7
2019,Број,Умјетност и хуманистичке науке,Оба пола,21
2019,Број,"Друштвене науке, новинарство и информисање",Оба пола,37
2019,Број,"Пословање, администрација, и право",Оба пола,42
2019,Број,"Природне науке, математика, и статистика",Оба пола,10
2019,Број,Информационе и комуникационе технологије,Оба пола,5
2019,Број,"Инжењерство, производња и грађевинарство",Оба пола,16
2019,Број,"Пољопривреда, шумарство, рибарство и ветеринарство",Оба пола,9
2019,Број,Здравство и социјална заштита,Оба пола,14
2019,Број,Услуге,Оба пола,3
2019,Број,Непознато,Оба пола,2
2019,Број,Укупно,M,97
2019,Број,Образовање,M,3
2019,Број,Умјетност и хуманистичке науке,M,9
2019,Број,"Друштвене науке, новинарство и информисање",M,30
2019,Број,"Пословање, администрација, и право",M,27
2019,Број,"Природне науке, математика, и статистика",M,3
2019,Број,Информационе и комуникационе технологије,M,3
2019,Број,"Инжењерство, производња и грађевинарство",M,9
2019,Број,"Пољопривреда, шумарство, рибарство и ветеринарство",M,6
2019,Број,Здравство и социјална заштита,M,3
2019,Број,Услуге,M,2
2019,Број,Непознато,M,2
2019,Број,Укупно,Ж,69
2019,Број,Образовање,Ж,4
2019,Број,Умјетност и хуманистичке науке,Ж,12
2019,Број,"Друштвене науке, новинарство и информисање",Ж,7
2019,Број,"Пословање, администрација, и право",Ж,15
2019,Број,"Природне науке, математика, и статистика",Ж,7
2019,Број,Информационе и комуникационе технологије,Ж,2
2019,Број,"Инжењерство, производња и грађевинарство",Ж,7
2019,Број,"Пољопривреда, шумарство, рибарство и ветеринарство",Ж,3
2019,Број,Здравство и социјална заштита,Ж,11
2019,Број,Услуге,Ж,1
2019,Број,Непознато,Ж,0
2020,Број,Укупно,Оба пола,148
2020,Број,Образовање,Оба пола,11
2020,Број,Умјетност и хуманистичке науке,Оба пола,9
2020,Број,"Друштвене науке, новинарство и информисање",Оба пола,45
2020,Број,"Пословање, администрација, и право",Оба пола,21
2020,Број,"Природне науке, математика, и статистика",Оба пола,11
2020,Број,Информационе и комуникационе технологије,Оба пола,6
2020,Број,"Инжењерство, производња и грађевинарство",Оба пола,17
2020,Број,"Пољопривреда, шумарство, рибарство и ветеринарство",Оба пола,6
2020,Број,Здравство и социјална заштита,Оба пола,15
2020,Број,Услуге,Оба пола,7
2020,Број,Непознато,Оба пола,0
2020,Број,Укупно,M,90
2020,Број,Образовање,M,7
2020,Број,Умјетност и хуманистичке науке,M,2
2020,Број,"Друштвене науке, новинарство и информисање",M,34
2020,Број,"Пословање, администрација, и право",M,16
2020,Број,"Природне науке, математика, и статистика",M,7
2020,Број,Информационе и комуникационе технологије,M,3
2020,Број,"Инжењерство, производња и грађевинарство",M,10
2020,Број,"Пољопривреда, шумарство, рибарство и ветеринарство",M,1
2020,Број,Здравство и социјална заштита,M,4
2020,Број,Услуге,M,6
2020,Број,Непознато,M,0
2020,Број,Укупно,Ж,58
2020,Број,Образовање,Ж,4
2020,Број,Умјетност и хуманистичке науке,Ж,7
2020,Број,"Друштвене науке, новинарство и информисање",Ж,12
2020,Број,"Пословање, администрација, и право",Ж,4
2020,Број,"Природне науке, математика, и статистика",Ж,4
2020,Број,Информационе и комуникационе технологије,Ж,3
2020,Број,"Инжењерство, производња и грађевинарство",Ж,7
2020,Број,"Пољопривреда, шумарство, рибарство и ветеринарство",Ж,5
2020,Број,Здравство и социјална заштита,Ж,11
2020,Број,Услуге,Ж,1
2020,Број,Непознато,Ж,0
2021,Број,Укупно,Оба пола,147
2021,Број,Образовање,Оба пола,11
2021,Број,Умјетност и хуманистичке науке,Оба пола,11
2021,Број,"Друштвене науке, новинарство и информисање",Оба пола,24
2021,Број,"Пословање, администрација, и право",Оба пола,33
2021,Број,"Природне науке, математика, и статистика",Оба пола,16
2021,Број,Информационе и комуникационе технологије,Оба пола,5
2021,Број,"Инжењерство, производња и грађевинарство",Оба пола,17
2021,Број,"Пољопривреда, шумарство, рибарство и ветеринарство",Оба пола,5
2021,Број,Здравство и социјална заштита,Оба пола,21
2021,Број,Услуге,Оба пола,4
2021,Број,Непознато,Оба пола,0
2021,Број,Укупно,M,76
2021,Број,Образовање,M,5
2021,Број,Умјетност и хуманистичке науке,M,3
2021,Број,"Друштвене науке, новинарство и информисање",M,14
2021,Број,"Пословање, администрација, и право",M,25
2021,Број,"Природне науке, математика, и статистика",M,5
2021,Број,Информационе и комуникационе технологије,M,4
2020,Број,"Инжењерство, производња и грађевинарство",M,8
2021,Број,"Пољопривреда, шумарство, рибарство и ветеринарство",M,3
2021,Број,Здравство и социјална заштита,M,7
2021,Број,Услуге,M,2
2021,Број,Непознато,M,0
2021,Број,Укупно,Ж,71
2021,Број,Образовање,Ж,6
2021,Број,Умјетност и хуманистичке науке,Ж,8
2021,Број,"Друштвене науке, новинарство и информисање",Ж,10
2021,Број,"Пословање, администрација, и право",Ж,8
2021,Број,"Природне науке, математика, и статистика",Ж,11
2021,Број,Информационе и комуникационе технологије,Ж,1
2021,Број,"Инжењерство, производња и грађевинарство",Ж,9
2021,Број,"Пољопривреда, шумарство, рибарство и ветеринарство",Ж,2
2021,Број,Здравство и социјална заштита,Ж,14
2021,Број,Услуге,Ж,2
2021,Број,Непознато,Ж,0
2021,Број,Укупно,Оба пола,147
2021,Број,Образовање,Оба пола,11
2021,Број,Умјетност и хуманистичке науке,Оба пола,11
2021,Број,"Друштвене науке, новинарство и информисање",Оба пола,24
2021,Број,"Пословање, администрација, и право",Оба пола,33
2021,Број,"Природне науке, математика, и статистика",Оба пола,16
2021,Број,Информационе и комуникационе технологије,Оба пола,5
2021,Број,"Инжењерство, производња и грађевинарство",Оба пола,17
2021,Број,"Пољопривреда, шумарство, рибарство и ветеринарство",Оба пола,5
2021,Број,Здравство и социјална заштита,Оба пола,21
2021,Број,Услуге,Оба пола,4
2021,Број,Непознато,Оба пола,0
2021,Број,Укупно,M,76
2021,Број,Образовање,M,5
2021,Број,Умјетност и хуманистичке науке,M,3
2021,Број,"Друштвене науке, новинарство и информисање",M,14
2021,Број,"Пословање, администрација, и право",M,25
2021,Број,"Природне науке, математика, и статистика",M,5
2021,Број,Информационе и комуникационе технологије,M,4
2020,Број,"Инжењерство, производња и грађевинарство",M,8
2021,Број,"Пољопривреда, шумарство, рибарство и ветеринарство",M,3
2021,Број,Здравство и социјална заштита,M,7
2021,Број,Услуге,M,2
2021,Број,Непознато,M,0
2021,Број,Укупно,Ж,71
2021,Број,Образовање,Ж,6
2021,Број,Умјетност и хуманистичке науке,Ж,8
2021,Број,"Друштвене науке, новинарство и информисање",Ж,10
2021,Број,"Пословање, администрација, и право",Ж,8
2021,Број,"Природне науке, математика, и статистика",Ж,11
2021,Број,Информационе и комуникационе технологије,Ж,1
2021,Број,"Инжењерство, производња и грађевинарство",Ж,9
2021,Број,"Пољопривреда, шумарство, рибарство и ветеринарство",Ж,2
2021,Број,Здравство и социјална заштита,Ж,14
2021,Број,Услуге,Ж,2
2021,Број,Непознато,Ж,0
2021,Број,Укупно,Оба пола,147
2021,Број,Образовање,Оба пола,11
2021,Број,Умјетност и хуманистичке науке,Оба пола,11
2021,Број,"Друштвене науке, новинарство и информисање",Оба пола,24
2021,Број,"Пословање, администрација, и право",Оба пола,33
2021,Број,"Природне науке, математика, и статистика",Оба пола,16
2021,Број,Информационе и комуникационе технологије,Оба пола,5
2021,Број,"Инжењерство, производња и грађевинарство",Оба пола,17
2021,Број,"Пољопривреда, шумарство, рибарство и ветеринарство",Оба пола,5
2021,Број,Здравство и социјална заштита,Оба пола,21
2021,Број,Услуге,Оба пола,4
2021,Број,Непознато,Оба пола,0
2021,Број,Укупно,M,76
2021,Број,Образовање,M,5
2021,Број,Умјетност и хуманистичке науке,M,3
2021,Број,"Друштвене науке, новинарство и информисање",M,14
2021,Број,"Пословање, администрација, и право",M,25
2021,Број,"Природне науке, математика, и статистика",M,5
2021,Број,Информационе и комуникационе технологије,M,4
2020,Број,"Инжењерство, производња и грађевинарство",M,8
2021,Број,"Пољопривреда, шумарство, рибарство и ветеринарство",M,3
2021,Број,Здравство и социјална заштита,M,7
2021,Број,Услуге,M,2
2021,Број,Непознато,M,0
2021,Број,Укупно,Ж,71
2021,Број,Образовање,Ж,6
2021,Број,Умјетност и хуманистичке науке,Ж,8
2021,Број,"Друштвене науке, новинарство и информисање",Ж,10
2021,Број,"Пословање, администрација, и право",Ж,8
2021,Број,"Природне науке, математика, и статистика",Ж,11
2021,Број,Информационе и комуникационе технологије,Ж,1
2021,Број,"Инжењерство, производња и грађевинарство",Ж,9
2021,Број,"Пољопривреда, шумарство, рибарство и ветеринарство",Ж,2
2021,Број,Здравство и социјална заштита,Ж,14
2021,Број,Услуге,Ж,2
2021,Број,Непознато,Ж,0
2021,Број,Укупно,Оба пола,147
2021,Број,Образовање,Оба пола,11
2021,Број,Умјетност и хуманистичке науке,Оба пола,11
2021,Број,"Друштвене науке, новинарство и информисање",Оба пола,24
2021,Број,"Пословање, администрација, и право",Оба пола,33
2021,Број,"Природне науке, математика, и статистика",Оба пола,16
2021,Број,Информационе и комуникационе технологије,Оба пола,5
2021,Број,"Инжењерство, производња и грађевинарство",Оба пола,17
2021,Број,"Пољопривреда, шумарство, рибарство и ветеринарство",Оба пола,5
2021,Број,Здравство и социјална заштита,Оба пола,21
2021,Број,Услуге,Оба пола,4
2021,Број,Непознато,Оба пола,0
2021,Број,Укупно,M,76
2021,Број,Образовање,M,5
2021,Број,Умјетност и хуманистичке науке,M,3
2021,Број,"Друштвене науке, новинарство и информисање",M,14
2021,Број,"Пословање, администрација, и право",M,25
2021,Број,"Природне науке, математика, и статистика",M,5
2021,Број,Информационе и комуникационе технологије,M,4
2020,Број,"Инжењерство, производња и грађевинарство",M,8
2021,Број,"Пољопривреда, шумарство, рибарство и ветеринарство",M,3
2021,Број,Здравство и социјална заштита,M,7
2021,Број,Услуге,M,2
2021,Број,Непознато,M,0
2021,Број,Укупно,Ж,71
2021,Број,Образовање,Ж,6
2021,Број,Умјетност и хуманистичке науке,Ж,8
2021,Број,"Друштвене науке, новинарство и информисање",Ж,10
2021,Број,"Пословање, администрација, и право",Ж,8
2021,Број,"Природне науке, математика, и статистика",Ж,11
2021,Број,Информационе и комуникационе технологије,Ж,1
2021,Број,"Инжењерство, производња и грађевинарство",Ж,9
2021,Број,"Пољопривреда, шумарство, рибарство и ветеринарство",Ж,2
2021,Број,Здравство и социјална заштита,Ж,14
2021,Број,Услуге,Ж,2
2021,Број,Непознато,Ж,0
2021,Број,Укупно,Оба пола,147
2021,Број,Образовање,Оба пола,11
2021,Број,Умјетност и хуманистичке науке,Оба пола,11
2021,Број,"Друштвене науке, новинарство и информисање",Оба пола,24
2021,Број,"Пословање, администрација, и право",Оба пола,33
2021,Број,"Природне науке, математика, и статистика",Оба пола,16
2021,Број,Информационе и комуникационе технологије,Оба пола,5
2021,Број,"Инжењерство, производња и грађевинарство",Оба пола,17
2021,Број,"Пољопривреда, шумарство, рибарство и ветеринарство",Оба пола,5
2021,Број,Здравство и социјална заштита,Оба пола,21
2021,Број,Услуге,Оба пола,4
2021,Број,Непознато,Оба пола,0
2021,Број,Укупно,M,76
2021,Број,Образовање,M,5
2021,Број,Умјетност и хуманистичке науке,M,3
2021,Број,"Друштвене науке, новинарство и информисање",M,14
2021,Број,"Пословање, администрација, и право",M,25
2021,Број,"Природне науке, математика, и статистика",M,5
2021,Број,Информационе и комуникационе технологије,M,4
2021,Број,"Инжењерство, производња и грађевинарство",M,8
2021,Број,"Пољопривреда, шумарство, рибарство и ветеринарство",M,3
2021,Број,Здравство и социјална заштита,M,7
2021,Број,Услуге,M,2
2021,Број,Непознато,M,0
2021,Број,Укупно,Ж,71
2021,Број,Образовање,Ж,6
2021,Број,Умјетност и хуманистичке науке,Ж,8
2021,Број,"Друштвене науке, новинарство и информисање",Ж,10
2021,Број,"Пословање, администрација, и право",Ж,8
2021,Број,"Природне науке, математика, и статистика",Ж,11
2021,Број,Информационе и комуникационе технологије,Ж,1
2021,Број,"Инжењерство, производња и грађевинарство",Ж,9
2021,Број,"Пољопривреда, шумарство, рибарство и ветеринарство",Ж,2
2021,Број,Здравство и социјална заштита,Ж,14
2021,Број,Услуге,Ж,2
2021,Број,Непознато,Ж,0
2022,Број,Укупно,Оба пола,195
2022,Број,Образовање,Оба пола,3
2022,Број,Умјетност и хуманистичке науке,Оба пола,16
2022,Број,"Друштвене науке, новинарство и информисање",Оба пола,28
2022,Број,"Пословање, администрација, и право",Оба пола,65
2022,Број,"Природне науке, математика, и статистика",Оба пола,18
2022,Број,Информационе и комуникационе технологије,Оба пола,5
2022,Број,"Инжењерство, производња и грађевинарство",Оба пола,23
2022,Број,"Пољопривреда, шумарство, рибарство и ветеринарство",Оба пола,3
2022,Број,Здравство и социјална заштита,Оба пола,28
2022,Број,Услуге,Оба пола,6
2022,Број,Непознато,Оба пола,0
2022,Број,Укупно,M,104
2022,Број,Образовање,M,1
2022,Број,Умјетност и хуманистичке науке,M,5
2022,Број,"Друштвене науке, новинарство и информисање",M,21
2022,Број,"Пословање, администрација, и право",M,35
2022,Број,"Природне науке, математика, и статистика",M,9
2022,Број,Информационе и комуникационе технологије,M,2
2022,Број,"Инжењерство, производња и грађевинарство",M,15
2022,Број,"Пољопривреда, шумарство, рибарство и ветеринарство",M,2
2022,Број,Здравство и социјална заштита,M,8
2022,Број,Услуге,M,6
2022,Број,Непознато,M,0
2022,Број,Укупно,Ж,91
2022,Број,Образовање,Ж,2
2022,Број,Умјетност и хуманистичке науке,Ж,11
2022,Број,"Друштвене науке, новинарство и информисање",Ж,7
2022,Број,"Пословање, администрација, и право",Ж,30
2022,Број,"Природне науке, математика, и статистика",Ж,9
2022,Број,Информационе и комуникационе технологије,Ж,3
2022,Број,"Инжењерство, производња и грађевинарство",Ж,8
2022,Број,"Пољопривреда, шумарство, рибарство и ветеринарство",Ж,1
2022,Број,Здравство и социјална заштита,Ж,20
2022,Број,Услуге,Ж,0
2022,Број,Непознато,Ж,0
2023,Број,Укупно,Оба пола,122
2023,Број,Образовање,Оба пола,16
2023,Број,Умјетност и хуманистичке науке,Оба пола,6
2023,Број,"Друштвене науке, новинарство и информисање",Оба пола,18
2023,Број,"Пословање, администрација, и право",Оба пола,24
2023,Број,"Природне науке, математика, и статистика",Оба пола,14
2023,Број,Информационе и комуникационе технологије,Оба пола,2
2023,Број,"Инжењерство, производња и грађевинарство",Оба пола,23
2023,Број,"Пољопривреда, шумарство, рибарство и ветеринарство",Оба пола,4
2022,Број,Здравство и социјална заштита,Оба пола,28
2023,Број,Услуге,Оба пола,2
2023,Број,Непознато,Оба пола,0
2023,Број,Укупно,M,58
2023,Број,Образовање,M,7
2023,Број,Умјетност и хуманистичке науке,M,2
2023,Број,"Друштвене науке, новинарство и информисање",M,10
2023,Број,"Пословање, администрација, и право",M,17
2023,Број,"Природне науке, математика, и статистика",M,5
2023,Број,Информационе и комуникационе технологије,M,1
2023,Број,"Инжењерство, производња и грађевинарство",M,5
2023,Број,"Пољопривреда, шумарство, рибарство и ветеринарство",M,2
2023,Број,Здравство и социјална заштита,M,7
2023,Број,Услуге,M,2
2023,Број,Непознато,M,0
2023,Број,Укупно,Ж,64
2023,Број,Образовање,Ж,9
2023,Број,Умјетност и хуманистичке науке,Ж,4
2023,Број,"Друштвене науке, новинарство и информисање",Ж,8
2023,Број,"Пословање, администрација, и право",Ж,7
2023,Број,"Природне науке, математика, и статистика",Ж,9
2023,Број,Информационе и комуникационе технологије,Ж,1
2023,Број,"Инжењерство, производња и грађевинарство",Ж,4
2023,Број,"Пољопривреда, шумарство, рибарство и ветеринарство",Ж,2
2023,Број,Здравство и социјална заштита,Ж,20
2023,Број,Услуге,Ж,0
2023,Број,Непознато,Ж,0
