Year,Квартал,UNIT_MEASURE,Пол,Старосна доб,Value
2021,I квартал,%,Оба пола,15 - 89,47.0
2021,I квартал,%,Оба пола,15 - 24,33.0
2021,I квартал,%,Оба пола,25 - 49,75.0
2021,I квартал,%,Оба пола,50 - 64,46.0
2021,I квартал,%,Оба пола,65+,4.0
2021,I квартал,%,Оба пола,15 - 64,58.0
2021,I квартал,%,Оба пола,20 - 64,62.0
2021,I квартал,%,Оба пола,25 - 34,75.0
2021,I квартал,%,Оба пола,15 - 74,51.0
2021,I квартал,%,Оба пола,65 - 74,5.0
2021,I квартал,%,M,15 - 89,59.0
2021,I квартал,%,M,15 - 24,40.0
2021,I квартал,%,M,25 - 49,88.0
2021,I квартал,%,M,50 - 64,60.0
2021,I квартал,%,M,65+,5.0
2021,I квартал,%,M,15 - 64,71.0
2021,I квартал,%,M,20 - 64,76.0
2021,I квартал,%,M,25 - 34,87.0
2021,I квартал,%,M,15 - 74,63.0
2021,I квартал,%,M,65 - 74,6.0
2021,I квартал,%,Ж,15 - 89,36.0
2021,I квартал,%,Ж,15 - 24,25.0
2021,I квартал,%,Ж,25 - 49,62.0
2021,I квартал,%,Ж,50 - 64,32.0
2021,I квартал,%,Ж,65+,3.0
2021,I квартал,%,Ж,15 - 64,46.0
2021,I квартал,%,Ж,20 - 64,49.0
2021,I квартал,%,Ж,25 - 34,61.0
2021,I квартал,%,Ж,15 - 74,40.0
2021,I квартал,%,Ж,65 - 74,5.0
2021,II квартал,%,Оба пола,15 - 89,48.0
2021,II квартал,%,Оба пола,15 - 24,32.0
2021,II квартал,%,Оба пола,25 - 49,76.0
2021,II квартал,%,Оба пола,50 - 64,46.0
2021,II квартал,%,Оба пола,65+,4.0
2021,II квартал,%,Оба пола,15 - 64,59.0
2021,II квартал,%,Оба пола,20 - 64,63.0
2021,II квартал,%,Оба пола,25 - 34,74.0
2021,II квартал,%,Оба пола,15 - 74,51.0
2021,II квартал,%,Оба пола,65 - 74,5.0
2021,II квартал,%,M,15 - 89,59.0
2021,II квартал,%,M,15 - 24,39.0
2021,II квартал,%,M,25 - 49,88.0
2021,II квартал,%,M,50 - 64,60.0
2021,II квартал,%,M,65+,6.0
2021,II квартал,%,M,15 - 64,71.0
2021,II квартал,%,M,20 - 64,76.0
2021,II квартал,%,M,25 - 34,86.0
2021,II квартал,%,M,15 - 74,63.0
2021,II квартал,%,M,65 - 74,7.0
2021,II квартал,%,Ж,15 - 89,37.0
2021,II квартал,%,Ж,15 - 24,24.0
2021,II квартал,%,Ж,25 - 49,63.0
2021,II квартал,%,Ж,50 - 64,33.0
2021,II квартал,%,Ж,65+,3.0
2021,II квартал,%,Ж,15 - 64,47.0
2021,II квартал,%,Ж,20 - 64,50.0
2021,II квартал,%,Ж,25 - 34,62.0
2021,II квартал,%,Ж,15 - 74,40.0
2021,II квартал,%,Ж,65 - 74,4.0
2021,III квартал,%,Оба пола,15 - 89,48.0
2021,III квартал,%,Оба пола,15 - 24,32.0
2021,III квартал,%,Оба пола,25 - 49,76.0
2021,III квартал,%,Оба пола,50 - 64,48.0
2021,III квартал,%,Оба пола,65+,3.0
2021,III квартал,%,Оба пола,15 - 64,60.0
2021,III квартал,%,Оба пола,20 - 64,64.0
2021,III квартал,%,Оба пола,25 - 34,75.0
2021,III квартал,%,Оба пола,15 - 74,52.0
2021,III квартал,%,Оба пола,65 - 74,5.0
2021,III квартал,%,M,15 - 89,60.0
2021,III квартал,%,M,15 - 24,39.0
2021,III квартал,%,M,25 - 49,89.0
2021,III квартал,%,M,50 - 64,63.0
2021,III квартал,%,M,65+,5.0
2021,III квартал,%,M,15 - 64,72.0
2021,III квартал,%,M,20 - 64,78.0
2021,III квартал,%,M,25 - 34,88.0
2021,III квартал,%,M,15 - 74,64.0
2021,III квартал,%,M,65 - 74,6.0
2021,III квартал,%,Ж,15 - 89,37.0
2021,III квартал,%,Ж,15 - 24,25.0
2021,III квартал,%,Ж,25 - 49,63.0
2021,III квартал,%,Ж,50 - 64,34.0
2021,III квартал,%,Ж,65+,3.0
2021,III квартал,%,Ж,15 - 64,47.0
2021,III квартал,%,Ж,20 - 64,50.0
2021,III квартал,%,Ж,25 - 34,62.0
2021,III квартал,%,Ж,15 - 74,40.0
2021,III квартал,%,Ж,65 - 74,3.0
2021,IV квартал,%,Оба пола,15 - 89,48.0
2021,IV квартал,%,Оба пола,15 - 24,31.0
2021,IV квартал,%,Оба пола,25 - 49,77.0
2021,IV квартал,%,Оба пола,50 - 64,49.0
2021,IV квартал,%,Оба пола,65+,3.0
2021,IV квартал,%,Оба пола,15 - 64,60.0
2021,IV квартал,%,Оба пола,20 - 64,64.0
2021,IV квартал,%,Оба пола,25 - 34,77.0
2021,IV квартал,%,Оба пола,15 - 74,52.0
2021,IV квартал,%,Оба пола,65 - 74,4.0
2021,IV квартал,%,M,15 - 89,60.0
2021,IV квартал,%,M,15 - 24,37.0
2021,IV квартал,%,M,25 - 49,89.0
2021,IV квартал,%,M,50 - 64,65.0
2021,IV квартал,%,M,65+,4.0
2021,IV квартал,%,M,15 - 64,72.0
2021,IV квартал,%,M,20 - 64,78.0
2021,IV квартал,%,M,25 - 34,88.0
2021,IV квартал,%,M,15 - 74,64.0
2021,IV квартал,%,M,65 - 74,5.0
2021,IV квартал,%,Ж,15 - 89,37.0
2021,IV квартал,%,Ж,15 - 24,25.0
2021,IV квартал,%,Ж,25 - 49,64.0
2021,IV квартал,%,Ж,50 - 64,33.0
2021,IV квартал,%,Ж,65+,2.0
2021,IV квартал,%,Ж,15 - 64,48.0
2021,IV квартал,%,Ж,20 - 64,51.0
2021,IV квартал,%,Ж,25 - 34,65.0
2021,IV квартал,%,Ж,15 - 74,41.0
2021,IV квартал,%,Ж,65 - 74,2.0
2022,I квартал,%,Оба пола,15 - 89,48.0
2022,I квартал,%,Оба пола,15 - 24,29.0
2022,I квартал,%,Оба пола,25 - 49,77.0
2022,I квартал,%,Оба пола,50 - 64,48.0
2022,I квартал,%,Оба пола,65+,3.0
2022,I квартал,%,Оба пола,15 - 64,60.0
2022,I квартал,%,Оба пола,20 - 64,64.0
2022,I квартал,%,Оба пола,25 - 34,76.0
2022,I квартал,%,Оба пола,15 - 74,52.0
2022,I квартал,%,Оба пола,65 - 74,4.0
2022,I квартал,%,M,15 - 89,59.0
2022,I квартал,%,M,15 - 24,35.0
2022,I квартал,%,M,25 - 49,88.0
2022,I квартал,%,M,50 - 64,63.0
2022,I квартал,%,M,65+,5.0
2022,I квартал,%,M,15 - 64,71.0
2022,I квартал,%,M,20 - 64,77.0
2022,I квартал,%,M,25 - 34,86.0
2022,I квартал,%,M,15 - 74,63.0
2022,I квартал,%,M,65 - 74,6.0
2022,I квартал,%,Ж,15 - 89,37.0
2022,I квартал,%,Ж,15 - 24,23.0
2022,I квартал,%,Ж,25 - 49,66.0
2022,I квартал,%,Ж,50 - 64,33.0
2022,I квартал,%,Ж,65+,2.0
2022,I квартал,%,Ж,15 - 64,48.0
2022,I квартал,%,Ж,20 - 64,51.0
2022,I квартал,%,Ж,25 - 34,65.0
2022,I квартал,%,Ж,15 - 74,41.0
2022,I квартал,%,Ж,65 - 74,2.0
