Year,Пол,UNIT_MEASURE,Value
2004,Оба пола,% од укупно,18.3
2007,Оба пола,% од укупно,18.2
2011,Оба пола,% од укупно,17.9
2015,Оба пола,% од укупно,16.9
2021/22,Оба пола,% од укупно,13.5
2007,M,% од укупно,18.3
2011,M,% од укупно,18.0
2015,M,% од укупно,17.1
2021/22,M,% од укупно,13.2
2007,Ж,% од укупно,18.1
2011,Ж,% од укупно,17.7
2015,Ж,% од укупно,16.7
2021/22,Ж,% од укупно,13.8
