Year,UNIT_MEASURE,Value
1989,number_per_1000,15.5
1990,number_per_1000,15.4
1991,number_per_1000,14.9
1996,number_per_1000,12.8
1997,number_per_1000,12.9
1998,number_per_1000,12.3
1999,number_per_1000,11.4
2000,number_per_1000,10.5
2001,number_per_1000,9.9
2002,number_per_1000,9.3
2003,number_per_1000,9.2
2004,number_per_1000,9.1
2005,number_per_1000,9.0
2006,number_per_1000,8.9
2007,number_per_1000,8.8
2008,number_per_1000,8.9
2009,number_per_1000,9.0
2010,number_per_1000,8.7
2011,number_per_1000,8.3
2012,number_per_1000,8.5
2013,number_per_1000,8.7
2014,number_per_1000,8.6
2015,number_per_1000,8.5
2016,number_per_1000,8.6
2017,number_per_1000,8.6
2018,number_per_1000,8.4
2019,number_per_1000,8.1
2020,number_per_1000,7.8
2021,number_per_1000,7.9
