Year,population_sex,CAUSE_OF_DEATH,UNIT_MEASURE,Value
1999,_T,neoplasms,NUMBER,4591
1999,_T,diseases_of_the_circulatory,NUMBER,15911
1999,_T,diseases_of_the_respiratory,NUMBER,866
1999,_T,diseases_of_the_digestive,NUMBER,709
1999,_T,symptoms_signs_and_abnormal,NUMBER,2552
1999,_T,injuries_poisoning_and_consequences,NUMBER,1022
1999,_T,total,NUMBER,25651
1999,M,neoplasms,NUMBER,2752
1999,M,diseases_of_the_circulatory,NUMBER,7700
1999,M,diseases_of_the_respiratory,NUMBER,498
1999,M,diseases_of_the_digestive,NUMBER,445
1999,M,symptoms_signs_and_abnormal,NUMBER,1347
1999,M,injuries_poisoning_and_consequences,NUMBER,786
1999,M,total,NUMBER,13528
1999,F,neoplasms,NUMBER,1839
1999,F,diseases_of_the_circulatory,NUMBER,8211
1999,F,diseases_of_the_respiratory,NUMBER,368
1999,F,diseases_of_the_digestive,NUMBER,264
1999,F,symptoms_signs_and_abnormal,NUMBER,1205
1999,F,injuries_poisoning_and_consequences,NUMBER,236
1999,F,total,NUMBER,12123
2000,_T,neoplasms,NUMBER,5122
2000,_T,diseases_of_the_circulatory,NUMBER,16283
2000,_T,diseases_of_the_respiratory,NUMBER,805
2000,_T,diseases_of_the_digestive,NUMBER,848
2000,_T,symptoms_signs_and_abnormal,NUMBER,2860
2000,_T,injuries_poisoning_and_consequences,NUMBER,1091
2000,_T,total,NUMBER,27009
2000,M,neoplasms,NUMBER,3144
2000,M,diseases_of_the_circulatory,NUMBER,7810
2000,M,diseases_of_the_respiratory,NUMBER,464
2000,M,diseases_of_the_digestive,NUMBER,518
2000,M,symptoms_signs_and_abnormal,NUMBER,1484
2000,M,injuries_poisoning_and_consequences,NUMBER,812
2000,M,total,NUMBER,14232
2000,F,neoplasms,NUMBER,1978
2000,F,diseases_of_the_circulatory,NUMBER,8473
2000,F,diseases_of_the_respiratory,NUMBER,341
2000,F,diseases_of_the_digestive,NUMBER,330
2000,F,symptoms_signs_and_abnormal,NUMBER,1376
2000,F,injuries_poisoning_and_consequences,NUMBER,279
2000,F,total,NUMBER,12777
2001,_T,infectious_and_parasitic,NUMBER,257
2001,_T,neoplasms,NUMBER,5347
2001,_T,diseases_of_the_blood,NUMBER,20
2001,_T,endocrine_metabolic_and_nutritional,NUMBER,667
2001,_T,mental_and_behavioural_disorders,NUMBER,48
2001,_T,diseases_of_the_nervous,NUMBER,161
2001,_T,diseases_of_the_eye,NUMBER,1
2001,_T,diseases_of_the_circulatory,NUMBER,16328
2001,_T,diseases_of_the_respiratory,NUMBER,745
2001,_T,diseases_of_the_digestive,NUMBER,827
2001,_T,diseases_of_the_skin,NUMBER,17
2001,_T,diseases_of_the_musculoskeletal,NUMBER,14
2001,_T,diseases_of_the_genitourinary,NUMBER,397
2001,_T,pregnancy_childbirth_and_the,NUMBER,1
2001,_T,certain_conditions_originating,NUMBER,188
2001,_T,congenital_malformations_deformations,NUMBER,43
2001,_T,symptoms_signs_and_abnormal,NUMBER,3031
2001,_T,injuries_poisoning_and_consequences,NUMBER,1017
2001,_T,external_causes_of_mortality,NUMBER,261
2001,_T,factors_influencing_health_status,NUMBER,1
2001,_T,unknown,NUMBER,954
2001,_T,total,NUMBER,30325
2001,M,infectious_and_parasitic,NUMBER,157
2001,M,neoplasms,NUMBER,3288
2001,M,diseases_of_the_blood,NUMBER,7
2001,M,endocrine_metabolic_and_nutritional,NUMBER,240
2001,M,mental_and_behavioural_disorders,NUMBER,37
2001,M,diseases_of_the_nervous,NUMBER,79
2001,M,diseases_of_the_eye,NUMBER,1
2001,M,diseases_of_the_circulatory,NUMBER,7943
2001,M,diseases_of_the_respiratory,NUMBER,434
2001,M,diseases_of_the_digestive,NUMBER,540
2001,M,diseases_of_the_skin,NUMBER,5
2001,M,diseases_of_the_musculoskeletal,NUMBER,6
2001,M,diseases_of_the_genitourinary,NUMBER,200
2001,M,certain_conditions_originating,NUMBER,109
2001,M,congenital_malformations_deformations,NUMBER,18
2001,M,symptoms_signs_and_abnormal,NUMBER,1637
2001,M,injuries_poisoning_and_consequences,NUMBER,768
2001,M,external_causes_of_mortality,NUMBER,206
2001,M,unknown,NUMBER,527
2001,M,total,NUMBER,16202
2001,F,infectious_and_parasitic,NUMBER,100
2001,F,neoplasms,NUMBER,2059
2001,F,diseases_of_the_blood,NUMBER,13
2001,F,endocrine_metabolic_and_nutritional,NUMBER,427
2001,F,mental_and_behavioural_disorders,NUMBER,11
2001,F,diseases_of_the_nervous,NUMBER,82
2001,F,diseases_of_the_circulatory,NUMBER,8385
2001,F,diseases_of_the_respiratory,NUMBER,311
2001,F,diseases_of_the_digestive,NUMBER,287
2001,F,diseases_of_the_skin,NUMBER,12
2001,F,diseases_of_the_musculoskeletal,NUMBER,8
2001,F,diseases_of_the_genitourinary,NUMBER,197
2001,F,pregnancy_childbirth_and_the,NUMBER,1
2001,F,certain_conditions_originating,NUMBER,79
2001,F,congenital_malformations_deformations,NUMBER,25
2001,F,symptoms_signs_and_abnormal,NUMBER,1394
2001,F,injuries_poisoning_and_consequences,NUMBER,249
2001,F,external_causes_of_mortality,NUMBER,55
2001,F,factors_influencing_health_status,NUMBER,1
2001,F,unknown,NUMBER,427
2001,F,total,NUMBER,14123
2002,_T,infectious_and_parasitic,NUMBER,263
2002,_T,neoplasms,NUMBER,5288
2002,_T,diseases_of_the_blood,NUMBER,19
2002,_T,endocrine_metabolic_and_nutritional,NUMBER,862
2002,_T,mental_and_behavioural_disorders,NUMBER,66
2002,_T,diseases_of_the_nervous,NUMBER,157
2002,_T,diseases_of_the_eye,NUMBER,1
2002,_T,diseases_of_the_circulatory,NUMBER,16007
2002,_T,diseases_of_the_respiratory,NUMBER,817
2002,_T,diseases_of_the_digestive,NUMBER,820
2002,_T,diseases_of_the_skin,NUMBER,17
2002,_T,diseases_of_the_musculoskeletal,NUMBER,10
2002,_T,diseases_of_the_genitourinary,NUMBER,219
2002,_T,pregnancy_childbirth_and_the,NUMBER,3
2002,_T,certain_conditions_originating,NUMBER,226
2002,_T,congenital_malformations_deformations,NUMBER,56
2002,_T,symptoms_signs_and_abnormal,NUMBER,2983
2002,_T,injuries_poisoning_and_consequences,NUMBER,984
2002,_T,external_causes_of_mortality,NUMBER,242
2002,_T,factors_influencing_health_status,NUMBER,1
2002,_T,unknown,NUMBER,1790
2002,_T,total,NUMBER,30831
2002,M,infectious_and_parasitic,NUMBER,160
2002,M,neoplasms,NUMBER,3201
2002,M,diseases_of_the_blood,NUMBER,11
2002,M,endocrine_metabolic_and_nutritional,NUMBER,300
2002,M,mental_and_behavioural_disorders,NUMBER,39
2002,M,diseases_of_the_nervous,NUMBER,87
2002,M,diseases_of_the_eye,NUMBER,1
2002,M,diseases_of_the_circulatory,NUMBER,7544
2002,M,diseases_of_the_respiratory,NUMBER,478
2002,M,diseases_of_the_digestive,NUMBER,495
2002,M,diseases_of_the_skin,NUMBER,3
2002,M,diseases_of_the_musculoskeletal,NUMBER,2
2002,M,diseases_of_the_genitourinary,NUMBER,120
2002,M,certain_conditions_originating,NUMBER,128
2002,M,congenital_malformations_deformations,NUMBER,32
2002,M,symptoms_signs_and_abnormal,NUMBER,1535
2002,M,injuries_poisoning_and_consequences,NUMBER,751
2002,M,external_causes_of_mortality,NUMBER,180
2002,M,factors_influencing_health_status,NUMBER,1
2002,M,unknown,NUMBER,965
2002,M,total,NUMBER,16033
2002,F,infectious_and_parasitic,NUMBER,103
2002,F,neoplasms,NUMBER,2087
2002,F,diseases_of_the_blood,NUMBER,8
2002,F,endocrine_metabolic_and_nutritional,NUMBER,562
2002,F,mental_and_behavioural_disorders,NUMBER,27
2002,F,diseases_of_the_nervous,NUMBER,70
2002,F,diseases_of_the_circulatory,NUMBER,8463
2002,F,diseases_of_the_respiratory,NUMBER,339
2002,F,diseases_of_the_digestive,NUMBER,325
2002,F,diseases_of_the_skin,NUMBER,14
2002,F,diseases_of_the_musculoskeletal,NUMBER,8
2002,F,diseases_of_the_genitourinary,NUMBER,99
2002,F,pregnancy_childbirth_and_the,NUMBER,3
2002,F,certain_conditions_originating,NUMBER,98
2002,F,congenital_malformations_deformations,NUMBER,24
2002,F,symptoms_signs_and_abnormal,NUMBER,1448
2002,F,injuries_poisoning_and_consequences,NUMBER,233
2002,F,external_causes_of_mortality,NUMBER,62
2002,F,unknown,NUMBER,825
2002,F,total,NUMBER,14798
2003,_T,neoplasms,NUMBER,5771
2003,_T,diseases_of_the_circulatory,NUMBER,16990
2003,_T,diseases_of_the_respiratory,NUMBER,876
2003,_T,diseases_of_the_digestive,NUMBER,810
2003,_T,symptoms_signs_and_abnormal,NUMBER,3166
2003,_T,injuries_poisoning_and_consequences,NUMBER,950
2003,_T,unknown,NUMBER,770
2003,_T,total,NUMBER,29333
2003,M,neoplasms,NUMBER,3499
2003,M,diseases_of_the_circulatory,NUMBER,8001
2003,M,diseases_of_the_respiratory,NUMBER,542
2003,M,diseases_of_the_digestive,NUMBER,499
2003,M,symptoms_signs_and_abnormal,NUMBER,1612
2003,M,injuries_poisoning_and_consequences,NUMBER,706
2003,M,unknown,NUMBER,424
2003,M,total,NUMBER,15283
2003,F,neoplasms,NUMBER,2272
2003,F,diseases_of_the_circulatory,NUMBER,8989
2003,F,diseases_of_the_respiratory,NUMBER,334
2003,F,diseases_of_the_digestive,NUMBER,311
2003,F,symptoms_signs_and_abnormal,NUMBER,1554
2003,F,injuries_poisoning_and_consequences,NUMBER,244
2003,F,unknown,NUMBER,346
2003,F,total,NUMBER,14050
2004,_T,infectious_and_parasitic,NUMBER,255
2004,_T,neoplasms,NUMBER,5709
2004,_T,diseases_of_the_blood,NUMBER,31
2004,_T,endocrine_metabolic_and_nutritional,NUMBER,993
2004,_T,mental_and_behavioural_disorders,NUMBER,104
2004,_T,diseases_of_the_nervous,NUMBER,251
2004,_T,diseases_of_the_circulatory,NUMBER,17700
2004,_T,diseases_of_the_respiratory,NUMBER,907
2004,_T,diseases_of_the_digestive,NUMBER,839
2004,_T,diseases_of_the_skin,NUMBER,11
2004,_T,diseases_of_the_musculoskeletal,NUMBER,16
2004,_T,diseases_of_the_genitourinary,NUMBER,467
2004,_T,pregnancy_childbirth_and_the,NUMBER,1
2004,_T,certain_conditions_originating,NUMBER,163
2004,_T,congenital_malformations_deformations,NUMBER,42
2004,_T,symptoms_signs_and_abnormal,NUMBER,2723
2004,_T,injuries_poisoning_and_consequences,NUMBER,920
2004,_T,external_causes_of_mortality,NUMBER,273
2004,_T,factors_influencing_health_status,NUMBER,1
2004,_T,unknown,NUMBER,1210
2004,_T,total,NUMBER,32616
2004,M,infectious_and_parasitic,NUMBER,152
2004,M,neoplasms,NUMBER,3398
2004,M,diseases_of_the_blood,NUMBER,10
2004,M,endocrine_metabolic_and_nutritional,NUMBER,377
2004,M,mental_and_behavioural_disorders,NUMBER,80
2004,M,diseases_of_the_nervous,NUMBER,126
2004,M,diseases_of_the_circulatory,NUMBER,8262
2004,M,diseases_of_the_respiratory,NUMBER,551
2004,M,diseases_of_the_digestive,NUMBER,498
2004,M,diseases_of_the_skin,NUMBER,2
2004,M,diseases_of_the_musculoskeletal,NUMBER,9
2004,M,diseases_of_the_genitourinary,NUMBER,248
2004,M,certain_conditions_originating,NUMBER,101
2004,M,congenital_malformations_deformations,NUMBER,26
2004,M,symptoms_signs_and_abnormal,NUMBER,1399
2004,M,injuries_poisoning_and_consequences,NUMBER,691
2004,M,external_causes_of_mortality,NUMBER,198
2004,M,factors_influencing_health_status,NUMBER,1
2004,M,unknown,NUMBER,651
2004,M,total,NUMBER,16780
2004,F,infectious_and_parasitic,NUMBER,103
2004,F,neoplasms,NUMBER,2311
2004,F,diseases_of_the_blood,NUMBER,21
2004,F,endocrine_metabolic_and_nutritional,NUMBER,616
2004,F,mental_and_behavioural_disorders,NUMBER,24
2004,F,diseases_of_the_nervous,NUMBER,125
2004,F,diseases_of_the_circulatory,NUMBER,9438
2004,F,diseases_of_the_respiratory,NUMBER,356
2004,F,diseases_of_the_digestive,NUMBER,341
2004,F,diseases_of_the_skin,NUMBER,9
2004,F,diseases_of_the_musculoskeletal,NUMBER,7
2004,F,diseases_of_the_genitourinary,NUMBER,219
2004,F,pregnancy_childbirth_and_the,NUMBER,1
2004,F,certain_conditions_originating,NUMBER,62
2004,F,congenital_malformations_deformations,NUMBER,16
2004,F,symptoms_signs_and_abnormal,NUMBER,1324
2004,F,injuries_poisoning_and_consequences,NUMBER,229
2004,F,external_causes_of_mortality,NUMBER,75
2004,F,unknown,NUMBER,559
2004,F,total,NUMBER,15836
2005,_T,neoplasms,NUMBER,6255
2005,_T,diseases_of_the_circulatory,NUMBER,17915
2005,_T,diseases_of_the_respiratory,NUMBER,1242
2005,_T,diseases_of_the_digestive,NUMBER,818
2005,_T,symptoms_signs_and_abnormal,NUMBER,2394
2005,_T,injuries_poisoning_and_consequences,NUMBER,952
2005,_T,total,NUMBER,29576
2005,M,neoplasms,NUMBER,3766
2005,M,diseases_of_the_circulatory,NUMBER,8559
2005,M,diseases_of_the_respiratory,NUMBER,726
2005,M,diseases_of_the_digestive,NUMBER,491
2005,M,symptoms_signs_and_abnormal,NUMBER,1312
2005,M,injuries_poisoning_and_consequences,NUMBER,718
2005,M,total,NUMBER,15572
2005,F,neoplasms,NUMBER,2489
2005,F,diseases_of_the_circulatory,NUMBER,9356
2005,F,diseases_of_the_respiratory,NUMBER,516
2005,F,diseases_of_the_digestive,NUMBER,327
2005,F,symptoms_signs_and_abnormal,NUMBER,1082
2005,F,injuries_poisoning_and_consequences,NUMBER,234
2005,F,total,NUMBER,14004
2006,_T,infectious_and_parasitic,NUMBER,237
2006,_T,neoplasms,NUMBER,6252
2006,_T,diseases_of_the_blood,NUMBER,20
2006,_T,endocrine_metabolic_and_nutritional,NUMBER,1537
2006,_T,mental_and_behavioural_disorders,NUMBER,118
2006,_T,diseases_of_the_nervous,NUMBER,298
2006,_T,diseases_of_the_eye,NUMBER,1
2006,_T,diseases_of_the_circulatory,NUMBER,16967
2006,_T,diseases_of_the_respiratory,NUMBER,1132
2006,_T,diseases_of_the_digestive,NUMBER,826
2006,_T,diseases_of_the_skin,NUMBER,11
2006,_T,diseases_of_the_musculoskeletal,NUMBER,16
2006,_T,diseases_of_the_genitourinary,NUMBER,547
2006,_T,pregnancy_childbirth_and_the,NUMBER,3
2006,_T,certain_conditions_originating,NUMBER,185
2006,_T,congenital_malformations_deformations,NUMBER,56
2006,_T,symptoms_signs_and_abnormal,NUMBER,2744
2006,_T,injuries_poisoning_and_consequences,NUMBER,1017
2006,_T,external_causes_of_mortality,NUMBER,212
2006,_T,factors_influencing_health_status,NUMBER,1
2006,_T,unknown,NUMBER,1041
2006,_T,total,NUMBER,33221
2006,M,infectious_and_parasitic,NUMBER,147
2006,M,neoplasms,NUMBER,3697
2006,M,diseases_of_the_blood,NUMBER,9
2006,M,endocrine_metabolic_and_nutritional,NUMBER,598
2006,M,mental_and_behavioural_disorders,NUMBER,88
2006,M,diseases_of_the_nervous,NUMBER,174
2006,M,diseases_of_the_circulatory,NUMBER,7941
2006,M,diseases_of_the_respiratory,NUMBER,677
2006,M,diseases_of_the_digestive,NUMBER,493
2006,M,diseases_of_the_skin,NUMBER,6
2006,M,diseases_of_the_musculoskeletal,NUMBER,3
2006,M,diseases_of_the_genitourinary,NUMBER,293
2006,M,certain_conditions_originating,NUMBER,118
2006,M,congenital_malformations_deformations,NUMBER,32
2006,M,symptoms_signs_and_abnormal,NUMBER,1527
2006,M,injuries_poisoning_and_consequences,NUMBER,775
2006,M,external_causes_of_mortality,NUMBER,152
2006,M,unknown,NUMBER,578
2006,M,total,NUMBER,17308
2006,F,infectious_and_parasitic,NUMBER,90
2006,F,neoplasms,NUMBER,2555
2006,F,diseases_of_the_blood,NUMBER,11
2006,F,endocrine_metabolic_and_nutritional,NUMBER,939
2006,F,mental_and_behavioural_disorders,NUMBER,30
2006,F,diseases_of_the_nervous,NUMBER,124
2006,F,diseases_of_the_eye,NUMBER,1
2006,F,diseases_of_the_circulatory,NUMBER,9026
2006,F,diseases_of_the_respiratory,NUMBER,455
2006,F,diseases_of_the_digestive,NUMBER,333
2006,F,diseases_of_the_skin,NUMBER,5
2006,F,diseases_of_the_musculoskeletal,NUMBER,13
2006,F,diseases_of_the_genitourinary,NUMBER,254
2006,F,pregnancy_childbirth_and_the,NUMBER,3
2006,F,certain_conditions_originating,NUMBER,67
2006,F,congenital_malformations_deformations,NUMBER,24
2006,F,symptoms_signs_and_abnormal,NUMBER,1217
2006,F,injuries_poisoning_and_consequences,NUMBER,242
2006,F,external_causes_of_mortality,NUMBER,60
2006,F,factors_influencing_health_status,NUMBER,1
2006,F,unknown,NUMBER,463
2006,F,total,NUMBER,15913
2007,_T,infectious_and_parasitic,NUMBER,250
2007,_T,neoplasms,NUMBER,6713
2007,_T,diseases_of_the_blood,NUMBER,54
2007,_T,endocrine_metabolic_and_nutritional,NUMBER,1582
2007,_T,mental_and_behavioural_disorders,NUMBER,162
2007,_T,diseases_of_the_nervous,NUMBER,317
2007,_T,diseases_of_the_eye,NUMBER,1
2007,_T,diseases_of_the_circulatory,NUMBER,18516
2007,_T,diseases_of_the_respiratory,NUMBER,1145
2007,_T,diseases_of_the_digestive,NUMBER,924
2007,_T,diseases_of_the_skin,NUMBER,10
2007,_T,diseases_of_the_musculoskeletal,NUMBER,32
2007,_T,diseases_of_the_genitourinary,NUMBER,558
2007,_T,pregnancy_childbirth_and_the,NUMBER,1
2007,_T,certain_conditions_originating,NUMBER,133
2007,_T,congenital_malformations_deformations,NUMBER,54
2007,_T,symptoms_signs_and_abnormal,NUMBER,2219
2007,_T,injuries_poisoning_and_consequences,NUMBER,1030
2007,_T,external_causes_of_mortality,NUMBER,267
2007,_T,unknown,NUMBER,1076
2007,_T,total,NUMBER,35044
2007,M,infectious_and_parasitic,NUMBER,164
2007,M,neoplasms,NUMBER,3983
2007,M,diseases_of_the_blood,NUMBER,22
2007,M,endocrine_metabolic_and_nutritional,NUMBER,609
2007,M,mental_and_behavioural_disorders,NUMBER,113
2007,M,diseases_of_the_nervous,NUMBER,161
2007,M,diseases_of_the_eye,NUMBER,1
2007,M,diseases_of_the_circulatory,NUMBER,8697
2007,M,diseases_of_the_respiratory,NUMBER,664
2007,M,diseases_of_the_digestive,NUMBER,570
2007,M,diseases_of_the_skin,NUMBER,4
2007,M,diseases_of_the_musculoskeletal,NUMBER,9
2007,M,diseases_of_the_genitourinary,NUMBER,320
2007,M,certain_conditions_originating,NUMBER,79
2007,M,congenital_malformations_deformations,NUMBER,28
2007,M,symptoms_signs_and_abnormal,NUMBER,1143
2007,M,injuries_poisoning_and_consequences,NUMBER,766
2007,M,external_causes_of_mortality,NUMBER,199
2007,M,unknown,NUMBER,622
2007,M,total,NUMBER,18154
2007,F,infectious_and_parasitic,NUMBER,86
2007,F,neoplasms,NUMBER,2730
2007,F,diseases_of_the_blood,NUMBER,32
2007,F,endocrine_metabolic_and_nutritional,NUMBER,973
2007,F,mental_and_behavioural_disorders,NUMBER,49
2007,F,diseases_of_the_nervous,NUMBER,156
2007,F,diseases_of_the_circulatory,NUMBER,9819
2007,F,diseases_of_the_respiratory,NUMBER,481
2007,F,diseases_of_the_digestive,NUMBER,354
2007,F,diseases_of_the_skin,NUMBER,6
2007,F,diseases_of_the_musculoskeletal,NUMBER,23
2007,F,diseases_of_the_genitourinary,NUMBER,238
2007,F,pregnancy_childbirth_and_the,NUMBER,1
2007,F,certain_conditions_originating,NUMBER,54
2007,F,congenital_malformations_deformations,NUMBER,26
2007,F,symptoms_signs_and_abnormal,NUMBER,1076
2007,F,injuries_poisoning_and_consequences,NUMBER,264
2007,F,external_causes_of_mortality,NUMBER,68
2007,F,unknown,NUMBER,454
2007,F,total,NUMBER,16890
2008,_T,infectious_and_parasitic,NUMBER,275
2008,_T,neoplasms,NUMBER,6734
2008,_T,diseases_of_the_blood,NUMBER,37
2008,_T,endocrine_metabolic_and_nutritional,NUMBER,1563
2008,_T,mental_and_behavioural_disorders,NUMBER,169
2008,_T,diseases_of_the_nervous,NUMBER,287
2008,_T,diseases_of_the_eye,NUMBER,1
2008,_T,diseases_of_the_circulatory,NUMBER,17988
2008,_T,diseases_of_the_respiratory,NUMBER,1035
2008,_T,diseases_of_the_digestive,NUMBER,846
2008,_T,diseases_of_the_skin,NUMBER,10
2008,_T,diseases_of_the_musculoskeletal,NUMBER,40
2008,_T,diseases_of_the_genitourinary,NUMBER,571
2008,_T,pregnancy_childbirth_and_the,NUMBER,4
2008,_T,certain_conditions_originating,NUMBER,136
2008,_T,congenital_malformations_deformations,NUMBER,61
2008,_T,symptoms_signs_and_abnormal,NUMBER,2028
2008,_T,injuries_poisoning_and_consequences,NUMBER,1200
2008,_T,external_causes_of_mortality,NUMBER,2
2008,_T,unknown,NUMBER,1039
2008,_T,total,NUMBER,34026
2008,M,infectious_and_parasitic,NUMBER,170
2008,M,neoplasms,NUMBER,4053
2008,M,diseases_of_the_blood,NUMBER,16
2008,M,endocrine_metabolic_and_nutritional,NUMBER,618
2008,M,mental_and_behavioural_disorders,NUMBER,127
2008,M,diseases_of_the_nervous,NUMBER,167
2008,M,diseases_of_the_circulatory,NUMBER,8385
2008,M,diseases_of_the_respiratory,NUMBER,627
2008,M,diseases_of_the_digestive,NUMBER,512
2008,M,diseases_of_the_skin,NUMBER,3
2008,M,diseases_of_the_musculoskeletal,NUMBER,14
2008,M,diseases_of_the_genitourinary,NUMBER,306
2008,M,certain_conditions_originating,NUMBER,75
2008,M,congenital_malformations_deformations,NUMBER,32
2008,M,symptoms_signs_and_abnormal,NUMBER,1052
2008,M,injuries_poisoning_and_consequences,NUMBER,942
2008,M,external_causes_of_mortality,NUMBER,2
2008,M,unknown,NUMBER,586
2008,M,total,NUMBER,17687
2008,F,infectious_and_parasitic,NUMBER,105
2008,F,neoplasms,NUMBER,2681
2008,F,diseases_of_the_blood,NUMBER,21
2008,F,endocrine_metabolic_and_nutritional,NUMBER,945
2008,F,mental_and_behavioural_disorders,NUMBER,42
2008,F,diseases_of_the_nervous,NUMBER,120
2008,F,diseases_of_the_eye,NUMBER,1
2008,F,diseases_of_the_circulatory,NUMBER,9603
2008,F,diseases_of_the_respiratory,NUMBER,408
2008,F,diseases_of_the_digestive,NUMBER,334
2008,F,diseases_of_the_skin,NUMBER,7
2008,F,diseases_of_the_musculoskeletal,NUMBER,26
2008,F,diseases_of_the_genitourinary,NUMBER,265
2008,F,pregnancy_childbirth_and_the,NUMBER,4
2008,F,certain_conditions_originating,NUMBER,61
2008,F,congenital_malformations_deformations,NUMBER,29
2008,F,symptoms_signs_and_abnormal,NUMBER,976
2008,F,injuries_poisoning_and_consequences,NUMBER,258
2008,F,unknown,NUMBER,453
2008,F,total,NUMBER,16339
2009,_T,infectious_and_parasitic,NUMBER,287
2009,_T,neoplasms,NUMBER,6970
2009,_T,diseases_of_the_blood,NUMBER,41
2009,_T,endocrine_metabolic_and_nutritional,NUMBER,1999
2009,_T,mental_and_behavioural_disorders,NUMBER,191
2009,_T,diseases_of_the_nervous,NUMBER,319
2009,_T,diseases_of_the_circulatory,NUMBER,18295
2009,_T,diseases_of_the_respiratory,NUMBER,1133
2009,_T,diseases_of_the_digestive,NUMBER,936
2009,_T,diseases_of_the_skin,NUMBER,9
2009,_T,diseases_of_the_musculoskeletal,NUMBER,35
2009,_T,diseases_of_the_genitourinary,NUMBER,588
2009,_T,pregnancy_childbirth_and_the,NUMBER,1
2009,_T,certain_conditions_originating,NUMBER,144
2009,_T,congenital_malformations_deformations,NUMBER,61
2009,_T,symptoms_signs_and_abnormal,NUMBER,1985
2009,_T,injuries_poisoning_and_consequences,NUMBER,1256
2009,_T,external_causes_of_mortality,NUMBER,2
2009,_T,factors_influencing_health_status,NUMBER,2
2009,_T,unknown,NUMBER,650
2009,_T,total,NUMBER,34904
2009,M,infectious_and_parasitic,NUMBER,180
2009,M,neoplasms,NUMBER,4118
2009,M,diseases_of_the_blood,NUMBER,17
2009,M,endocrine_metabolic_and_nutritional,NUMBER,766
2009,M,mental_and_behavioural_disorders,NUMBER,127
2009,M,diseases_of_the_nervous,NUMBER,167
2009,M,diseases_of_the_circulatory,NUMBER,8586
2009,M,diseases_of_the_respiratory,NUMBER,644
2009,M,diseases_of_the_digestive,NUMBER,559
2009,M,diseases_of_the_skin,NUMBER,4
2009,M,diseases_of_the_musculoskeletal,NUMBER,8
2009,M,diseases_of_the_genitourinary,NUMBER,299
2009,M,certain_conditions_originating,NUMBER,76
2009,M,congenital_malformations_deformations,NUMBER,31
2009,M,symptoms_signs_and_abnormal,NUMBER,1012
2009,M,injuries_poisoning_and_consequences,NUMBER,941
2009,M,external_causes_of_mortality,NUMBER,2
2009,M,factors_influencing_health_status,NUMBER,1
2009,M,unknown,NUMBER,346
2009,M,total,NUMBER,17884
2009,F,infectious_and_parasitic,NUMBER,107
2009,F,neoplasms,NUMBER,2852
2009,F,diseases_of_the_blood,NUMBER,24
2009,F,endocrine_metabolic_and_nutritional,NUMBER,1233
2009,F,mental_and_behavioural_disorders,NUMBER,64
2009,F,diseases_of_the_nervous,NUMBER,152
2009,F,diseases_of_the_circulatory,NUMBER,9709
2009,F,diseases_of_the_respiratory,NUMBER,489
2009,F,diseases_of_the_digestive,NUMBER,377
2009,F,diseases_of_the_skin,NUMBER,5
2009,F,diseases_of_the_musculoskeletal,NUMBER,27
2009,F,diseases_of_the_genitourinary,NUMBER,289
2009,F,pregnancy_childbirth_and_the,NUMBER,1
2009,F,certain_conditions_originating,NUMBER,68
2009,F,congenital_malformations_deformations,NUMBER,30
2009,F,symptoms_signs_and_abnormal,NUMBER,973
2009,F,injuries_poisoning_and_consequences,NUMBER,315
2009,F,factors_influencing_health_status,NUMBER,1
2009,F,unknown,NUMBER,304
2009,F,total,NUMBER,17020
2010,_T,infectious_and_parasitic,NUMBER,285
2010,_T,neoplasms,NUMBER,6973
2010,_T,diseases_of_the_blood,NUMBER,45
2010,_T,endocrine_metabolic_and_nutritional,NUMBER,1903
2010,_T,mental_and_behavioural_disorders,NUMBER,171
2010,_T,diseases_of_the_nervous,NUMBER,350
2010,_T,diseases_of_the_eye,NUMBER,2
2010,_T,diseases_of_the_circulatory,NUMBER,18805
2010,_T,diseases_of_the_respiratory,NUMBER,1145
2010,_T,diseases_of_the_digestive,NUMBER,918
2010,_T,diseases_of_the_skin,NUMBER,14
2010,_T,diseases_of_the_musculoskeletal,NUMBER,42
2010,_T,diseases_of_the_genitourinary,NUMBER,577
2010,_T,pregnancy_childbirth_and_the,NUMBER,1
2010,_T,certain_conditions_originating,NUMBER,138
2010,_T,congenital_malformations_deformations,NUMBER,63
2010,_T,symptoms_signs_and_abnormal,NUMBER,1916
2010,_T,injuries_poisoning_and_consequences,NUMBER,1117
2010,_T,external_causes_of_mortality,NUMBER,15
2010,_T,unknown,NUMBER,638
2010,_T,total,NUMBER,35118
2010,M,infectious_and_parasitic,NUMBER,183
2010,M,neoplasms,NUMBER,4059
2010,M,diseases_of_the_blood,NUMBER,17
2010,M,endocrine_metabolic_and_nutritional,NUMBER,729
2010,M,mental_and_behavioural_disorders,NUMBER,118
2010,M,diseases_of_the_nervous,NUMBER,178
2010,M,diseases_of_the_eye,NUMBER,1
2010,M,diseases_of_the_circulatory,NUMBER,8699
2010,M,diseases_of_the_respiratory,NUMBER,681
2010,M,diseases_of_the_digestive,NUMBER,544
2010,M,diseases_of_the_skin,NUMBER,5
2010,M,diseases_of_the_musculoskeletal,NUMBER,16
2010,M,diseases_of_the_genitourinary,NUMBER,296
2010,M,certain_conditions_originating,NUMBER,76
2010,M,congenital_malformations_deformations,NUMBER,37
2010,M,symptoms_signs_and_abnormal,NUMBER,1008
2010,M,injuries_poisoning_and_consequences,NUMBER,878
2010,M,external_causes_of_mortality,NUMBER,11
2010,M,unknown,NUMBER,364
2010,M,total,NUMBER,17900
2010,F,infectious_and_parasitic,NUMBER,102
2010,F,neoplasms,NUMBER,2914
2010,F,diseases_of_the_blood,NUMBER,28
2010,F,endocrine_metabolic_and_nutritional,NUMBER,1174
2010,F,mental_and_behavioural_disorders,NUMBER,53
2010,F,diseases_of_the_nervous,NUMBER,172
2010,F,diseases_of_the_eye,NUMBER,1
2010,F,diseases_of_the_circulatory,NUMBER,10106
2010,F,diseases_of_the_respiratory,NUMBER,464
2010,F,diseases_of_the_digestive,NUMBER,374
2010,F,diseases_of_the_skin,NUMBER,9
2010,F,diseases_of_the_musculoskeletal,NUMBER,26
2010,F,diseases_of_the_genitourinary,NUMBER,281
2010,F,pregnancy_childbirth_and_the,NUMBER,1
2010,F,certain_conditions_originating,NUMBER,62
2010,F,congenital_malformations_deformations,NUMBER,26
2010,F,symptoms_signs_and_abnormal,NUMBER,908
2010,F,injuries_poisoning_and_consequences,NUMBER,239
2010,F,external_causes_of_mortality,NUMBER,4
2010,F,unknown,NUMBER,274
2010,F,total,NUMBER,17218
2011,_T,infectious_and_parasitic,NUMBER,298
2011,_T,neoplasms,NUMBER,7214
2011,_T,diseases_of_the_blood,NUMBER,59
2011,_T,endocrine_metabolic_and_nutritional,NUMBER,1940
2011,_T,mental_and_behavioural_disorders,NUMBER,161
2011,_T,diseases_of_the_nervous,NUMBER,410
2011,_T,diseases_of_the_circulatory,NUMBER,18468
2011,_T,diseases_of_the_respiratory,NUMBER,1281
2011,_T,diseases_of_the_digestive,NUMBER,874
2011,_T,diseases_of_the_skin,NUMBER,12
2011,_T,diseases_of_the_musculoskeletal,NUMBER,45
2011,_T,diseases_of_the_genitourinary,NUMBER,551
2011,_T,pregnancy_childbirth_and_the,NUMBER,2
2011,_T,certain_conditions_originating,NUMBER,118
2011,_T,congenital_malformations_deformations,NUMBER,58
2011,_T,symptoms_signs_and_abnormal,NUMBER,1665
2011,_T,injuries_poisoning_and_consequences,NUMBER,1162
2011,_T,external_causes_of_mortality,NUMBER,14
2011,_T,factors_influencing_health_status,NUMBER,1
2011,_T,unknown,NUMBER,695
2011,_T,total,NUMBER,35028
2011,M,infectious_and_parasitic,NUMBER,192
2011,M,neoplasms,NUMBER,4316
2011,M,diseases_of_the_blood,NUMBER,20
2011,M,endocrine_metabolic_and_nutritional,NUMBER,761
2011,M,mental_and_behavioural_disorders,NUMBER,89
2011,M,diseases_of_the_nervous,NUMBER,213
2011,M,diseases_of_the_circulatory,NUMBER,8542
2011,M,diseases_of_the_respiratory,NUMBER,725
2011,M,diseases_of_the_digestive,NUMBER,543
2011,M,diseases_of_the_skin,NUMBER,2
2011,M,diseases_of_the_musculoskeletal,NUMBER,12
2011,M,diseases_of_the_genitourinary,NUMBER,302
2011,M,certain_conditions_originating,NUMBER,67
2011,M,congenital_malformations_deformations,NUMBER,30
2011,M,symptoms_signs_and_abnormal,NUMBER,829
2011,M,injuries_poisoning_and_consequences,NUMBER,930
2011,M,external_causes_of_mortality,NUMBER,13
2011,M,factors_influencing_health_status,NUMBER,1
2011,M,unknown,NUMBER,378
2011,M,total,NUMBER,17965
2011,F,infectious_and_parasitic,NUMBER,106
2011,F,neoplasms,NUMBER,2898
2011,F,diseases_of_the_blood,NUMBER,39
2011,F,endocrine_metabolic_and_nutritional,NUMBER,1179
2011,F,mental_and_behavioural_disorders,NUMBER,72
2011,F,diseases_of_the_nervous,NUMBER,197
2011,F,diseases_of_the_circulatory,NUMBER,9926
2011,F,diseases_of_the_respiratory,NUMBER,556
2011,F,diseases_of_the_digestive,NUMBER,331
2011,F,diseases_of_the_skin,NUMBER,10
2011,F,diseases_of_the_musculoskeletal,NUMBER,33
2011,F,diseases_of_the_genitourinary,NUMBER,249
2011,F,pregnancy_childbirth_and_the,NUMBER,2
2011,F,certain_conditions_originating,NUMBER,51
2011,F,congenital_malformations_deformations,NUMBER,28
2011,F,symptoms_signs_and_abnormal,NUMBER,836
2011,F,injuries_poisoning_and_consequences,NUMBER,232
2011,F,external_causes_of_mortality,NUMBER,1
2011,F,unknown,NUMBER,317
2011,F,total,NUMBER,17063
2012,_T,infectious_and_parasitic,NUMBER,344
2012,_T,neoplasms,NUMBER,7598
2012,_T,diseases_of_the_blood,NUMBER,47
2012,_T,endocrine_metabolic_and_nutritional,NUMBER,1926
2012,_T,mental_and_behavioural_disorders,NUMBER,160
2012,_T,diseases_of_the_nervous,NUMBER,409
2012,_T,diseases_of_the_eye,NUMBER,1
2012,_T,diseases_of_the_circulatory,NUMBER,19252
2012,_T,diseases_of_the_respiratory,NUMBER,1266
2012,_T,diseases_of_the_digestive,NUMBER,978
2012,_T,diseases_of_the_skin,NUMBER,13
2012,_T,diseases_of_the_musculoskeletal,NUMBER,54
2012,_T,diseases_of_the_genitourinary,NUMBER,601
2012,_T,pregnancy_childbirth_and_the,NUMBER,3
2012,_T,certain_conditions_originating,NUMBER,111
2012,_T,congenital_malformations_deformations,NUMBER,40
2012,_T,symptoms_signs_and_abnormal,NUMBER,1207
2012,_T,injuries_poisoning_and_consequences,NUMBER,1067
2012,_T,unknown,NUMBER,740
2012,_T,total,NUMBER,35817
2012,M,infectious_and_parasitic,NUMBER,185
2012,M,neoplasms,NUMBER,4458
2012,M,diseases_of_the_blood,NUMBER,25
2012,M,endocrine_metabolic_and_nutritional,NUMBER,785
2012,M,mental_and_behavioural_disorders,NUMBER,109
2012,M,diseases_of_the_nervous,NUMBER,207
2012,M,diseases_of_the_circulatory,NUMBER,9060
2012,M,diseases_of_the_respiratory,NUMBER,754
2012,M,diseases_of_the_digestive,NUMBER,588
2012,M,diseases_of_the_skin,NUMBER,6
2012,M,diseases_of_the_musculoskeletal,NUMBER,15
2012,M,diseases_of_the_genitourinary,NUMBER,303
2012,M,certain_conditions_originating,NUMBER,67
2012,M,congenital_malformations_deformations,NUMBER,26
2012,M,symptoms_signs_and_abnormal,NUMBER,609
2012,M,injuries_poisoning_and_consequences,NUMBER,830
2012,M,unknown,NUMBER,409
2012,M,total,NUMBER,18436
2012,F,infectious_and_parasitic,NUMBER,159
2012,F,neoplasms,NUMBER,3140
2012,F,diseases_of_the_blood,NUMBER,22
2012,F,endocrine_metabolic_and_nutritional,NUMBER,1141
2012,F,mental_and_behavioural_disorders,NUMBER,51
2012,F,diseases_of_the_nervous,NUMBER,202
2012,F,diseases_of_the_eye,NUMBER,1
2012,F,diseases_of_the_circulatory,NUMBER,10192
2012,F,diseases_of_the_respiratory,NUMBER,512
2012,F,diseases_of_the_digestive,NUMBER,390
2012,F,diseases_of_the_skin,NUMBER,7
2012,F,diseases_of_the_musculoskeletal,NUMBER,39
2012,F,diseases_of_the_genitourinary,NUMBER,298
2012,F,pregnancy_childbirth_and_the,NUMBER,3
2012,F,certain_conditions_originating,NUMBER,44
2012,F,congenital_malformations_deformations,NUMBER,14
2012,F,symptoms_signs_and_abnormal,NUMBER,598
2012,F,injuries_poisoning_and_consequences,NUMBER,237
2012,F,unknown,NUMBER,331
2012,F,total,NUMBER,17381
2013,_T,infectious_and_parasitic,NUMBER,268
2013,_T,neoplasms,NUMBER,7506
2013,_T,diseases_of_the_blood,NUMBER,50
2013,_T,endocrine_metabolic_and_nutritional,NUMBER,1970
2013,_T,mental_and_behavioural_disorders,NUMBER,192
2013,_T,diseases_of_the_nervous,NUMBER,382
2013,_T,diseases_of_the_circulatory,NUMBER,18186
2013,_T,diseases_of_the_respiratory,NUMBER,1428
2013,_T,diseases_of_the_digestive,NUMBER,955
2013,_T,diseases_of_the_skin,NUMBER,31
2013,_T,diseases_of_the_musculoskeletal,NUMBER,57
2013,_T,diseases_of_the_genitourinary,NUMBER,581
2013,_T,certain_conditions_originating,NUMBER,101
2013,_T,congenital_malformations_deformations,NUMBER,38
2013,_T,symptoms_signs_and_abnormal,NUMBER,2107
2013,_T,injuries_poisoning_and_consequences,NUMBER,1024
2013,_T,external_causes_of_mortality,NUMBER,4
2013,_T,unknown,NUMBER,782
2013,_T,total,NUMBER,35662
2013,M,infectious_and_parasitic,NUMBER,165
2013,M,neoplasms,NUMBER,4384
2013,M,diseases_of_the_blood,NUMBER,20
2013,M,endocrine_metabolic_and_nutritional,NUMBER,820
2013,M,mental_and_behavioural_disorders,NUMBER,101
2013,M,diseases_of_the_nervous,NUMBER,198
2013,M,diseases_of_the_circulatory,NUMBER,8458
2013,M,diseases_of_the_respiratory,NUMBER,827
2013,M,diseases_of_the_digestive,NUMBER,526
2013,M,diseases_of_the_skin,NUMBER,12
2013,M,diseases_of_the_musculoskeletal,NUMBER,18
2013,M,diseases_of_the_genitourinary,NUMBER,304
2013,M,certain_conditions_originating,NUMBER,62
2013,M,congenital_malformations_deformations,NUMBER,19
2013,M,symptoms_signs_and_abnormal,NUMBER,1112
2013,M,injuries_poisoning_and_consequences,NUMBER,794
2013,M,external_causes_of_mortality,NUMBER,4
2013,M,unknown,NUMBER,393
2013,M,total,NUMBER,18217
2013,F,infectious_and_parasitic,NUMBER,103
2013,F,neoplasms,NUMBER,3122
2013,F,diseases_of_the_blood,NUMBER,30
2013,F,endocrine_metabolic_and_nutritional,NUMBER,1150
2013,F,mental_and_behavioural_disorders,NUMBER,91
2013,F,diseases_of_the_nervous,NUMBER,184
2013,F,diseases_of_the_circulatory,NUMBER,9728
2013,F,diseases_of_the_respiratory,NUMBER,601
2013,F,diseases_of_the_digestive,NUMBER,429
2013,F,diseases_of_the_skin,NUMBER,19
2013,F,diseases_of_the_musculoskeletal,NUMBER,39
2013,F,diseases_of_the_genitourinary,NUMBER,277
2013,F,certain_conditions_originating,NUMBER,39
2013,F,congenital_malformations_deformations,NUMBER,19
2013,F,symptoms_signs_and_abnormal,NUMBER,995
2013,F,injuries_poisoning_and_consequences,NUMBER,230
2013,F,unknown,NUMBER,389
2013,F,total,NUMBER,17445
2014,_T,infectious_and_parasitic,NUMBER,291
2014,_T,neoplasms,NUMBER,7821
2014,_T,diseases_of_the_blood,NUMBER,42
2014,_T,endocrine_metabolic_and_nutritional,NUMBER,2267
2014,_T,mental_and_behavioural_disorders,NUMBER,225
2014,_T,diseases_of_the_nervous,NUMBER,396
2014,_T,diseases_of_the_eye,NUMBER,6
2014,_T,diseases_of_the_circulatory,NUMBER,17930
2014,_T,diseases_of_the_respiratory,NUMBER,1409
2014,_T,diseases_of_the_digestive,NUMBER,949
2014,_T,diseases_of_the_skin,NUMBER,32
2014,_T,diseases_of_the_musculoskeletal,NUMBER,61
2014,_T,diseases_of_the_genitourinary,NUMBER,536
2014,_T,certain_conditions_originating,NUMBER,85
2014,_T,congenital_malformations_deformations,NUMBER,49
2014,_T,symptoms_signs_and_abnormal,NUMBER,2241
2014,_T,injuries_poisoning_and_consequences,NUMBER,1032
2014,_T,external_causes_of_mortality,NUMBER,17
2014,_T,factors_influencing_health_status,NUMBER,1
2014,_T,unknown,NUMBER,590
2014,_T,total,NUMBER,35980
2014,M,infectious_and_parasitic,NUMBER,164
2014,M,neoplasms,NUMBER,4569
2014,M,diseases_of_the_blood,NUMBER,14
2014,M,endocrine_metabolic_and_nutritional,NUMBER,925
2014,M,mental_and_behavioural_disorders,NUMBER,142
2014,M,diseases_of_the_nervous,NUMBER,207
2014,M,diseases_of_the_circulatory,NUMBER,8336
2014,M,diseases_of_the_respiratory,NUMBER,840
2014,M,diseases_of_the_digestive,NUMBER,545
2014,M,diseases_of_the_skin,NUMBER,16
2014,M,diseases_of_the_musculoskeletal,NUMBER,16
2014,M,diseases_of_the_genitourinary,NUMBER,260
2014,M,certain_conditions_originating,NUMBER,42
2014,M,congenital_malformations_deformations,NUMBER,20
2014,M,symptoms_signs_and_abnormal,NUMBER,1132
2014,M,injuries_poisoning_and_consequences,NUMBER,795
2014,M,external_causes_of_mortality,NUMBER,10
2014,M,unknown,NUMBER,327
2014,M,total,NUMBER,18360
2014,F,infectious_and_parasitic,NUMBER,127
2014,F,neoplasms,NUMBER,3252
2014,F,diseases_of_the_blood,NUMBER,28
2014,F,endocrine_metabolic_and_nutritional,NUMBER,1342
2014,F,mental_and_behavioural_disorders,NUMBER,83
2014,F,diseases_of_the_nervous,NUMBER,189
2014,F,diseases_of_the_eye,NUMBER,6
2014,F,diseases_of_the_circulatory,NUMBER,9594
2014,F,diseases_of_the_respiratory,NUMBER,569
2014,F,diseases_of_the_digestive,NUMBER,404
2014,F,diseases_of_the_skin,NUMBER,16
2014,F,diseases_of_the_musculoskeletal,NUMBER,45
2014,F,diseases_of_the_genitourinary,NUMBER,276
2014,F,certain_conditions_originating,NUMBER,43
2014,F,congenital_malformations_deformations,NUMBER,29
2014,F,symptoms_signs_and_abnormal,NUMBER,1109
2014,F,injuries_poisoning_and_consequences,NUMBER,237
2014,F,external_causes_of_mortality,NUMBER,7
2014,F,factors_influencing_health_status,NUMBER,1
2014,F,unknown,NUMBER,263
2014,F,total,NUMBER,17620
2015,_T,infectious_and_parasitic,NUMBER,370
2015,_T,neoplasms,NUMBER,7956
2015,_T,diseases_of_the_blood,NUMBER,55
2015,_T,endocrine_metabolic_and_nutritional,NUMBER,2025
2015,_T,mental_and_behavioural_disorders,NUMBER,188
2015,_T,diseases_of_the_nervous,NUMBER,447
2015,_T,diseases_of_the_eye,NUMBER,1
2015,_T,diseases_of_the_circulatory,NUMBER,19713
2015,_T,diseases_of_the_respiratory,NUMBER,1718
2015,_T,diseases_of_the_digestive,NUMBER,988
2015,_T,diseases_of_the_skin,NUMBER,42
2015,_T,diseases_of_the_musculoskeletal,NUMBER,55
2015,_T,diseases_of_the_genitourinary,NUMBER,684
2015,_T,pregnancy_childbirth_and_the,NUMBER,1
2015,_T,certain_conditions_originating,NUMBER,126
2015,_T,congenital_malformations_deformations,NUMBER,31
2015,_T,symptoms_signs_and_abnormal,NUMBER,2098
2015,_T,injuries_poisoning_and_consequences,NUMBER,1103
2015,_T,external_causes_of_mortality,NUMBER,8
2015,_T,unknown,NUMBER,541
2015,_T,total,NUMBER,38150
2015,M,infectious_and_parasitic,NUMBER,207
2015,M,neoplasms,NUMBER,4525
2015,M,diseases_of_the_blood,NUMBER,19
2015,M,endocrine_metabolic_and_nutritional,NUMBER,856
2015,M,mental_and_behavioural_disorders,NUMBER,102
2015,M,diseases_of_the_nervous,NUMBER,241
2015,M,diseases_of_the_circulatory,NUMBER,9012
2015,M,diseases_of_the_respiratory,NUMBER,972
2015,M,diseases_of_the_digestive,NUMBER,571
2015,M,diseases_of_the_skin,NUMBER,16
2015,M,diseases_of_the_musculoskeletal,NUMBER,21
2015,M,diseases_of_the_genitourinary,NUMBER,331
2015,M,certain_conditions_originating,NUMBER,67
2015,M,congenital_malformations_deformations,NUMBER,15
2015,M,symptoms_signs_and_abnormal,NUMBER,1102
2015,M,injuries_poisoning_and_consequences,NUMBER,840
2015,M,external_causes_of_mortality,NUMBER,5
2015,M,unknown,NUMBER,317
2015,M,total,NUMBER,19219
2015,F,infectious_and_parasitic,NUMBER,163
2015,F,neoplasms,NUMBER,3431
2015,F,diseases_of_the_blood,NUMBER,36
2015,F,endocrine_metabolic_and_nutritional,NUMBER,1169
2015,F,mental_and_behavioural_disorders,NUMBER,86
2015,F,diseases_of_the_nervous,NUMBER,206
2015,F,diseases_of_the_eye,NUMBER,1
2015,F,diseases_of_the_circulatory,NUMBER,10701
2015,F,diseases_of_the_respiratory,NUMBER,746
2015,F,diseases_of_the_digestive,NUMBER,417
2015,F,diseases_of_the_skin,NUMBER,26
2015,F,diseases_of_the_musculoskeletal,NUMBER,34
2015,F,diseases_of_the_genitourinary,NUMBER,353
2015,F,pregnancy_childbirth_and_the,NUMBER,1
2015,F,certain_conditions_originating,NUMBER,59
2015,F,congenital_malformations_deformations,NUMBER,16
2015,F,symptoms_signs_and_abnormal,NUMBER,996
2015,F,injuries_poisoning_and_consequences,NUMBER,263
2015,F,external_causes_of_mortality,NUMBER,3
2015,F,unknown,NUMBER,224
2015,F,total,NUMBER,18931
2016,_T,infectious_and_parasitic,NUMBER,412
2016,_T,neoplasms,NUMBER,7761
2016,_T,diseases_of_the_blood,NUMBER,54
2016,_T,endocrine_metabolic_and_nutritional,NUMBER,1961
2016,_T,mental_and_behavioural_disorders,NUMBER,226
2016,_T,diseases_of_the_nervous,NUMBER,386
2016,_T,diseases_of_the_eye,NUMBER,8
2016,_T,diseases_of_the_circulatory,NUMBER,18959
2016,_T,diseases_of_the_respiratory,NUMBER,1487
2016,_T,diseases_of_the_digestive,NUMBER,1077
2016,_T,diseases_of_the_skin,NUMBER,35
2016,_T,diseases_of_the_musculoskeletal,NUMBER,46
2016,_T,diseases_of_the_genitourinary,NUMBER,696
2016,_T,pregnancy_childbirth_and_the,NUMBER,1
2016,_T,certain_conditions_originating,NUMBER,117
2016,_T,congenital_malformations_deformations,NUMBER,16
2016,_T,symptoms_signs_and_abnormal,NUMBER,1730
2016,_T,injuries_poisoning_and_consequences,NUMBER,1040
2016,_T,external_causes_of_mortality,NUMBER,14
2016,_T,unknown,NUMBER,545
2016,_T,total,NUMBER,36571
2016,M,infectious_and_parasitic,NUMBER,214
2016,M,neoplasms,NUMBER,4464
2016,M,diseases_of_the_blood,NUMBER,22
2016,M,endocrine_metabolic_and_nutritional,NUMBER,789
2016,M,mental_and_behavioural_disorders,NUMBER,141
2016,M,diseases_of_the_nervous,NUMBER,213
2016,M,diseases_of_the_eye,NUMBER,6
2016,M,diseases_of_the_circulatory,NUMBER,8780
2016,M,diseases_of_the_respiratory,NUMBER,879
2016,M,diseases_of_the_digestive,NUMBER,619
2016,M,diseases_of_the_skin,NUMBER,16
2016,M,diseases_of_the_musculoskeletal,NUMBER,9
2016,M,diseases_of_the_genitourinary,NUMBER,345
2016,M,certain_conditions_originating,NUMBER,74
2016,M,congenital_malformations_deformations,NUMBER,9
2016,M,symptoms_signs_and_abnormal,NUMBER,872
2016,M,injuries_poisoning_and_consequences,NUMBER,783
2016,M,external_causes_of_mortality,NUMBER,11
2016,M,unknown,NUMBER,296
2016,M,total,NUMBER,18542
2016,F,infectious_and_parasitic,NUMBER,198
2016,F,neoplasms,NUMBER,3297
2016,F,diseases_of_the_blood,NUMBER,32
2016,F,endocrine_metabolic_and_nutritional,NUMBER,1172
2016,F,mental_and_behavioural_disorders,NUMBER,85
2016,F,diseases_of_the_nervous,NUMBER,173
2016,F,diseases_of_the_eye,NUMBER,2
2016,F,diseases_of_the_circulatory,NUMBER,10179
2016,F,diseases_of_the_respiratory,NUMBER,608
2016,F,diseases_of_the_digestive,NUMBER,458
2016,F,diseases_of_the_skin,NUMBER,19
2016,F,diseases_of_the_musculoskeletal,NUMBER,37
2016,F,diseases_of_the_genitourinary,NUMBER,351
2016,F,pregnancy_childbirth_and_the,NUMBER,1
2016,F,certain_conditions_originating,NUMBER,43
2016,F,congenital_malformations_deformations,NUMBER,7
2016,F,symptoms_signs_and_abnormal,NUMBER,858
2016,F,injuries_poisoning_and_consequences,NUMBER,257
2016,F,external_causes_of_mortality,NUMBER,3
2016,F,unknown,NUMBER,249
2016,F,total,NUMBER,18029
2017,_T,infectious_and_parasitic,NUMBER,395
2017,_T,neoplasms,NUMBER,8136
2017,_T,diseases_of_the_blood,NUMBER,69
2017,_T,endocrine_metabolic_and_nutritional,NUMBER,2170
2017,_T,mental_and_behavioural_disorders,NUMBER,265
2017,_T,diseases_of_the_nervous,NUMBER,382
2017,_T,diseases_of_the_eye,NUMBER,5
2017,_T,diseases_of_the_circulatory,NUMBER,19207
2017,_T,diseases_of_the_respiratory,NUMBER,1579
2017,_T,diseases_of_the_digestive,NUMBER,1007
2017,_T,diseases_of_the_skin,NUMBER,44
2017,_T,diseases_of_the_musculoskeletal,NUMBER,44
2017,_T,diseases_of_the_genitourinary,NUMBER,587
2017,_T,certain_conditions_originating,NUMBER,136
2017,_T,congenital_malformations_deformations,NUMBER,27
2017,_T,symptoms_signs_and_abnormal,NUMBER,2294
2017,_T,injuries_poisoning_and_consequences,NUMBER,1067
2017,_T,external_causes_of_mortality,NUMBER,15
2017,_T,unknown,NUMBER,550
2017,_T,total,NUMBER,37979
2017,M,infectious_and_parasitic,NUMBER,209
2017,M,neoplasms,NUMBER,4632
2017,M,diseases_of_the_blood,NUMBER,25
2017,M,endocrine_metabolic_and_nutritional,NUMBER,885
2017,M,mental_and_behavioural_disorders,NUMBER,147
2017,M,diseases_of_the_nervous,NUMBER,193
2017,M,diseases_of_the_eye,NUMBER,2
2017,M,diseases_of_the_circulatory,NUMBER,8880
2017,M,diseases_of_the_respiratory,NUMBER,936
2017,M,diseases_of_the_digestive,NUMBER,570
2017,M,diseases_of_the_skin,NUMBER,12
2017,M,diseases_of_the_musculoskeletal,NUMBER,17
2017,M,diseases_of_the_genitourinary,NUMBER,299
2017,M,certain_conditions_originating,NUMBER,75
2017,M,congenital_malformations_deformations,NUMBER,16
2017,M,symptoms_signs_and_abnormal,NUMBER,1168
2017,M,injuries_poisoning_and_consequences,NUMBER,780
2017,M,external_causes_of_mortality,NUMBER,9
2017,M,unknown,NUMBER,331
2017,M,total,NUMBER,19186
2017,F,infectious_and_parasitic,NUMBER,186
2017,F,neoplasms,NUMBER,3504
2017,F,diseases_of_the_blood,NUMBER,44
2017,F,endocrine_metabolic_and_nutritional,NUMBER,1285
2017,F,mental_and_behavioural_disorders,NUMBER,118
2017,F,diseases_of_the_nervous,NUMBER,189
2017,F,diseases_of_the_eye,NUMBER,3
2017,F,diseases_of_the_circulatory,NUMBER,10327
2017,F,diseases_of_the_respiratory,NUMBER,643
2017,F,diseases_of_the_digestive,NUMBER,437
2017,F,diseases_of_the_skin,NUMBER,32
2017,F,diseases_of_the_musculoskeletal,NUMBER,27
2017,F,diseases_of_the_genitourinary,NUMBER,288
2017,F,certain_conditions_originating,NUMBER,61
2017,F,congenital_malformations_deformations,NUMBER,11
2017,F,symptoms_signs_and_abnormal,NUMBER,1126
2017,F,injuries_poisoning_and_consequences,NUMBER,287
2017,F,external_causes_of_mortality,NUMBER,6
2017,F,unknown,NUMBER,219
2017,F,total,NUMBER,18793
2018,_T,infectious_and_parasitic,NUMBER,443
2018,_T,neoplasms,NUMBER,7881
2018,_T,diseases_of_the_blood,NUMBER,72
2018,_T,endocrine_metabolic_and_nutritional,NUMBER,2086
2018,_T,mental_and_behavioural_disorders,NUMBER,236
2018,_T,diseases_of_the_nervous,NUMBER,337
2018,_T,diseases_of_the_circulatory,NUMBER,18818
2018,_T,diseases_of_the_respiratory,NUMBER,1856
2018,_T,diseases_of_the_digestive,NUMBER,1052
2018,_T,diseases_of_the_skin,NUMBER,40
2018,_T,diseases_of_the_musculoskeletal,NUMBER,53
2018,_T,diseases_of_the_genitourinary,NUMBER,631
2018,_T,pregnancy_childbirth_and_the,NUMBER,1
2018,_T,certain_conditions_originating,NUMBER,134
2018,_T,congenital_malformations_deformations,NUMBER,26
2018,_T,symptoms_signs_and_abnormal,NUMBER,2581
2018,_T,injuries_poisoning_and_consequences,NUMBER,1015
2018,_T,external_causes_of_mortality,NUMBER,11
2018,_T,factors_influencing_health_status,NUMBER,1
2018,_T,unknown,NUMBER,470
2018,_T,total,NUMBER,37744
2018,M,infectious_and_parasitic,NUMBER,243
2018,M,neoplasms,NUMBER,4606
2018,M,diseases_of_the_blood,NUMBER,27
2018,M,endocrine_metabolic_and_nutritional,NUMBER,881
2018,M,mental_and_behavioural_disorders,NUMBER,121
2018,M,diseases_of_the_nervous,NUMBER,171
2018,M,diseases_of_the_circulatory,NUMBER,8577
2018,M,diseases_of_the_respiratory,NUMBER,990
2018,M,diseases_of_the_digestive,NUMBER,610
2018,M,diseases_of_the_skin,NUMBER,21
2018,M,diseases_of_the_musculoskeletal,NUMBER,13
2018,M,diseases_of_the_genitourinary,NUMBER,337
2018,M,certain_conditions_originating,NUMBER,67
2018,M,congenital_malformations_deformations,NUMBER,12
2018,M,symptoms_signs_and_abnormal,NUMBER,1301
2018,M,injuries_poisoning_and_consequences,NUMBER,773
2018,M,external_causes_of_mortality,NUMBER,9
2018,M,factors_influencing_health_status,NUMBER,1
2018,M,unknown,NUMBER,247
2018,M,total,NUMBER,19007
2018,F,infectious_and_parasitic,NUMBER,200
2018,F,neoplasms,NUMBER,3275
2018,F,diseases_of_the_blood,NUMBER,45
2018,F,endocrine_metabolic_and_nutritional,NUMBER,1205
2018,F,mental_and_behavioural_disorders,NUMBER,115
2018,F,diseases_of_the_nervous,NUMBER,166
2018,F,diseases_of_the_circulatory,NUMBER,10241
2018,F,diseases_of_the_respiratory,NUMBER,866
2018,F,diseases_of_the_digestive,NUMBER,442
2018,F,diseases_of_the_skin,NUMBER,19
2018,F,diseases_of_the_musculoskeletal,NUMBER,40
2018,F,diseases_of_the_genitourinary,NUMBER,294
2018,F,pregnancy_childbirth_and_the,NUMBER,1
2018,F,certain_conditions_originating,NUMBER,67
2018,F,congenital_malformations_deformations,NUMBER,14
2018,F,symptoms_signs_and_abnormal,NUMBER,1280
2018,F,injuries_poisoning_and_consequences,NUMBER,242
2018,F,external_causes_of_mortality,NUMBER,2
2018,F,unknown,NUMBER,223
2018,F,total,NUMBER,18737
2019,_T,infectious_and_parasitic,NUMBER,451
2019,_T,neoplasms,NUMBER,8053
2019,_T,diseases_of_the_blood,NUMBER,90
2019,_T,endocrine_metabolic_and_nutritional,NUMBER,1925
2019,_T,mental_and_behavioural_disorders,NUMBER,290
2019,_T,diseases_of_the_nervous,NUMBER,388
2019,_T,diseases_of_the_eye,NUMBER,9
2019,_T,diseases_of_the_circulatory,NUMBER,18939
2019,_T,diseases_of_the_respiratory,NUMBER,1946
2019,_T,diseases_of_the_digestive,NUMBER,1043
2019,_T,diseases_of_the_skin,NUMBER,43
2019,_T,diseases_of_the_musculoskeletal,NUMBER,57
2019,_T,diseases_of_the_genitourinary,NUMBER,600
2019,_T,pregnancy_childbirth_and_the,NUMBER,3
2019,_T,certain_conditions_originating,NUMBER,130
2019,_T,congenital_malformations_deformations,NUMBER,30
2019,_T,symptoms_signs_and_abnormal,NUMBER,3312
2019,_T,injuries_poisoning_and_consequences,NUMBER,918
2019,_T,external_causes_of_mortality,NUMBER,9
2019,_T,factors_influencing_health_status,NUMBER,10
2019,_T,unknown,NUMBER,583
2019,_T,total,NUMBER,38829
2019,M,infectious_and_parasitic,NUMBER,241
2019,M,neoplasms,NUMBER,4606
2019,M,diseases_of_the_blood,NUMBER,30
2019,M,endocrine_metabolic_and_nutritional,NUMBER,806
2019,M,mental_and_behavioural_disorders,NUMBER,153
2019,M,diseases_of_the_nervous,NUMBER,202
2019,M,diseases_of_the_eye,NUMBER,3
2019,M,diseases_of_the_circulatory,NUMBER,8848
2019,M,diseases_of_the_respiratory,NUMBER,1076
2019,M,diseases_of_the_digestive,NUMBER,603
2019,M,diseases_of_the_skin,NUMBER,17
2019,M,diseases_of_the_musculoskeletal,NUMBER,15
2019,M,diseases_of_the_genitourinary,NUMBER,314
2019,M,certain_conditions_originating,NUMBER,70
2019,M,congenital_malformations_deformations,NUMBER,11
2019,M,symptoms_signs_and_abnormal,NUMBER,1727
2019,M,injuries_poisoning_and_consequences,NUMBER,701
2019,M,external_causes_of_mortality,NUMBER,8
2019,M,factors_influencing_health_status,NUMBER,7
2019,M,unknown,NUMBER,349
2019,M,total,NUMBER,19787
2019,F,infectious_and_parasitic,NUMBER,210
2019,F,neoplasms,NUMBER,3447
2019,F,diseases_of_the_blood,NUMBER,60
2019,F,endocrine_metabolic_and_nutritional,NUMBER,1119
2019,F,mental_and_behavioural_disorders,NUMBER,137
2019,F,diseases_of_the_nervous,NUMBER,186
2019,F,diseases_of_the_eye,NUMBER,6
2019,F,diseases_of_the_circulatory,NUMBER,10091
2019,F,diseases_of_the_respiratory,NUMBER,870
2019,F,diseases_of_the_digestive,NUMBER,440
2019,F,diseases_of_the_skin,NUMBER,26
2019,F,diseases_of_the_musculoskeletal,NUMBER,42
2019,F,diseases_of_the_genitourinary,NUMBER,286
2019,F,pregnancy_childbirth_and_the,NUMBER,3
2019,F,certain_conditions_originating,NUMBER,60
2019,F,congenital_malformations_deformations,NUMBER,19
2019,F,symptoms_signs_and_abnormal,NUMBER,1585
2019,F,injuries_poisoning_and_consequences,NUMBER,217
2019,F,external_causes_of_mortality,NUMBER,1
2019,F,factors_influencing_health_status,NUMBER,3
2019,F,unknown,NUMBER,234
2019,F,total,NUMBER,19042
2020,_T,infectious_and_parasitic,NUMBER,429
2020,_T,neoplasms,NUMBER,7880
2020,_T,diseases_of_the_blood,NUMBER,89
2020,_T,endocrine_metabolic_and_nutritional,NUMBER,2200
2020,_T,mental_and_behavioural_disorders,NUMBER,314
2020,_T,diseases_of_the_nervous,NUMBER,457
2020,_T,diseases_of_the_eye,NUMBER,10
2020,_T,diseases_of_the_circulatory,NUMBER,20052
2020,_T,diseases_of_the_respiratory,NUMBER,2279
2020,_T,diseases_of_the_digestive,NUMBER,1062
2020,_T,diseases_of_the_skin,NUMBER,50
2020,_T,diseases_of_the_musculoskeletal,NUMBER,57
2020,_T,diseases_of_the_genitourinary,NUMBER,615
2020,_T,pregnancy_childbirth_and_the,NUMBER,4
2020,_T,certain_conditions_originating,NUMBER,116
2020,_T,congenital_malformations_deformations,NUMBER,34
2020,_T,symptoms_signs_and_abnormal,NUMBER,2859
2020,_T,injuries_poisoning_and_consequences,NUMBER,881
2020,_T,external_causes_of_mortality,NUMBER,12
2020,_T,factors_influencing_health_status,NUMBER,12
2020,_T,Covid-19,NUMBER,4438
2020,_T,unknown,NUMBER,577
2020,_T,total,NUMBER,44427
2020,M,infectious_and_parasitic,NUMBER,229
2020,M,neoplasms,NUMBER,4520
2020,M,diseases_of_the_blood,NUMBER,37
2020,M,endocrine_metabolic_and_nutritional,NUMBER,875
2020,M,mental_and_behavioural_disorders,NUMBER,150
2020,M,diseases_of_the_nervous,NUMBER,222
2020,M,diseases_of_the_eye,NUMBER,6
2020,M,diseases_of_the_circulatory,NUMBER,9303
2020,M,diseases_of_the_respiratory,NUMBER,1327
2020,M,diseases_of_the_digestive,NUMBER,632
2020,M,diseases_of_the_skin,NUMBER,24
2020,M,diseases_of_the_musculoskeletal,NUMBER,14
2020,M,diseases_of_the_genitourinary,NUMBER,320
2020,M,certain_conditions_originating,NUMBER,62
2020,M,congenital_malformations_deformations,NUMBER,22
2020,M,symptoms_signs_and_abnormal,NUMBER,1480
2020,M,injuries_poisoning_and_consequences,NUMBER,665
2020,M,external_causes_of_mortality,NUMBER,8
2020,M,factors_influencing_health_status,NUMBER,8
2020,M,Covid-19,NUMBER,2829
2020,M,unknown,NUMBER,307
2020,M,total,NUMBER,23040
2020,F,infectious_and_parasitic,NUMBER,200
2020,F,neoplasms,NUMBER,3360
2020,F,diseases_of_the_blood,NUMBER,52
2020,F,endocrine_metabolic_and_nutritional,NUMBER,1325
2020,F,mental_and_behavioural_disorders,NUMBER,164
2020,F,diseases_of_the_nervous,NUMBER,235
2020,F,diseases_of_the_eye,NUMBER,4
2020,F,diseases_of_the_circulatory,NUMBER,10749
2020,F,diseases_of_the_respiratory,NUMBER,952
2020,F,diseases_of_the_digestive,NUMBER,430
2020,F,diseases_of_the_skin,NUMBER,26
2020,F,diseases_of_the_musculoskeletal,NUMBER,43
2020,F,diseases_of_the_genitourinary,NUMBER,295
2020,F,pregnancy_childbirth_and_the,NUMBER,4
2020,F,certain_conditions_originating,NUMBER,54
2020,F,congenital_malformations_deformations,NUMBER,12
2020,F,symptoms_signs_and_abnormal,NUMBER,1379
2020,F,injuries_poisoning_and_consequences,NUMBER,216
2020,F,external_causes_of_mortality,NUMBER,4
2020,F,factors_influencing_health_status,NUMBER,4
2020,F,Covid-19,NUMBER,1609
2020,F,unknown,NUMBER,270
2020,F,total,NUMBER,21387
2021,_T,infectious_and_parasitic,NUMBER,399
2021,_T,neoplasms,NUMBER,7576
2021,_T,diseases_of_the_blood,NUMBER,67
2021,_T,endocrine_metabolic_and_nutritional,NUMBER,2302
2021,_T,mental_and_behavioural_disorders,NUMBER,359
2021,_T,diseases_of_the_nervous,NUMBER,392
2021,_T,diseases_of_the_eye,NUMBER,9
2021,_T,diseases_of_the_circulatory,NUMBER,19457
2021,_T,diseases_of_the_respiratory,NUMBER,2270
2021,_T,diseases_of_the_digestive,NUMBER,990
2021,_T,diseases_of_the_skin,NUMBER,64
2021,_T,diseases_of_the_musculoskeletal,NUMBER,30
2021,_T,diseases_of_the_genitourinary,NUMBER,575
2021,_T,pregnancy_childbirth_and_the,NUMBER,1
2021,_T,certain_conditions_originating,NUMBER,87
2021,_T,congenital_malformations_deformations,NUMBER,31
2021,_T,symptoms_signs_and_abnormal,NUMBER,3715
2021,_T,injuries_poisoning_and_consequences,NUMBER,941
2021,_T,external_causes_of_mortality,NUMBER,15
2021,_T,factors_influencing_health_status,NUMBER,9
2021,_T,Covid-19,NUMBER,10242
2021,_T,unknown,NUMBER,802
2021,_T,total,NUMBER,50333
2021,M,infectious_and_parasitic,NUMBER,220
2021,M,neoplasms,NUMBER,4353
2021,M,diseases_of_the_blood,NUMBER,26
2021,M,endocrine_metabolic_and_nutritional,NUMBER,917
2021,M,mental_and_behavioural_disorders,NUMBER,185
2021,M,diseases_of_the_nervous,NUMBER,216
2021,M,diseases_of_the_eye,NUMBER,5
2021,M,diseases_of_the_circulatory,NUMBER,8924
2021,M,diseases_of_the_respiratory,NUMBER,1231
2021,M,diseases_of_the_digestive,NUMBER,616
2021,M,diseases_of_the_skin,NUMBER,24
2021,M,diseases_of_the_musculoskeletal,NUMBER,17
2021,M,diseases_of_the_genitourinary,NUMBER,304
2021,M,certain_conditions_originating,NUMBER,53
2021,M,congenital_malformations_deformations,NUMBER,19
2021,M,symptoms_signs_and_abnormal,NUMBER,1926
2021,M,injuries_poisoning_and_consequences,NUMBER,715
2021,M,external_causes_of_mortality,NUMBER,10
2021,M,factors_influencing_health_status,NUMBER,7
2021,M,Covid-19,NUMBER,5739
2021,M,unknown,NUMBER,416
2021,M,total,NUMBER,25923
2021,F,infectious_and_parasitic,NUMBER,179
2021,F,neoplasms,NUMBER,3223
2021,F,diseases_of_the_blood,NUMBER,41
2021,F,endocrine_metabolic_and_nutritional,NUMBER,1385
2021,F,mental_and_behavioural_disorders,NUMBER,174
2021,F,diseases_of_the_nervous,NUMBER,176
2021,F,diseases_of_the_eye,NUMBER,4
2021,F,diseases_of_the_circulatory,NUMBER,10533
2021,F,diseases_of_the_respiratory,NUMBER,1039
2021,F,diseases_of_the_digestive,NUMBER,374
2021,F,diseases_of_the_skin,NUMBER,40
2021,F,diseases_of_the_musculoskeletal,NUMBER,13
2021,F,diseases_of_the_genitourinary,NUMBER,271
2021,F,pregnancy_childbirth_and_the,NUMBER,1
2021,F,certain_conditions_originating,NUMBER,34
2021,F,congenital_malformations_deformations,NUMBER,12
2021,F,symptoms_signs_and_abnormal,NUMBER,1789
2021,F,injuries_poisoning_and_consequences,NUMBER,226
2021,F,external_causes_of_mortality,NUMBER,5
2021,F,factors_influencing_health_status,NUMBER,2
2021,F,Covid-19,NUMBER,4503
2021,F,unknown,NUMBER,386
2021,F,total,NUMBER,24410
2022,_T,infectious_and_parasitic,NUMBER,509
2022,_T,neoplasms,NUMBER,7438
2022,_T,diseases_of_the_blood,NUMBER,75
2022,_T,endocrine_metabolic_and_nutritional,NUMBER,2139
2022,_T,mental_and_behavioural_disorders,NUMBER,402
2022,_T,diseases_of_the_nervous,NUMBER,428
2022,_T,diseases_of_the_eye,NUMBER,3
2022,_T,diseases_of_the_circulatory,NUMBER,18126
2022,_T,diseases_of_the_respiratory,NUMBER,1951
2022,_T,diseases_of_the_digestive,NUMBER,1043
2022,_T,diseases_of_the_skin,NUMBER,50
2022,_T,diseases_of_the_musculoskeletal,NUMBER,49
2022,_T,diseases_of_the_genitourinary,NUMBER,668
2022,_T,pregnancy_childbirth_and_the,NUMBER,5
2022,_T,certain_conditions_originating,NUMBER,93
2022,_T,congenital_malformations_deformations,NUMBER,36
2022,_T,symptoms_signs_and_abnormal,NUMBER,3452
2022,_T,injuries_poisoning_and_consequences,NUMBER,869
2022,_T,external_causes_of_mortality,NUMBER,5
2022,_T,factors_influencing_health_status,NUMBER,5
2022,_T,Covid-19,NUMBER,3379
2022,_T,unknown,NUMBER,571
2022,_T,total,NUMBER,41296
2022,M,infectious_and_parasitic,NUMBER,269
2022,M,neoplasms,NUMBER,4201
2022,M,diseases_of_the_blood,NUMBER,26
2022,M,endocrine_metabolic_and_nutritional,NUMBER,883
2022,M,mental_and_behavioural_disorders,NUMBER,211
2022,M,diseases_of_the_nervous,NUMBER,222
2022,M,diseases_of_the_eye,NUMBER,2
2022,M,diseases_of_the_circulatory,NUMBER,8508
2022,M,diseases_of_the_respiratory,NUMBER,1082
2022,M,diseases_of_the_digestive,NUMBER,640
2022,M,diseases_of_the_skin,NUMBER,24
2022,M,diseases_of_the_musculoskeletal,NUMBER,17
2022,M,diseases_of_the_genitourinary,NUMBER,326
2022,M,certain_conditions_originating,NUMBER,52
2022,M,congenital_malformations_deformations,NUMBER,18
2022,M,symptoms_signs_and_abnormal,NUMBER,1824
2022,M,injuries_poisoning_and_consequences,NUMBER,649
2022,M,external_causes_of_mortality,NUMBER,4
2022,M,factors_influencing_health_status,NUMBER,3
2022,M,Covid-19,NUMBER,1863
2022,M,unknown,NUMBER,324
2022,M,total,NUMBER,21148
2022,F,infectious_and_parasitic,NUMBER,240
2022,F,neoplasms,NUMBER,3237
2022,F,diseases_of_the_blood,NUMBER,49
2022,F,endocrine_metabolic_and_nutritional,NUMBER,1256
2022,F,mental_and_behavioural_disorders,NUMBER,191
2022,F,diseases_of_the_nervous,NUMBER,206
2022,F,diseases_of_the_eye,NUMBER,1
2022,F,diseases_of_the_circulatory,NUMBER,9618
2022,F,diseases_of_the_respiratory,NUMBER,869
2022,F,diseases_of_the_digestive,NUMBER,403
2022,F,diseases_of_the_skin,NUMBER,26
2022,F,diseases_of_the_musculoskeletal,NUMBER,32
2022,F,diseases_of_the_genitourinary,NUMBER,342
2022,F,pregnancy_childbirth_and_the,NUMBER,5
2022,F,certain_conditions_originating,NUMBER,41
2022,F,congenital_malformations_deformations,NUMBER,18
2022,F,symptoms_signs_and_abnormal,NUMBER,1628
2022,F,injuries_poisoning_and_consequences,NUMBER,220
2022,F,external_causes_of_mortality,NUMBER,1
2022,F,factors_influencing_health_status,NUMBER,2
2022,F,Covid-19,NUMBER,1516
2022,F,unknown,NUMBER,247
2022,F,total,NUMBER,20148
2023,_T,infectious_and_parasitic,NUMBER,463
2023,_T,neoplasms,NUMBER,7488
2023,_T,diseases_of_the_blood,NUMBER,71
2023,_T,endocrine_metabolic_and_nutritional,NUMBER,2159
2023,_T,mental_and_behavioural_disorders,NUMBER,392
2023,_T,diseases_of_the_nervous,NUMBER,394
2023,_T,diseases_of_the_eye,NUMBER,0
2023,_T,diseases_of_the_circulatory,NUMBER,16340
2023,_T,diseases_of_the_respiratory,NUMBER,1893
2023,_T,diseases_of_the_digestive,NUMBER,978
2023,_T,diseases_of_the_skin,NUMBER,62
2023,_T,diseases_of_the_musculoskeletal,NUMBER,46
2023,_T,diseases_of_the_genitourinary,NUMBER,741
2023,_T,pregnancy_childbirth_and_the,NUMBER,0
2023,_T,certain_conditions_originating,NUMBER,88
2023,_T,congenital_malformations_deformations,NUMBER,25
2023,_T,symptoms_signs_and_abnormal,NUMBER,2643
2023,_T,injuries_poisoning_and_consequences,NUMBER,868
2023,_T,external_causes_of_mortality,NUMBER,3
2023,_T,factors_influencing_health_status,NUMBER,6
2023,_T,Covid-19,NUMBER,292
2023,_T,unknown,NUMBER,519
2023,_T,total,NUMBER,35471
2023,M,infectious_and_parasitic,NUMBER,255
2023,M,neoplasms,NUMBER,4224
2023,M,diseases_of_the_blood,NUMBER,33
2023,M,endocrine_metabolic_and_nutritional,NUMBER,881
2023,M,mental_and_behavioural_disorders,NUMBER,179
2023,M,diseases_of_the_nervous,NUMBER,184
2023,M,diseases_of_the_eye,NUMBER,0
2023,M,diseases_of_the_circulatory,NUMBER,7651
2023,M,diseases_of_the_respiratory,NUMBER,1076
2023,M,diseases_of_the_digestive,NUMBER,580
2023,M,diseases_of_the_skin,NUMBER,26
2023,M,diseases_of_the_musculoskeletal,NUMBER,13
2023,M,diseases_of_the_genitourinary,NUMBER,370
2023,M,certain_conditions_originating,NUMBER,51
2023,M,congenital_malformations_deformations,NUMBER,19
2023,M,symptoms_signs_and_abnormal,NUMBER,1394
2023,M,injuries_poisoning_and_consequences,NUMBER,657
2023,M,external_causes_of_mortality,NUMBER,2
2023,M,factors_influencing_health_status,NUMBER,4
2023,M,Covid-19,NUMBER,158
2023,M,unknown,NUMBER,291
2023,M,total,NUMBER,18048
2023,F,infectious_and_parasitic,NUMBER,208
2023,F,neoplasms,NUMBER,3264
2023,F,diseases_of_the_blood,NUMBER,38
2023,F,endocrine_metabolic_and_nutritional,NUMBER,1278
2023,F,mental_and_behavioural_disorders,NUMBER,213
2023,F,diseases_of_the_nervous,NUMBER,210
2023,F,diseases_of_the_eye,NUMBER,0
2023,F,diseases_of_the_circulatory,NUMBER,8689
2023,F,diseases_of_the_respiratory,NUMBER,817
2023,F,diseases_of_the_digestive,NUMBER,398
2023,F,diseases_of_the_skin,NUMBER,36
2023,F,diseases_of_the_musculoskeletal,NUMBER,33
2023,F,diseases_of_the_genitourinary,NUMBER,371
2023,F,pregnancy_childbirth_and_the,NUMBER,0
2023,F,certain_conditions_originating,NUMBER,37
2023,F,congenital_malformations_deformations,NUMBER,6
2023,F,symptoms_signs_and_abnormal,NUMBER,1249
2023,F,injuries_poisoning_and_consequences,NUMBER,211
2023,F,external_causes_of_mortality,NUMBER,1
2023,F,factors_influencing_health_status,NUMBER,2
2023,F,Covid-19,NUMBER,134
2023,F,unknown,NUMBER,228
2023,F,total,NUMBER,17423
