Year,UNIT_MEASURE,Value
1997,NUMBER,1835
1998,NUMBER,1964
1999,NUMBER,1995
2000,NUMBER,1929
2001,NUMBER,2126
2002,NUMBER,2311
2003,NUMBER,1918
2004,NUMBER,1523
2005,NUMBER,1763
2006,NUMBER,1659
2007,NUMBER,1826
2008,NUMBER,1369
2009,NUMBER,1402
2010,NUMBER,1676
2011,NUMBER,2309
2012,NUMBER,2294
2013,NUMBER,2609
2014,NUMBER,2686
2015,NUMBER,2963
2016,NUMBER,2773
2017,NUMBER,3022
2018,NUMBER,3091
2019,NUMBER,2790
2020,NUMBER,2669
2021,NUMBER,2871
2022,NUMBER,2865
2023,NUMBER,3048
2024,NUMBER,2913
