Year,UNIT_MEASURE,type_of_education,SEX,Value
2014,NUMBER,total,_T,16131
2014,NUMBER,education,_T,2003
2014,NUMBER,arts_and_humanities,_T,1296
2014,NUMBER,social_sciences_journalism_and_information,_T,2216
2014,NUMBER,business_administration_and_the_law_of_everything,_T,4865
2014,NUMBER,natural_sciences_mathematics_and_statistics_of_all,_T,629
2014,NUMBER,information_and_communication_technologies,_T,503
2014,NUMBER,engineering_manufacturing_and_construction,_T,1554
2014,NUMBER,agriculture_forestry_fisheries_and_veterinary_medicine,_T,572
2014,NUMBER,health_and_social_protection,_T,1712
2014,NUMBER,services,_T,708
2014,NUMBER,unknown,_T,73
2014,NUMBER,total,M,6554
2014,NUMBER,education,M,589
2014,NUMBER,arts_and_humanities,M,417
2014,NUMBER,social_sciences_journalism_and_information,M,849
2014,NUMBER,business_administration_and_the_law_of_everything,M,1970
2014,NUMBER,natural_sciences_mathematics_and_statistics_of_all,M,194
2014,NUMBER,information_and_communication_technologies,M,385
2014,NUMBER,engineering_manufacturing_and_construction,M,976
2014,NUMBER,agriculture_forestry_fisheries_and_veterinary_medicine,M,254
2014,NUMBER,health_and_social_protection,M,403
2014,NUMBER,services,M,489
2014,NUMBER,unknown,M,28
2014,NUMBER,total,F,9577
2014,NUMBER,education,F,1414
2014,NUMBER,arts_and_humanities,F,879
2014,NUMBER,social_sciences_journalism_and_information,F,1367
2014,NUMBER,business_administration_and_the_law_of_everything,F,2895
2014,NUMBER,natural_sciences_mathematics_and_statistics_of_all,F,435
2014,NUMBER,information_and_communication_technologies,F,118
2014,NUMBER,engineering_manufacturing_and_construction,F,578
2014,NUMBER,agriculture_forestry_fisheries_and_veterinary_medicine,F,318
2014,NUMBER,health_and_social_protection,F,1309
2014,NUMBER,services,F,219
2014,NUMBER,unknown,F,45
2015,NUMBER,total,_T,15149
2015,NUMBER,education,_T,1808
2015,NUMBER,arts_and_humanities,_T,1233
2015,NUMBER,social_sciences_journalism_and_information,_T,1421
2015,NUMBER,business_administration_and_the_law_of_everything,_T,4818
2015,NUMBER,natural_sciences_mathematics_and_statistics_of_all,_T,701
2015,NUMBER,information_and_communication_technologies,_T,726
2015,NUMBER,engineering_manufacturing_and_construction,_T,1558
2015,NUMBER,agriculture_forestry_fisheries_and_veterinary_medicine,_T,640
2015,NUMBER,health_and_social_protection,_T,1373
2015,NUMBER,services,_T,804
2015,NUMBER,unknown,_T,67
2015,NUMBER,total,M,6382
2015,NUMBER,education,M,512
2015,NUMBER,arts_and_humanities,M,394
2015,NUMBER,social_sciences_journalism_and_information,M,564
2015,NUMBER,business_administration_and_the_law_of_everything,M,1987
2015,NUMBER,natural_sciences_mathematics_and_statistics_of_all,M,211
2015,NUMBER,information_and_communication_technologies,M,545
2015,NUMBER,engineering_manufacturing_and_construction,M,954
2015,NUMBER,agriculture_forestry_fisheries_and_veterinary_medicine,M,314
2015,NUMBER,health_and_social_protection,M,307
2015,NUMBER,services,M,557
2015,NUMBER,unknown,M,37
2015,NUMBER,total,F,8767
2015,NUMBER,education,F,1296
2015,NUMBER,arts_and_humanities,F,839
2015,NUMBER,social_sciences_journalism_and_information,F,857
2015,NUMBER,business_administration_and_the_law_of_everything,F,2831
2015,NUMBER,natural_sciences_mathematics_and_statistics_of_all,F,490
2015,NUMBER,information_and_communication_technologies,F,181
2015,NUMBER,engineering_manufacturing_and_construction,F,604
2015,NUMBER,agriculture_forestry_fisheries_and_veterinary_medicine,F,326
2015,NUMBER,health_and_social_protection,F,1066
2015,NUMBER,services,F,247
2015,NUMBER,unknown,F,30
2016,NUMBER,total,_T,14407
2016,NUMBER,education,_T,1674
2016,NUMBER,arts_and_humanities,_T,1168
2016,NUMBER,social_sciences_journalism_and_information,_T,1890
2016,NUMBER,business_administration_and_the_law_of_everything,_T,3866
2016,NUMBER,natural_sciences_mathematics_and_statistics_of_all,_T,631
2016,NUMBER,information_and_communication_technologies,_T,573
2016,NUMBER,engineering_manufacturing_and_construction,_T,1787
2016,NUMBER,agriculture_forestry_fisheries_and_veterinary_medicine,_T,589
2016,NUMBER,health_and_social_protection,_T,1295
2016,NUMBER,services,_T,846
2016,NUMBER,unknown,_T,88
2016,NUMBER,total,M,6062
2016,NUMBER,education,M,499
2016,NUMBER,arts_and_humanities,M,344
2016,NUMBER,social_sciences_journalism_and_information,M,745
2016,NUMBER,business_administration_and_the_law_of_everything,M,1643
2016,NUMBER,natural_sciences_mathematics_and_statistics_of_all,M,191
2016,NUMBER,information_and_communication_technologies,M,435
2016,NUMBER,engineering_manufacturing_and_construction,M,1122
2016,NUMBER,agriculture_forestry_fisheries_and_veterinary_medicine,M,276
2016,NUMBER,health_and_social_protection,M,266
2016,NUMBER,services,M,511
2016,NUMBER,unknown,M,30
2016,NUMBER,total,F,8345
2016,NUMBER,education,F,1175
2016,NUMBER,arts_and_humanities,F,824
2016,NUMBER,social_sciences_journalism_and_information,F,1145
2016,NUMBER,business_administration_and_the_law_of_everything,F,2223
2016,NUMBER,natural_sciences_mathematics_and_statistics_of_all,F,440
2016,NUMBER,information_and_communication_technologies,F,138
2016,NUMBER,engineering_manufacturing_and_construction,F,665
2016,NUMBER,agriculture_forestry_fisheries_and_veterinary_medicine,F,313
2016,NUMBER,health_and_social_protection,F,1029
2016,NUMBER,services,F,335
2016,NUMBER,unknown,F,58
2017,NUMBER,total,_T,13709
2017,NUMBER,education,_T,1658
2017,NUMBER,arts_and_humanities,_T,1147
2017,NUMBER,social_sciences_journalism_and_information,_T,1463
2017,NUMBER,business_administration_and_the_law_of_everything,_T,3888
2017,NUMBER,natural_sciences_mathematics_and_statistics_of_all,_T,608
2017,NUMBER,information_and_communication_technologies,_T,636
2017,NUMBER,engineering_manufacturing_and_construction,_T,1739
2017,NUMBER,agriculture_forestry_fisheries_and_veterinary_medicine,_T,539
2017,NUMBER,health_and_social_protection,_T,1109
2017,NUMBER,services,_T,819
2017,NUMBER,unknown,_T,103
2017,NUMBER,total,M,5845
2017,NUMBER,education,M,428
2017,NUMBER,arts_and_humanities,M,360
2017,NUMBER,social_sciences_journalism_and_information,M,608
2017,NUMBER,business_administration_and_the_law_of_everything,M,1706
2017,NUMBER,natural_sciences_mathematics_and_statistics_of_all,M,179
2017,NUMBER,information_and_communication_technologies,M,466
2017,NUMBER,engineering_manufacturing_and_construction,M,1040
2017,NUMBER,agriculture_forestry_fisheries_and_veterinary_medicine,M,226
2017,NUMBER,health_and_social_protection,M,271
2017,NUMBER,services,M,525
2017,NUMBER,unknown,M,36
2017,NUMBER,total,F,7864
2017,NUMBER,education,F,1230
2017,NUMBER,arts_and_humanities,F,787
2017,NUMBER,social_sciences_journalism_and_information,F,855
2017,NUMBER,business_administration_and_the_law_of_everything,F,2182
2017,NUMBER,natural_sciences_mathematics_and_statistics_of_all,F,429
2017,NUMBER,information_and_communication_technologies,F,170
2017,NUMBER,engineering_manufacturing_and_construction,F,699
2017,NUMBER,agriculture_forestry_fisheries_and_veterinary_medicine,F,313
2017,NUMBER,health_and_social_protection,F,838
2017,NUMBER,services,F,294
2017,NUMBER,unknown,F,67
2018,NUMBER,total,_T,13394
2018,NUMBER,education,_T,1629
2018,NUMBER,arts_and_humanities,_T,1104
2018,NUMBER,social_sciences_journalism_and_information,_T,1279
2018,NUMBER,business_administration_and_the_law_of_everything,_T,3286
2018,NUMBER,natural_sciences_mathematics_and_statistics_of_all,_T,604
2018,NUMBER,information_and_communication_technologies,_T,731
2018,NUMBER,engineering_manufacturing_and_construction,_T,1999
2018,NUMBER,agriculture_forestry_fisheries_and_veterinary_medicine,_T,585
2018,NUMBER,health_and_social_protection,_T,1352
2018,NUMBER,services,_T,740
2018,NUMBER,unknown,_T,85
2018,NUMBER,total,M,5571
2018,NUMBER,education,M,384
2018,NUMBER,arts_and_humanities,M,327
2018,NUMBER,social_sciences_journalism_and_information,M,507
2018,NUMBER,business_administration_and_the_law_of_everything,M,1336
2018,NUMBER,natural_sciences_mathematics_and_statistics_of_all,M,174
2018,NUMBER,information_and_communication_technologies,M,486
2018,NUMBER,engineering_manufacturing_and_construction,M,1250
2018,NUMBER,agriculture_forestry_fisheries_and_veterinary_medicine,M,286
2018,NUMBER,health_and_social_protection,M,314
2018,NUMBER,services,M,468
2018,NUMBER,unknown,M,39
2018,NUMBER,total,F,7823
2018,NUMBER,education,F,1245
2018,NUMBER,arts_and_humanities,F,777
2018,NUMBER,social_sciences_journalism_and_information,F,772
2018,NUMBER,business_administration_and_the_law_of_everything,F,1950
2018,NUMBER,natural_sciences_mathematics_and_statistics_of_all,F,430
2018,NUMBER,information_and_communication_technologies,F,245
2018,NUMBER,engineering_manufacturing_and_construction,F,749
2018,NUMBER,agriculture_forestry_fisheries_and_veterinary_medicine,F,299
2018,NUMBER,health_and_social_protection,F,1038
2018,NUMBER,services,F,272
2018,NUMBER,unknown,F,46
2019,NUMBER,total,_T,13053
2019,NUMBER,education,_T,1452
2019,NUMBER,arts_and_humanities,_T,1018
2019,NUMBER,social_sciences_journalism_and_information,_T,1075
2019,NUMBER,business_administration_and_the_law_of_everything,_T,3174
2019,NUMBER,natural_sciences_mathematics_and_statistics_of_all,_T,625
2019,NUMBER,information_and_communication_technologies,_T,674
2019,NUMBER,engineering_manufacturing_and_construction,_T,1896
2019,NUMBER,agriculture_forestry_fisheries_and_veterinary_medicine,_T,616
2019,NUMBER,health_and_social_protection,_T,1466
2019,NUMBER,services,_T,1044
2019,NUMBER,unknown,_T,13
2019,NUMBER,total,M,5302
2019,NUMBER,education,M,361
2019,NUMBER,arts_and_humanities,M,356
2019,NUMBER,social_sciences_journalism_and_information,M,397
2019,NUMBER,business_administration_and_the_law_of_everything,M,1255
2019,NUMBER,natural_sciences_mathematics_and_statistics_of_all,M,158
2019,NUMBER,information_and_communication_technologies,M,481
2019,NUMBER,engineering_manufacturing_and_construction,M,1104
2019,NUMBER,agriculture_forestry_fisheries_and_veterinary_medicine,M,235
2019,NUMBER,health_and_social_protection,M,332
2019,NUMBER,services,M,610
2019,NUMBER,unknown,M,13
2019,NUMBER,total,F,7751
2019,NUMBER,education,F,1091
2019,NUMBER,arts_and_humanities,F,662
2019,NUMBER,social_sciences_journalism_and_information,F,678
2019,NUMBER,business_administration_and_the_law_of_everything,F,1919
2019,NUMBER,natural_sciences_mathematics_and_statistics_of_all,F,467
2019,NUMBER,information_and_communication_technologies,F,193
2019,NUMBER,engineering_manufacturing_and_construction,F,792
2019,NUMBER,agriculture_forestry_fisheries_and_veterinary_medicine,F,381
2019,NUMBER,health_and_social_protection,F,1134
2019,NUMBER,services,F,434
2019,NUMBER,unknown,F,0
2020,NUMBER,total,_T,12288
2020,NUMBER,education,_T,1285
2020,NUMBER,arts_and_humanities,_T,990
2020,NUMBER,social_sciences_journalism_and_information,_T,2247
2020,NUMBER,business_administration_and_the_law_of_everything,_T,1829
2020,NUMBER,natural_sciences_mathematics_and_statistics_of_all,_T,485
2020,NUMBER,information_and_communication_technologies,_T,747
2020,NUMBER,engineering_manufacturing_and_construction,_T,1860
2020,NUMBER,agriculture_forestry_fisheries_and_veterinary_medicine,_T,612
2020,NUMBER,health_and_social_protection,_T,1330
2020,NUMBER,services,_T,887
2020,NUMBER,unknown,_T,16
2020,NUMBER,total,M,4977
2020,NUMBER,education,M,269
2020,NUMBER,arts_and_humanities,M,339
2020,NUMBER,social_sciences_journalism_and_information,M,899
2020,NUMBER,business_administration_and_the_law_of_everything,M,738
2020,NUMBER,natural_sciences_mathematics_and_statistics_of_all,M,122
2020,NUMBER,information_and_communication_technologies,M,500
2020,NUMBER,engineering_manufacturing_and_construction,M,1067
2020,NUMBER,agriculture_forestry_fisheries_and_veterinary_medicine,M,251
2020,NUMBER,health_and_social_protection,M,268
2020,NUMBER,services,M,514
2020,NUMBER,unknown,M,10
2020,NUMBER,total,F,7311
2020,NUMBER,education,F,1016
2020,NUMBER,arts_and_humanities,F,651
2020,NUMBER,social_sciences_journalism_and_information,F,1363
2020,NUMBER,business_administration_and_the_law_of_everything,F,1091
2020,NUMBER,natural_sciences_mathematics_and_statistics_of_all,F,363
2020,NUMBER,information_and_communication_technologies,F,247
2020,NUMBER,engineering_manufacturing_and_construction,F,778
2020,NUMBER,agriculture_forestry_fisheries_and_veterinary_medicine,F,361
2020,NUMBER,health_and_social_protection,F,1062
2020,NUMBER,services,F,373
2020,NUMBER,unknown,F,6
2021,NUMBER,total,_T,11340
2021,NUMBER,education,_T,1287
2021,NUMBER,arts_and_humanities,_T,829
2021,NUMBER,social_sciences_journalism_and_information,_T,1103
2021,NUMBER,business_administration_and_the_law_of_everything,_T,2345
2021,NUMBER,natural_sciences_mathematics_and_statistics_of_all,_T,445
2021,NUMBER,information_and_communication_technologies,_T,838
2021,NUMBER,engineering_manufacturing_and_construction,_T,1712
2021,NUMBER,agriculture_forestry_fisheries_and_veterinary_medicine,_T,451
2021,NUMBER,health_and_social_protection,_T,1423
2021,NUMBER,services,_T,865
2021,NUMBER,unknown,_T,42
2021,NUMBER,total,M,4547
2021,NUMBER,education,M,272
2021,NUMBER,arts_and_humanities,M,252
2021,NUMBER,social_sciences_journalism_and_information,M,408
2021,NUMBER,business_administration_and_the_law_of_everything,M,928
2021,NUMBER,natural_sciences_mathematics_and_statistics_of_all,M,133
2021,NUMBER,information_and_communication_technologies,M,595
2021,NUMBER,engineering_manufacturing_and_construction,M,949
2021,NUMBER,agriculture_forestry_fisheries_and_veterinary_medicine,M,187
2021,NUMBER,health_and_social_protection,M,285
2021,NUMBER,services,M,516
2021,NUMBER,unknown,M,22
2021,NUMBER,total,F,6793
2021,NUMBER,education,F,1015
2021,NUMBER,arts_and_humanities,F,577
2021,NUMBER,social_sciences_journalism_and_information,F,695
2021,NUMBER,business_administration_and_the_law_of_everything,F,1417
2021,NUMBER,natural_sciences_mathematics_and_statistics_of_all,F,312
2021,NUMBER,information_and_communication_technologies,F,243
2021,NUMBER,engineering_manufacturing_and_construction,F,763
2021,NUMBER,agriculture_forestry_fisheries_and_veterinary_medicine,F,264
2021,NUMBER,health_and_social_protection,F,1138
2021,NUMBER,services,F,349
2021,NUMBER,unknown,F,20
