Year,UNIT_MEASURE,type_of_education,SEX,Value
2014,NUMBER,total,_T,3366
2014,NUMBER,education,_T,432
2014,NUMBER,arts_and_humanities,_T,296
2014,NUMBER,social_sciences_journalism_and_information,_T,635
2014,NUMBER,business_administration_and_the_law_of_everything,_T,538
2014,NUMBER,natural_sciences_mathematics_and_statistics_of_all,_T,132
2014,NUMBER,information_and_communication_technologies,_T,126
2014,NUMBER,engineering_manufacturing_and_construction,_T,505
2014,NUMBER,agriculture_forestry_fisheries_and_veterinary_medicine,_T,205
2014,NUMBER,health_and_social_protection,_T,337
2014,NUMBER,services,_T,114
2014,NUMBER,unknown,_T,46
2014,NUMBER,total,M,1330
2014,NUMBER,education,M,125
2014,NUMBER,arts_and_humanities,M,73
2014,NUMBER,social_sciences_journalism_and_information,M,261
2014,NUMBER,business_administration_and_the_law_of_everything,M,200
2014,NUMBER,natural_sciences_mathematics_and_statistics_of_all,M,58
2014,NUMBER,information_and_communication_technologies,M,72
2014,NUMBER,engineering_manufacturing_and_construction,M,289
2014,NUMBER,agriculture_forestry_fisheries_and_veterinary_medicine,M,85
2014,NUMBER,health_and_social_protection,M,83
2014,NUMBER,services,M,71
2014,NUMBER,unknown,M,13
2014,NUMBER,total,F,2036
2014,NUMBER,education,F,307
2014,NUMBER,arts_and_humanities,F,223
2014,NUMBER,social_sciences_journalism_and_information,F,374
2014,NUMBER,business_administration_and_the_law_of_everything,F,338
2014,NUMBER,natural_sciences_mathematics_and_statistics_of_all,F,74
2014,NUMBER,information_and_communication_technologies,F,54
2014,NUMBER,engineering_manufacturing_and_construction,F,216
2014,NUMBER,agriculture_forestry_fisheries_and_veterinary_medicine,F,120
2014,NUMBER,health_and_social_protection,F,254
2014,NUMBER,services,F,43
2014,NUMBER,unknown,F,33
2015,NUMBER,total,_T,3636
2015,NUMBER,education,_T,388
2015,NUMBER,arts_and_humanities,_T,338
2015,NUMBER,social_sciences_journalism_and_information,_T,397
2015,NUMBER,business_administration_and_the_law_of_everything,_T,658
2015,NUMBER,natural_sciences_mathematics_and_statistics_of_all,_T,294
2015,NUMBER,information_and_communication_technologies,_T,99
2015,NUMBER,engineering_manufacturing_and_construction,_T,572
2015,NUMBER,agriculture_forestry_fisheries_and_veterinary_medicine,_T,212
2015,NUMBER,health_and_social_protection,_T,422
2015,NUMBER,services,_T,189
2015,NUMBER,unknown,_T,67
2015,NUMBER,total,M,1468
2015,NUMBER,education,M,88
2015,NUMBER,arts_and_humanities,M,102
2015,NUMBER,social_sciences_journalism_and_information,M,172
2015,NUMBER,business_administration_and_the_law_of_everything,M,244
2015,NUMBER,natural_sciences_mathematics_and_statistics_of_all,M,83
2015,NUMBER,information_and_communication_technologies,M,67
2015,NUMBER,engineering_manufacturing_and_construction,M,357
2015,NUMBER,agriculture_forestry_fisheries_and_veterinary_medicine,M,95
2015,NUMBER,health_and_social_protection,M,105
2015,NUMBER,services,M,113
2015,NUMBER,unknown,M,42
2015,NUMBER,total,F,2168
2015,NUMBER,education,F,300
2015,NUMBER,arts_and_humanities,F,236
2015,NUMBER,social_sciences_journalism_and_information,F,225
2015,NUMBER,business_administration_and_the_law_of_everything,F,414
2015,NUMBER,natural_sciences_mathematics_and_statistics_of_all,F,211
2015,NUMBER,information_and_communication_technologies,F,32
2015,NUMBER,engineering_manufacturing_and_construction,F,215
2015,NUMBER,agriculture_forestry_fisheries_and_veterinary_medicine,F,117
2015,NUMBER,health_and_social_protection,F,317
2015,NUMBER,services,F,76
2015,NUMBER,unknown,F,25
2016,NUMBER,total,_T,3836
2016,NUMBER,education,_T,391
2016,NUMBER,arts_and_humanities,_T,342
2016,NUMBER,social_sciences_journalism_and_information,_T,706
2016,NUMBER,business_administration_and_the_law_of_everything,_T,747
2016,NUMBER,natural_sciences_mathematics_and_statistics_of_all,_T,200
2016,NUMBER,information_and_communication_technologies,_T,127
2016,NUMBER,engineering_manufacturing_and_construction,_T,544
2016,NUMBER,agriculture_forestry_fisheries_and_veterinary_medicine,_T,210
2016,NUMBER,health_and_social_protection,_T,326
2016,NUMBER,services,_T,213
2016,NUMBER,unknown,_T,30
2016,NUMBER,total,M,1497
2016,NUMBER,education,M,115
2016,NUMBER,arts_and_humanities,M,98
2016,NUMBER,social_sciences_journalism_and_information,M,285
2016,NUMBER,business_administration_and_the_law_of_everything,M,263
2016,NUMBER,natural_sciences_mathematics_and_statistics_of_all,M,52
2016,NUMBER,information_and_communication_technologies,M,77
2016,NUMBER,engineering_manufacturing_and_construction,M,317
2016,NUMBER,agriculture_forestry_fisheries_and_veterinary_medicine,M,95
2016,NUMBER,health_and_social_protection,M,66
2016,NUMBER,services,M,121
2016,NUMBER,unknown,M,601
2016,NUMBER,total,F,2339
2016,NUMBER,education,F,276
2016,NUMBER,arts_and_humanities,F,244
2016,NUMBER,social_sciences_journalism_and_information,F,421
2016,NUMBER,business_administration_and_the_law_of_everything,F,484
2016,NUMBER,natural_sciences_mathematics_and_statistics_of_all,F,148
2016,NUMBER,information_and_communication_technologies,F,50
2016,NUMBER,engineering_manufacturing_and_construction,F,227
2016,NUMBER,agriculture_forestry_fisheries_and_veterinary_medicine,F,115
2016,NUMBER,health_and_social_protection,F,260
2016,NUMBER,services,F,92
2016,NUMBER,unknown,F,22
2017,NUMBER,total,_T,3712
2017,NUMBER,education,_T,477
2017,NUMBER,arts_and_humanities,_T,344
2017,NUMBER,social_sciences_journalism_and_information,_T,388
2017,NUMBER,business_administration_and_the_law_of_everything,_T,770
2017,NUMBER,natural_sciences_mathematics_and_statistics_of_all,_T,242
2017,NUMBER,information_and_communication_technologies,_T,119
2017,NUMBER,engineering_manufacturing_and_construction,_T,519
2017,NUMBER,agriculture_forestry_fisheries_and_veterinary_medicine,_T,214
2017,NUMBER,health_and_social_protection,_T,297
2017,NUMBER,services,_T,274
2017,NUMBER,unknown,_T,68
2017,NUMBER,total,M,1426
2017,NUMBER,education,M,119
2017,NUMBER,arts_and_humanities,M,100
2017,NUMBER,social_sciences_journalism_and_information,M,149
2017,NUMBER,business_administration_and_the_law_of_everything,M,284
2017,NUMBER,natural_sciences_mathematics_and_statistics_of_all,M,57
2017,NUMBER,information_and_communication_technologies,M,78
2017,NUMBER,engineering_manufacturing_and_construction,M,324
2017,NUMBER,agriculture_forestry_fisheries_and_veterinary_medicine,M,89
2017,NUMBER,health_and_social_protection,M,72
2017,NUMBER,services,M,123
2017,NUMBER,unknown,M,31
2017,NUMBER,total,F,2286
2017,NUMBER,education,F,358
2017,NUMBER,arts_and_humanities,F,244
2017,NUMBER,social_sciences_journalism_and_information,F,239
2017,NUMBER,business_administration_and_the_law_of_everything,F,486
2017,NUMBER,natural_sciences_mathematics_and_statistics_of_all,F,185
2017,NUMBER,information_and_communication_technologies,F,41
2017,NUMBER,engineering_manufacturing_and_construction,F,195
2017,NUMBER,agriculture_forestry_fisheries_and_veterinary_medicine,F,125
2017,NUMBER,health_and_social_protection,F,225
2017,NUMBER,services,F,151
2017,NUMBER,unknown,F,37
2018,NUMBER,total,_T,3336
2018,NUMBER,education,_T,476
2018,NUMBER,arts_and_humanities,_T,268
2018,NUMBER,social_sciences_journalism_and_information,_T,351
2018,NUMBER,business_administration_and_the_law_of_everything,_T,719
2018,NUMBER,natural_sciences_mathematics_and_statistics_of_all,_T,235
2018,NUMBER,information_and_communication_technologies,_T,128
2018,NUMBER,engineering_manufacturing_and_construction,_T,430
2018,NUMBER,agriculture_forestry_fisheries_and_veterinary_medicine,_T,199
2018,NUMBER,health_and_social_protection,_T,261
2018,NUMBER,services,_T,223
2018,NUMBER,unknown,_T,46
2018,NUMBER,total,M,1284
2018,NUMBER,education,M,140
2018,NUMBER,arts_and_humanities,M,78
2018,NUMBER,social_sciences_journalism_and_information,M,115
2018,NUMBER,business_administration_and_the_law_of_everything,M,268
2018,NUMBER,natural_sciences_mathematics_and_statistics_of_all,M,54
2018,NUMBER,information_and_communication_technologies,M,86
2018,NUMBER,engineering_manufacturing_and_construction,M,251
2018,NUMBER,agriculture_forestry_fisheries_and_veterinary_medicine,M,88
2018,NUMBER,health_and_social_protection,M,61
2018,NUMBER,services,M,121
2018,NUMBER,unknown,M,22
2018,NUMBER,total,F,2052
2018,NUMBER,education,F,336
2018,NUMBER,arts_and_humanities,F,190
2018,NUMBER,social_sciences_journalism_and_information,F,236
2018,NUMBER,business_administration_and_the_law_of_everything,F,451
2018,NUMBER,natural_sciences_mathematics_and_statistics_of_all,F,181
2018,NUMBER,information_and_communication_technologies,F,42
2018,NUMBER,engineering_manufacturing_and_construction,F,179
2018,NUMBER,agriculture_forestry_fisheries_and_veterinary_medicine,F,111
2018,NUMBER,health_and_social_protection,F,200
2018,NUMBER,services,F,102
2018,NUMBER,unknown,F,24
2019,NUMBER,total,_T,3388
2019,NUMBER,education,_T,424
2019,NUMBER,arts_and_humanities,_T,267
2019,NUMBER,social_sciences_journalism_and_information,_T,458
2019,NUMBER,business_administration_and_the_law_of_everything,_T,635
2019,NUMBER,natural_sciences_mathematics_and_statistics_of_all,_T,272
2019,NUMBER,information_and_communication_technologies,_T,139
2019,NUMBER,engineering_manufacturing_and_construction,_T,495
2019,NUMBER,agriculture_forestry_fisheries_and_veterinary_medicine,_T,154
2019,NUMBER,health_and_social_protection,_T,277
2019,NUMBER,services,_T,224
2019,NUMBER,unknown,_T,43
2019,NUMBER,total,M,1268
2019,NUMBER,education,M,101
2019,NUMBER,arts_and_humanities,M,62
2019,NUMBER,social_sciences_journalism_and_information,M,171
2019,NUMBER,business_administration_and_the_law_of_everything,M,243
2019,NUMBER,natural_sciences_mathematics_and_statistics_of_all,M,53
2019,NUMBER,information_and_communication_technologies,M,82
2019,NUMBER,engineering_manufacturing_and_construction,M,282
2019,NUMBER,agriculture_forestry_fisheries_and_veterinary_medicine,M,65
2019,NUMBER,health_and_social_protection,M,60
2019,NUMBER,services,M,129
2019,NUMBER,unknown,M,20
2019,NUMBER,total,F,2120
2019,NUMBER,education,F,323
2019,NUMBER,arts_and_humanities,F,205
2019,NUMBER,social_sciences_journalism_and_information,F,287
2019,NUMBER,business_administration_and_the_law_of_everything,F,392
2019,NUMBER,natural_sciences_mathematics_and_statistics_of_all,F,219
2019,NUMBER,information_and_communication_technologies,F,57
2019,NUMBER,engineering_manufacturing_and_construction,F,213
2019,NUMBER,agriculture_forestry_fisheries_and_veterinary_medicine,F,89
2019,NUMBER,health_and_social_protection,F,217
2019,NUMBER,services,F,95
2019,NUMBER,unknown,F,23
2020,NUMBER,total,_T,3158
2020,NUMBER,education,_T,490
2020,NUMBER,arts_and_humanities,_T,257
2020,NUMBER,social_sciences_journalism_and_information,_T,675
2020,NUMBER,business_administration_and_the_law_of_everything,_T,266
2020,NUMBER,natural_sciences_mathematics_and_statistics_of_all,_T,194
2020,NUMBER,information_and_communication_technologies,_T,86
2020,NUMBER,engineering_manufacturing_and_construction,_T,571
2020,NUMBER,agriculture_forestry_fisheries_and_veterinary_medicine,_T,191
2020,NUMBER,health_and_social_protection,_T,252
2020,NUMBER,services,_T,130
2020,NUMBER,unknown,_T,46
2020,NUMBER,total,M,1118
2020,NUMBER,education,M,78
2020,NUMBER,arts_and_humanities,M,60
2020,NUMBER,social_sciences_journalism_and_information,M,240
2020,NUMBER,business_administration_and_the_law_of_everything,M,96
2020,NUMBER,natural_sciences_mathematics_and_statistics_of_all,M,36
2020,NUMBER,information_and_communication_technologies,M,54
2020,NUMBER,engineering_manufacturing_and_construction,M,322
2020,NUMBER,agriculture_forestry_fisheries_and_veterinary_medicine,M,75
2020,NUMBER,health_and_social_protection,M,69
2020,NUMBER,services,M,73
2020,NUMBER,unknown,M,15
2020,NUMBER,total,F,2040
2020,NUMBER,education,F,412
2020,NUMBER,arts_and_humanities,F,197
2020,NUMBER,social_sciences_journalism_and_information,F,435
2020,NUMBER,business_administration_and_the_law_of_everything,F,170
2020,NUMBER,natural_sciences_mathematics_and_statistics_of_all,F,158
2020,NUMBER,information_and_communication_technologies,F,32
2020,NUMBER,engineering_manufacturing_and_construction,F,249
2020,NUMBER,agriculture_forestry_fisheries_and_veterinary_medicine,F,116
2020,NUMBER,health_and_social_protection,F,183
2020,NUMBER,services,F,57
2020,NUMBER,unknown,F,31
2021,NUMBER,total,_T,3619
2021,NUMBER,education,_T,522
2021,NUMBER,arts_and_humanities,_T,296
2021,NUMBER,social_sciences_journalism_and_information,_T,433
2021,NUMBER,business_administration_and_the_law_of_everything,_T,621
2021,NUMBER,natural_sciences_mathematics_and_statistics_of_all,_T,218
2021,NUMBER,information_and_communication_technologies,_T,169
2021,NUMBER,engineering_manufacturing_and_construction,_T,524
2021,NUMBER,agriculture_forestry_fisheries_and_veterinary_medicine,_T,174
2021,NUMBER,health_and_social_protection,_T,351
2021,NUMBER,services,_T,292
2021,NUMBER,unknown,_T,19
2021,NUMBER,total,M,1283
2021,NUMBER,education,M,115
2021,NUMBER,arts_and_humanities,M,84
2021,NUMBER,social_sciences_journalism_and_information,M,147
2021,NUMBER,business_administration_and_the_law_of_everything,M,209
2021,NUMBER,natural_sciences_mathematics_and_statistics_of_all,M,39
2021,NUMBER,information_and_communication_technologies,M,98
2021,NUMBER,engineering_manufacturing_and_construction,M,285
2021,NUMBER,agriculture_forestry_fisheries_and_veterinary_medicine,M,67
2021,NUMBER,health_and_social_protection,M,64
2021,NUMBER,services,M,170
2021,NUMBER,unknown,M,5
2021,NUMBER,total,F,2336
2021,NUMBER,education,F,407
2021,NUMBER,arts_and_humanities,F,212
2021,NUMBER,social_sciences_journalism_and_information,F,286
2021,NUMBER,business_administration_and_the_law_of_everything,F,412
2021,NUMBER,natural_sciences_mathematics_and_statistics_of_all,F,179
2021,NUMBER,information_and_communication_technologies,F,71
2021,NUMBER,engineering_manufacturing_and_construction,F,239
2021,NUMBER,agriculture_forestry_fisheries_and_veterinary_medicine,F,107
2021,NUMBER,health_and_social_protection,F,287
2021,NUMBER,services,F,122
2021,NUMBER,unknown,F,14
2022,NUMBER,total,_T,3302
2022,NUMBER,education,_T,290
2022,NUMBER,arts_and_humanities,_T,278
2022,NUMBER,social_sciences_journalism_and_information,_T,338
2022,NUMBER,business_administration_and_the_law_of_everything,_T,592
2022,NUMBER,natural_sciences_mathematics_and_statistics_of_all,_T,197
2022,NUMBER,information_and_communication_technologies,_T,167
2022,NUMBER,engineering_manufacturing_and_construction,_T,466
2022,NUMBER,agriculture_forestry_fisheries_and_veterinary_medicine,_T,162
2022,NUMBER,health_and_social_protection,_T,436
2022,NUMBER,services,_T,312
2022,NUMBER,unknown,_T,64
2022,NUMBER,total,M,1221
2022,NUMBER,education,M,74
2022,NUMBER,arts_and_humanities,M,77
2022,NUMBER,social_sciences_journalism_and_information,M,131
2022,NUMBER,business_administration_and_the_law_of_everything,M,196
2022,NUMBER,natural_sciences_mathematics_and_statistics_of_all,M,44
2022,NUMBER,information_and_communication_technologies,M,94
2022,NUMBER,engineering_manufacturing_and_construction,M,281
2022,NUMBER,agriculture_forestry_fisheries_and_veterinary_medicine,M,52
2022,NUMBER,health_and_social_protection,M,97
2022,NUMBER,services,M,149
2022,NUMBER,unknown,M,26
2022,NUMBER,total,F,2081
2022,NUMBER,education,F,216
2022,NUMBER,arts_and_humanities,F,201
2022,NUMBER,social_sciences_journalism_and_information,F,207
2022,NUMBER,business_administration_and_the_law_of_everything,F,396
2022,NUMBER,natural_sciences_mathematics_and_statistics_of_all,F,153
2022,NUMBER,information_and_communication_technologies,F,73
2022,NUMBER,engineering_manufacturing_and_construction,F,185
2022,NUMBER,agriculture_forestry_fisheries_and_veterinary_medicine,F,110
2022,NUMBER,health_and_social_protection,F,339
2022,NUMBER,services,F,163
2022,NUMBER,unknown,F,38
