Year,UNIT_MEASURE,type_of_education,SEX,Value
2014,NUMBER,total,_T,11333
2014,NUMBER,education,_T,1199
2014,NUMBER,arts_and_humanities,_T,1393
2014,NUMBER,social_sciences_journalism_and_information,_T,2491
2014,NUMBER,business_administration_and_the_law_of_everything,_T,1674
2014,NUMBER,natural_sciences_mathematics_and_statistics_of_all,_T,593
2014,NUMBER,information_and_communication_technologies,_T,286
2014,NUMBER,engineering_manufacturing_and_construction,_T,1516
2014,NUMBER,agriculture_forestry_fisheries_and_veterinary_medicine,_T,539
2014,NUMBER,health_and_social_protection,_T,961
2014,NUMBER,services,_T,586
2014,NUMBER,unknown,_T,95
2014,NUMBER,total,M,4494
2014,NUMBER,education,M,313
2014,NUMBER,arts_and_humanities,M,470
2014,NUMBER,social_sciences_journalism_and_information,M,968
2014,NUMBER,business_administration_and_the_law_of_everything,M,625
2014,NUMBER,natural_sciences_mathematics_and_statistics_of_all,M,175
2014,NUMBER,information_and_communication_technologies,M,176
2014,NUMBER,engineering_manufacturing_and_construction,M,965
2014,NUMBER,agriculture_forestry_fisheries_and_veterinary_medicine,M,248
2014,NUMBER,health_and_social_protection,M,189
2014,NUMBER,services,M,334
2014,NUMBER,unknown,M,31
2014,NUMBER,total,F,6839
2014,NUMBER,education,F,886
2014,NUMBER,arts_and_humanities,F,923
2014,NUMBER,social_sciences_journalism_and_information,F,1523
2014,NUMBER,business_administration_and_the_law_of_everything,F,1049
2014,NUMBER,natural_sciences_mathematics_and_statistics_of_all,F,418
2014,NUMBER,information_and_communication_technologies,F,110
2014,NUMBER,engineering_manufacturing_and_construction,F,551
2014,NUMBER,agriculture_forestry_fisheries_and_veterinary_medicine,F,291
2014,NUMBER,health_and_social_protection,F,772
2014,NUMBER,services,F,252
2014,NUMBER,unknown,F,64
2015,NUMBER,total,_T,12062
2015,NUMBER,education,_T,910
2015,NUMBER,arts_and_humanities,_T,1407
2015,NUMBER,social_sciences_journalism_and_information,_T,2674
2015,NUMBER,business_administration_and_the_law_of_everything,_T,2158
2015,NUMBER,natural_sciences_mathematics_and_statistics_of_all,_T,659
2015,NUMBER,information_and_communication_technologies,_T,332
2015,NUMBER,engineering_manufacturing_and_construction,_T,1827
2015,NUMBER,agriculture_forestry_fisheries_and_veterinary_medicine,_T,585
2015,NUMBER,health_and_social_protection,_T,905
2015,NUMBER,services,_T,574
2015,NUMBER,unknown,_T,31
2015,NUMBER,total,M,4717
2015,NUMBER,education,M,245
2015,NUMBER,arts_and_humanities,M,438
2015,NUMBER,social_sciences_journalism_and_information,M,1031
2015,NUMBER,business_administration_and_the_law_of_everything,M,723
2015,NUMBER,natural_sciences_mathematics_and_statistics_of_all,M,182
2015,NUMBER,information_and_communication_technologies,M,224
2015,NUMBER,engineering_manufacturing_and_construction,M,1128
2015,NUMBER,agriculture_forestry_fisheries_and_veterinary_medicine,M,257
2015,NUMBER,health_and_social_protection,M,172
2015,NUMBER,services,M,308
2015,NUMBER,unknown,M,9
2015,NUMBER,total,F,7345
2015,NUMBER,education,F,665
2015,NUMBER,arts_and_humanities,F,969
2015,NUMBER,social_sciences_journalism_and_information,F,1643
2015,NUMBER,business_administration_and_the_law_of_everything,F,1435
2015,NUMBER,natural_sciences_mathematics_and_statistics_of_all,F,477
2015,NUMBER,information_and_communication_technologies,F,108
2015,NUMBER,engineering_manufacturing_and_construction,F,699
2015,NUMBER,agriculture_forestry_fisheries_and_veterinary_medicine,F,328
2015,NUMBER,health_and_social_protection,F,733
2015,NUMBER,services,F,266
2015,NUMBER,unknown,F,22
2016,NUMBER,total,_T,11604
2016,NUMBER,education,_T,900
2016,NUMBER,arts_and_humanities,_T,1399
2016,NUMBER,social_sciences_journalism_and_information,_T,1839
2016,NUMBER,business_administration_and_the_law_of_everything,_T,2676
2016,NUMBER,natural_sciences_mathematics_and_statistics_of_all,_T,724
2016,NUMBER,information_and_communication_technologies,_T,510
2016,NUMBER,engineering_manufacturing_and_construction,_T,1626
2016,NUMBER,agriculture_forestry_fisheries_and_veterinary_medicine,_T,566
2016,NUMBER,health_and_social_protection,_T,859
2016,NUMBER,services,_T,454
2016,NUMBER,unknown,_T,51
2016,NUMBER,total,M,4655
2016,NUMBER,education,M,275
2016,NUMBER,arts_and_humanities,M,448
2016,NUMBER,social_sciences_journalism_and_information,M,704
2016,NUMBER,business_administration_and_the_law_of_everything,M,971
2016,NUMBER,natural_sciences_mathematics_and_statistics_of_all,M,215
2016,NUMBER,information_and_communication_technologies,M,351
2016,NUMBER,engineering_manufacturing_and_construction,M,978
2016,NUMBER,agriculture_forestry_fisheries_and_veterinary_medicine,M,267
2016,NUMBER,health_and_social_protection,M,204
2016,NUMBER,services,M,218
2016,NUMBER,unknown,M,24
2016,NUMBER,total,F,6949
2016,NUMBER,education,F,625
2016,NUMBER,arts_and_humanities,F,951
2016,NUMBER,social_sciences_journalism_and_information,F,1135
2016,NUMBER,business_administration_and_the_law_of_everything,F,1705
2016,NUMBER,natural_sciences_mathematics_and_statistics_of_all,F,509
2016,NUMBER,information_and_communication_technologies,F,159
2016,NUMBER,engineering_manufacturing_and_construction,F,648
2016,NUMBER,agriculture_forestry_fisheries_and_veterinary_medicine,F,299
2016,NUMBER,health_and_social_protection,F,655
2016,NUMBER,services,F,236
2016,NUMBER,unknown,F,27
2017,NUMBER,total,_T,11360
2017,NUMBER,education,_T,838
2017,NUMBER,arts_and_humanities,_T,1336
2017,NUMBER,social_sciences_journalism_and_information,_T,1767
2017,NUMBER,business_administration_and_the_law_of_everything,_T,2456
2017,NUMBER,natural_sciences_mathematics_and_statistics_of_all,_T,656
2017,NUMBER,information_and_communication_technologies,_T,494
2017,NUMBER,engineering_manufacturing_and_construction,_T,1763
2017,NUMBER,agriculture_forestry_fisheries_and_veterinary_medicine,_T,595
2017,NUMBER,health_and_social_protection,_T,786
2017,NUMBER,services,_T,517
2017,NUMBER,unknown,_T,152
2017,NUMBER,total,M,4471
2017,NUMBER,education,M,206
2017,NUMBER,arts_and_humanities,M,394
2017,NUMBER,social_sciences_journalism_and_information,M,662
2017,NUMBER,business_administration_and_the_law_of_everything,M,876
2017,NUMBER,natural_sciences_mathematics_and_statistics_of_all,M,169
2017,NUMBER,information_and_communication_technologies,M,331
2017,NUMBER,engineering_manufacturing_and_construction,M,1070
2017,NUMBER,agriculture_forestry_fisheries_and_veterinary_medicine,M,269
2017,NUMBER,health_and_social_protection,M,174
2017,NUMBER,services,M,280
2017,NUMBER,unknown,M,40
2017,NUMBER,total,F,6889
2017,NUMBER,education,F,632
2017,NUMBER,arts_and_humanities,F,942
2017,NUMBER,social_sciences_journalism_and_information,F,1105
2017,NUMBER,business_administration_and_the_law_of_everything,F,1580
2017,NUMBER,natural_sciences_mathematics_and_statistics_of_all,F,487
2017,NUMBER,information_and_communication_technologies,F,163
2017,NUMBER,engineering_manufacturing_and_construction,F,693
2017,NUMBER,agriculture_forestry_fisheries_and_veterinary_medicine,F,326
2017,NUMBER,health_and_social_protection,F,612
2017,NUMBER,services,F,237
2017,NUMBER,unknown,F,112
2018,NUMBER,total,_T,12083
2018,NUMBER,education,_T,1188
2018,NUMBER,arts_and_humanities,_T,1348
2018,NUMBER,social_sciences_journalism_and_information,_T,1800
2018,NUMBER,business_administration_and_the_law_of_everything,_T,2411
2018,NUMBER,natural_sciences_mathematics_and_statistics_of_all,_T,673
2018,NUMBER,information_and_communication_technologies,_T,578
2018,NUMBER,engineering_manufacturing_and_construction,_T,1879
2018,NUMBER,agriculture_forestry_fisheries_and_veterinary_medicine,_T,694
2018,NUMBER,health_and_social_protection,_T,1050
2018,NUMBER,services,_T,390
2018,NUMBER,unknown,_T,72
2018,NUMBER,total,M,4563
2018,NUMBER,education,M,286
2018,NUMBER,arts_and_humanities,M,393
2018,NUMBER,social_sciences_journalism_and_information,M,627
2018,NUMBER,business_administration_and_the_law_of_everything,M,864
2018,NUMBER,natural_sciences_mathematics_and_statistics_of_all,M,176
2018,NUMBER,information_and_communication_technologies,M,350
2018,NUMBER,engineering_manufacturing_and_construction,M,1100
2018,NUMBER,agriculture_forestry_fisheries_and_veterinary_medicine,M,303
2018,NUMBER,health_and_social_protection,M,231
2018,NUMBER,services,M,209
2018,NUMBER,unknown,M,24
2018,NUMBER,total,F,7520
2018,NUMBER,education,F,902
2018,NUMBER,arts_and_humanities,F,955
2018,NUMBER,social_sciences_journalism_and_information,F,1173
2018,NUMBER,business_administration_and_the_law_of_everything,F,1547
2018,NUMBER,natural_sciences_mathematics_and_statistics_of_all,F,497
2018,NUMBER,information_and_communication_technologies,F,228
2018,NUMBER,engineering_manufacturing_and_construction,F,779
2018,NUMBER,agriculture_forestry_fisheries_and_veterinary_medicine,F,391
2018,NUMBER,health_and_social_protection,F,819
2018,NUMBER,services,F,181
2018,NUMBER,unknown,F,48
2019,NUMBER,total,_T,12449
2019,NUMBER,education,_T,1129
2019,NUMBER,arts_and_humanities,_T,1387
2019,NUMBER,social_sciences_journalism_and_information,_T,1737
2019,NUMBER,business_administration_and_the_law_of_everything,_T,2522
2019,NUMBER,natural_sciences_mathematics_and_statistics_of_all,_T,659
2019,NUMBER,information_and_communication_technologies,_T,505
2019,NUMBER,engineering_manufacturing_and_construction,_T,1927
2019,NUMBER,agriculture_forestry_fisheries_and_veterinary_medicine,_T,737
2019,NUMBER,health_and_social_protection,_T,1158
2019,NUMBER,services,_T,603
2019,NUMBER,unknown,_T,85
2019,NUMBER,total,M,4808
2019,NUMBER,education,M,324
2019,NUMBER,arts_and_humanities,M,448
2019,NUMBER,social_sciences_journalism_and_information,M,629
2019,NUMBER,business_administration_and_the_law_of_everything,M,877
2019,NUMBER,natural_sciences_mathematics_and_statistics_of_all,M,171
2019,NUMBER,information_and_communication_technologies,M,314
2019,NUMBER,engineering_manufacturing_and_construction,M,1103
2019,NUMBER,agriculture_forestry_fisheries_and_veterinary_medicine,M,316
2019,NUMBER,health_and_social_protection,M,271
2019,NUMBER,services,M,328
2019,NUMBER,unknown,M,27
2019,NUMBER,total,F,7641
2019,NUMBER,education,F,805
2019,NUMBER,arts_and_humanities,F,939
2019,NUMBER,social_sciences_journalism_and_information,F,1108
2019,NUMBER,business_administration_and_the_law_of_everything,F,1645
2019,NUMBER,natural_sciences_mathematics_and_statistics_of_all,F,488
2019,NUMBER,information_and_communication_technologies,F,191
2019,NUMBER,engineering_manufacturing_and_construction,F,824
2019,NUMBER,agriculture_forestry_fisheries_and_veterinary_medicine,F,421
2019,NUMBER,health_and_social_protection,F,887
2019,NUMBER,services,F,275
2019,NUMBER,unknown,F,58
2020,NUMBER,total,_T,13192
2020,NUMBER,education,_T,1268
2020,NUMBER,arts_and_humanities,_T,1329
2020,NUMBER,social_sciences_journalism_and_information,_T,1932
2020,NUMBER,business_administration_and_the_law_of_everything,_T,2514
2020,NUMBER,natural_sciences_mathematics_and_statistics_of_all,_T,686
2020,NUMBER,information_and_communication_technologies,_T,582
2020,NUMBER,engineering_manufacturing_and_construction,_T,1971
2020,NUMBER,agriculture_forestry_fisheries_and_veterinary_medicine,_T,751
2020,NUMBER,health_and_social_protection,_T,1345
2020,NUMBER,services,_T,749
2020,NUMBER,unknown,_T,65
2020,NUMBER,total,M,4945
2020,NUMBER,education,M,323
2020,NUMBER,arts_and_humanities,M,458
2020,NUMBER,social_sciences_journalism_and_information,M,690
2020,NUMBER,business_administration_and_the_law_of_everything,M,837
2020,NUMBER,natural_sciences_mathematics_and_statistics_of_all,M,194
2020,NUMBER,information_and_communication_technologies,M,364
2020,NUMBER,engineering_manufacturing_and_construction,M,1116
2020,NUMBER,agriculture_forestry_fisheries_and_veterinary_medicine,M,325
2020,NUMBER,health_and_social_protection,M,244
2020,NUMBER,services,M,372
2020,NUMBER,unknown,M,22
2020,NUMBER,total,F,8247
2020,NUMBER,education,F,945
2020,NUMBER,arts_and_humanities,F,871
2020,NUMBER,social_sciences_journalism_and_information,F,1242
2020,NUMBER,business_administration_and_the_law_of_everything,F,1677
2020,NUMBER,natural_sciences_mathematics_and_statistics_of_all,F,492
2020,NUMBER,information_and_communication_technologies,F,218
2020,NUMBER,engineering_manufacturing_and_construction,F,855
2020,NUMBER,agriculture_forestry_fisheries_and_veterinary_medicine,F,426
2020,NUMBER,health_and_social_protection,F,1101
2020,NUMBER,services,F,377
2020,NUMBER,unknown,F,43
2021,NUMBER,total,_T,12290
2021,NUMBER,education,_T,1238
2021,NUMBER,arts_and_humanities,_T,1214
2021,NUMBER,social_sciences_journalism_and_information,_T,1831
2021,NUMBER,business_administration_and_the_law_of_everything,_T,2141
2021,NUMBER,natural_sciences_mathematics_and_statistics_of_all,_T,644
2021,NUMBER,information_and_communication_technologies,_T,552
2021,NUMBER,engineering_manufacturing_and_construction,_T,1989
2021,NUMBER,agriculture_forestry_fisheries_and_veterinary_medicine,_T,619
2021,NUMBER,health_and_social_protection,_T,1286
2021,NUMBER,services,_T,776
2021,NUMBER,unknown,_T,0
2021,NUMBER,total,M,4480
2021,NUMBER,education,M,286
2021,NUMBER,arts_and_humanities,M,422
2021,NUMBER,social_sciences_journalism_and_information,M,676
2021,NUMBER,business_administration_and_the_law_of_everything,M,698
2021,NUMBER,natural_sciences_mathematics_and_statistics_of_all,M,176
2021,NUMBER,information_and_communication_technologies,M,327
2021,NUMBER,engineering_manufacturing_and_construction,M,1072
2021,NUMBER,agriculture_forestry_fisheries_and_veterinary_medicine,M,249
2021,NUMBER,health_and_social_protection,M,227
2021,NUMBER,services,M,347
2021,NUMBER,unknown,M,0
2021,NUMBER,total,F,7810
2021,NUMBER,education,F,952
2021,NUMBER,arts_and_humanities,F,792
2021,NUMBER,social_sciences_journalism_and_information,F,1155
2021,NUMBER,business_administration_and_the_law_of_everything,F,1443
2021,NUMBER,natural_sciences_mathematics_and_statistics_of_all,F,468
2021,NUMBER,information_and_communication_technologies,F,225
2021,NUMBER,engineering_manufacturing_and_construction,F,917
2021,NUMBER,agriculture_forestry_fisheries_and_veterinary_medicine,F,370
2021,NUMBER,health_and_social_protection,F,1059
2021,NUMBER,services,F,429
2021,NUMBER,unknown,F,0
2022,NUMBER,total,_T,11635
2022,NUMBER,education,_T,1135
2022,NUMBER,arts_and_humanities,_T,1189
2022,NUMBER,social_sciences_journalism_and_information,_T,1464
2022,NUMBER,business_administration_and_the_law_of_everything,_T,2356
2022,NUMBER,natural_sciences_mathematics_and_statistics_of_all,_T,606
2022,NUMBER,information_and_communication_technologies,_T,545
2022,NUMBER,engineering_manufacturing_and_construction,_T,1946
2022,NUMBER,agriculture_forestry_fisheries_and_veterinary_medicine,_T,496
2022,NUMBER,health_and_social_protection,_T,1251
2022,NUMBER,services,_T,596
2022,NUMBER,unknown,_T,51
2022,NUMBER,total,M,4186
2022,NUMBER,education,M,274
2022,NUMBER,arts_and_humanities,M,369
2022,NUMBER,social_sciences_journalism_and_information,M,535
2022,NUMBER,business_administration_and_the_law_of_everything,M,729
2022,NUMBER,natural_sciences_mathematics_and_statistics_of_all,M,179
2022,NUMBER,information_and_communication_technologies,M,344
2022,NUMBER,engineering_manufacturing_and_construction,M,1054
2022,NUMBER,agriculture_forestry_fisheries_and_veterinary_medicine,M,205
2022,NUMBER,health_and_social_protection,M,223
2022,NUMBER,services,M,263
2022,NUMBER,unknown,M,11
2022,NUMBER,total,F,7449
2022,NUMBER,education,F,861
2022,NUMBER,arts_and_humanities,F,820
2022,NUMBER,social_sciences_journalism_and_information,F,929
2022,NUMBER,business_administration_and_the_law_of_everything,F,1627
2022,NUMBER,natural_sciences_mathematics_and_statistics_of_all,F,427
2022,NUMBER,information_and_communication_technologies,F,201
2022,NUMBER,engineering_manufacturing_and_construction,F,892
2022,NUMBER,agriculture_forestry_fisheries_and_veterinary_medicine,F,291
2022,NUMBER,health_and_social_protection,F,1028
2022,NUMBER,services,F,33
2022,NUMBER,unknown,F,40
