Year,UNIT_MEASURE,SEX,Value
2014,NUMBER,_T,9108
2015,NUMBER,_T,8069
2016,NUMBER,_T,8809
2017,NUMBER,_T,8561
2018,NUMBER,_T,8921
2019,NUMBER,_T,9155
2020,NUMBER,_T,9262
2021,NUMBER,_T,9178
2022,NUMBER,_T,9459
2023,NUMBER,_T,9355
2014,NUMBER,M,2923
2015,NUMBER,M,2483
2016,NUMBER,M,2726
2017,NUMBER,M,2628
2018,NUMBER,M,2703
2019,NUMBER,M,2703
2020,NUMBER,M,2489
2021,NUMBER,M,2429
2022,NUMBER,M,2470
2023,NUMBER,M,2408
2014,NUMBER,F,6185
2015,NUMBER,F,5586
2016,NUMBER,F,6083
2017,NUMBER,F,5933
2018,NUMBER,F,6218
2019,NUMBER,F,6452
2020,NUMBER,F,6633
2021,NUMBER,F,6749
2022,NUMBER,F,6989
2023,NUMBER,F,6947
