Year,UNIT_MEASURE,Value
1996,Broj živorođene djece po jednoj ženi u fertilnom periodu (15-49),1.647
1997,Broj živorođene djece po jednoj ženi u fertilnom periodu (15-49),1.684
1998,Broj živorođene djece po jednoj ženi u fertilnom periodu (15-49),1.558
1999,Broj živorođene djece po jednoj ženi u fertilnom periodu (15-49),1.362
2000,Broj živorođene djece po jednoj ženi u fertilnom periodu (15-49),1.3
2001,Broj živorođene djece po jednoj ženi u fertilnom periodu (15-49),1.4
2002,Broj živorođene djece po jednoj ženi u fertilnom periodu (15-49),1.2
2003,Broj živorođene djece po jednoj ženi u fertilnom periodu (15-49),1.215
2004,Broj živorođene djece po jednoj ženi u fertilnom periodu (15-49),1.217
2005,Broj živorođene djece po jednoj ženi u fertilnom periodu (15-49),1.2
2006,Broj živorođene djece po jednoj ženi u fertilnom periodu (15-49),1.176
2007,Broj živorođene djece po jednoj ženi u fertilnom periodu (15-49),1.258
2008,Broj živorođene djece po jednoj ženi u fertilnom periodu (15-49),1.285
2009,Broj živorođene djece po jednoj ženi u fertilnom periodu (15-49),1.303
2010,Broj živorođene djece po jednoj ženi u fertilnom periodu (15-49),1.266
2011,Broj živorođene djece po jednoj ženi u fertilnom periodu (15-49),1.205
2012,Broj živorođene djece po jednoj ženi u fertilnom periodu (15-49),1.349
2013,Broj živorođene djece po jednoj ženi u fertilnom periodu (15-49),1.276
2014,Broj živorođene djece po jednoj ženi u fertilnom periodu (15-49),1.258
2015,Broj živorođene djece po jednoj ženi u fertilnom periodu (15-49),1.242
2016,Broj živorođene djece po jednoj ženi u fertilnom periodu (15-49),1.258
2017,Broj živorođene djece po jednoj ženi u fertilnom periodu (15-49),1.259
2018,Broj živorođene djece po jednoj ženi u fertilnom periodu (15-49),1.252
2019,Broj živorođene djece po jednoj ženi u fertilnom periodu (15-49),1.204
2020,Broj živorođene djece po jednoj ženi u fertilnom periodu (15-49),1.185
2021,Broj živorođene djece po jednoj ženi u fertilnom periodu (15-49),1.19
