Year,UNIT_MEASURE,Tip odnosa zavisnosti,Spol,Value
2018,%,Ukupan omjer ekonomske podrške,Oba spola,44.32
2020,%,Ukupan omjer ekonomske podrške,Oba spola,47.11
2025,%,Ukupan omjer ekonomske podrške,Oba spola,53.97
2030,%,Ukupan omjer ekonomske podrške,Oba spola,62.1
2035,%,Ukupan omjer ekonomske podrške,Oba spola,68.98
2040,%,Ukupan omjer ekonomske podrške,Oba spola,76.0
2045,%,Ukupan omjer ekonomske podrške,Oba spola,84.34
2050,%,Ukupan omjer ekonomske podrške,Oba spola,94.16
2055,%,Ukupan omjer ekonomske podrške,Oba spola,103.66
2060,%,Ukupan omjer ekonomske podrške,Oba spola,110.44
2065,%,Ukupan omjer ekonomske podrške,Oba spola,115.81
2070,%,Ukupan omjer ekonomske podrške,Oba spola,116.18
2018,%,Omjer ekonomske podrške mladima,Oba spola,20.55
2020,%,Omjer ekonomske podrške mladima,Oba spola,20.65
2025,%,Omjer ekonomske podrške mladima,Oba spola,20.34
2030,%,Omjer ekonomske podrške mladima,Oba spola,20.29
2035,%,Omjer ekonomske podrške mladima,Oba spola,19.98
2040,%,Omjer ekonomske podrške mladima,Oba spola,19.66
2045,%,Omjer ekonomske podrške mladima,Oba spola,19.82
2050,%,Omjer ekonomske podrške mladima,Oba spola,20.49
2055,%,Omjer ekonomske podrške mladima,Oba spola,21.3
2060,%,Omjer ekonomske podrške mladima,Oba spola,21.85
2065,%,Omjer ekonomske podrške mladima,Oba spola,22.23
2070,%,Omjer ekonomske podrške mladima,Oba spola,22.13
2018,%,Omjer ekonomske podrške starijim osobama,Oba spola,23.78
2020,%,Omjer ekonomske podrške starijim osobama,Oba spola,26.46
2025,%,Omjer ekonomske podrške starijim osobama,Oba spola,33.64
2030,%,Omjer ekonomske podrške starijim osobama,Oba spola,41.81
2035,%,Omjer ekonomske podrške starijim osobama,Oba spola,49.0
2040,%,Omjer ekonomske podrške starijim osobama,Oba spola,56.34
2045,%,Omjer ekonomske podrške starijim osobama,Oba spola,64.52
2050,%,Omjer ekonomske podrške starijim osobama,Oba spola,73.67
2055,%,Omjer ekonomske podrške starijim osobama,Oba spola,82.36
2060,%,Omjer ekonomske podrške starijim osobama,Oba spola,88.59
2065,%,Omjer ekonomske podrške starijim osobama,Oba spola,93.58
2070,%,Omjer ekonomske podrške starijim osobama,Oba spola,94.04
2018,%,Ukupan omjer ekonomske podrške,M,44.32
2020,%,Ukupan omjer ekonomske podrške,M,47.11
2025,%,Ukupan omjer ekonomske podrške,M,53.97
2030,%,Ukupan omjer ekonomske podrške,M,62.1
2035,%,Ukupan omjer ekonomske podrške,M,68.98
2040,%,Ukupan omjer ekonomske podrške,M,76.0
2045,%,Ukupan omjer ekonomske podrške,M,84.34
2050,%,Ukupan omjer ekonomske podrške,M,94.16
2055,%,Ukupan omjer ekonomske podrške,M,103.66
2060,%,Ukupan omjer ekonomske podrške,M,110.44
2065,%,Ukupan omjer ekonomske podrške,M,115.81
2070,%,Ukupan omjer ekonomske podrške,M,116.18
2018,%,Omjer ekonomske podrške mladima,M,20.55
2020,%,Omjer ekonomske podrške mladima,M,20.65
2025,%,Omjer ekonomske podrške mladima,M,20.34
2030,%,Omjer ekonomske podrške mladima,M,20.29
2035,%,Omjer ekonomske podrške mladima,M,19.98
2040,%,Omjer ekonomske podrške mladima,M,19.66
2045,%,Omjer ekonomske podrške mladima,M,19.82
2050,%,Omjer ekonomske podrške mladima,M,20.49
2055,%,Omjer ekonomske podrške mladima,M,21.3
2060,%,Omjer ekonomske podrške mladima,M,21.85
2065,%,Omjer ekonomske podrške mladima,M,22.23
2070,%,Omjer ekonomske podrške mladima,M,22.13
2018,%,Omjer ekonomske podrške starijim osobama,M,23.78
2020,%,Omjer ekonomske podrške starijim osobama,M,26.46
2025,%,Omjer ekonomske podrške starijim osobama,M,33.64
2030,%,Omjer ekonomske podrške starijim osobama,M,41.81
2035,%,Omjer ekonomske podrške starijim osobama,M,49.0
2040,%,Omjer ekonomske podrške starijim osobama,M,56.34
2045,%,Omjer ekonomske podrške starijim osobama,M,64.52
2050,%,Omjer ekonomske podrške starijim osobama,M,73.67
2055,%,Omjer ekonomske podrške starijim osobama,M,82.36
2060,%,Omjer ekonomske podrške starijim osobama,M,88.59
2065,%,Omjer ekonomske podrške starijim osobama,M,93.58
2070,%,Omjer ekonomske podrške starijim osobama,M,94.04
2018,%,Ukupan omjer ekonomske podrške,Ž,44.32
2020,%,Ukupan omjer ekonomske podrške,Ž,47.11
2025,%,Ukupan omjer ekonomske podrške,Ž,53.97
2030,%,Ukupan omjer ekonomske podrške,Ž,62.1
2035,%,Ukupan omjer ekonomske podrške,Ž,68.98
2040,%,Ukupan omjer ekonomske podrške,Ž,76.0
2045,%,Ukupan omjer ekonomske podrške,Ž,84.34
2050,%,Ukupan omjer ekonomske podrške,Ž,94.16
2055,%,Ukupan omjer ekonomske podrške,Ž,103.66
2060,%,Ukupan omjer ekonomske podrške,Ž,110.44
2065,%,Ukupan omjer ekonomske podrške,Ž,115.81
2070,%,Ukupan omjer ekonomske podrške,Ž,116.18
2018,%,Omjer ekonomske podrške mladima,Ž,20.55
2020,%,Omjer ekonomske podrške mladima,Ž,20.65
2025,%,Omjer ekonomske podrške mladima,Ž,20.34
2030,%,Omjer ekonomske podrške mladima,Ž,20.29
2035,%,Omjer ekonomske podrške mladima,Ž,19.98
2040,%,Omjer ekonomske podrške mladima,Ž,19.66
2045,%,Omjer ekonomske podrške mladima,Ž,19.82
2050,%,Omjer ekonomske podrške mladima,Ž,20.49
2055,%,Omjer ekonomske podrške mladima,Ž,21.3
2060,%,Omjer ekonomske podrške mladima,Ž,21.85
2065,%,Omjer ekonomske podrške mladima,Ž,22.23
2070,%,Omjer ekonomske podrške mladima,Ž,22.13
2018,%,Omjer ekonomske podrške starijim osobama,Ž,23.78
2020,%,Omjer ekonomske podrške starijim osobama,Ž,26.46
2025,%,Omjer ekonomske podrške starijim osobama,Ž,33.64
2030,%,Omjer ekonomske podrške starijim osobama,Ž,41.81
2035,%,Omjer ekonomske podrške starijim osobama,Ž,49.0
2040,%,Omjer ekonomske podrške starijim osobama,Ž,56.34
2045,%,Omjer ekonomske podrške starijim osobama,Ž,64.52
2050,%,Omjer ekonomske podrške starijim osobama,Ž,73.67
2055,%,Omjer ekonomske podrške starijim osobama,Ž,82.36
2060,%,Omjer ekonomske podrške starijim osobama,Ž,88.59
2065,%,Omjer ekonomske podrške starijim osobama,Ž,93.58
2070,%,Omjer ekonomske podrške starijim osobama,Ž,94.04
