Year,Vrsta invaliditeta,Spol,Starosna dob,UNIT_MEASURE,Value
2013,Poteškoće sa vidom,Oba spola,0-14,Broj,1084
2013,Poteškoće sa sluhom,Oba spola,0-14,Broj,262
2013,Poteškoće sa hodom ili penjanjem uz stepenice,Oba spola,0-14,Broj,671
2013,Poteškoće sa pamćenjem,Oba spola,0-14,Broj,200
2013,Poteškoće sa odjevanjem i održavanjem lične higijene,Oba spola,0-14,Broj,164
2013,Poteškoće sa komunikacijom,Oba spola,0-14,Broj,318
2013,Višestruke poteškoće,Oba spola,0-14,Broj,1826
2013,Poteškoće sa vidom,Oba spola,15-19,Broj,862
2013,Poteškoće sa sluhom,Oba spola,15-19,Broj,191
2013,Poteškoće sa hodom ili penjanjem uz stepenice,Oba spola,15-19,Broj,478
2013,Poteškoće sa pamćenjem,Oba spola,15-19,Broj,129
2013,Poteškoće sa odjevanjem i održavanjem lične higijene,Oba spola,15-19,Broj,32
2013,Poteškoće sa komunikacijom,Oba spola,15-19,Broj,112
2013,Višestruke poteškoće,Oba spola,15-19,Broj,1082
2013,Poteškoće sa vidom,Oba spola,20-29,Broj,1819
2013,Poteškoće sa sluhom,Oba spola,20-29,Broj,370
2013,Poteškoće sa hodom ili penjanjem uz stepenice,Oba spola,20-29,Broj,1350
2013,Poteškoće sa pamćenjem,Oba spola,20-29,Broj,380
2013,Poteškoće sa odjevanjem i održavanjem lične higijene,Oba spola,20-29,Broj,72
2013,Poteškoće sa komunikacijom,Oba spola,20-29,Broj,208
2013,Višestruke poteškoće,Oba spola,20-29,Broj,2199
2013,Poteškoće sa vidom,Oba spola,30-49,Broj,7841
2013,Poteškoće sa sluhom,Oba spola,30-49,Broj,2460
2013,Poteškoće sa hodom ili penjanjem uz stepenice,Oba spola,30-49,Broj,15862
2013,Poteškoće sa pamćenjem,Oba spola,30-49,Broj,2337
2013,Poteškoće sa odjevanjem i održavanjem lične higijene,Oba spola,30-49,Broj,319
2013,Poteškoće sa komunikacijom,Oba spola,30-49,Broj,683
2013,Višestruke poteškoće,Oba spola,30-49,Broj,10694
2013,Poteškoće sa vidom,Oba spola,50-59,Broj,12870
2013,Poteškoće sa sluhom,Oba spola,50-59,Broj,3498
2013,Poteškoće sa hodom ili penjanjem uz stepenice,Oba spola,50-59,Broj,21484
2013,Poteškoće sa pamćenjem,Oba spola,50-59,Broj,2035
2013,Poteškoće sa odjevanjem i održavanjem lične higijene,Oba spola,50-59,Broj,259
2013,Poteškoće sa komunikacijom,Oba spola,50-59,Broj,488
2013,Višestruke poteškoće,Oba spola,50-59,Broj,16861
2013,Poteškoće sa vidom,Oba spola,60-64,Broj,7189
2013,Poteškoće sa sluhom,Oba spola,60-64,Broj,2289
2013,Poteškoće sa hodom ili penjanjem uz stepenice,Oba spola,60-64,Broj,12727
2013,Poteškoće sa pamćenjem,Oba spola,60-64,Broj,870
2013,Poteškoće sa odjevanjem i održavanjem lične higijene,Oba spola,60-64,Broj,100
2013,Poteškoće sa komunikacijom,Oba spola,60-64,Broj,259
2013,Višestruke poteškoće,Oba spola,60-64,Broj,11125
2013,Poteškoće sa vidom,Oba spola,60-64,Broj,20636
2013,Poteškoće sa sluhom,Oba spola,60-64,Broj,12505
2013,Poteškoće sa hodom ili penjanjem uz stepenice,Oba spola,60-64,Broj,44406
2013,Poteškoće sa pamćenjem,Oba spola,60-64,Broj,2836
2013,Poteškoće sa odjevanjem i održavanjem lične higijene,Oba spola,60-64,Broj,587
2013,Poteškoće sa komunikacijom,Oba spola,60-64,Broj,586
2013,Višestruke poteškoće,Oba spola,60-64,Broj,66443
2013,Poteškoće sa vidom,Oba spola,65+,Broj,20636
2013,Poteškoće sa sluhom,Oba spola,65+,Broj,12505
2013,Poteškoće sa hodom ili penjanjem uz stepenice,Oba spola,65+,Broj,44406
2013,Poteškoće sa pamćenjem,Oba spola,65+,Broj,2836
2013,Poteškoće sa odjevanjem i održavanjem lične higijene,Oba spola,65+,Broj,587
2013,Poteškoće sa komunikacijom,Oba spola,65+,Broj,586
2013,Višestruke poteškoće,Oba spola,65+,Broj,66443
2013,Poteškoće sa vidom,Oba spola,Total,Broj,52301
2013,Poteškoće sa sluhom,Oba spola,Total,Broj,21575
2013,Poteškoće sa hodom ili penjanjem uz stepenice,Oba spola,Total,Broj,96978
2013,Poteškoće sa pamćenjem,Oba spola,Total,Broj,8787
2013,Poteškoće sa odjevanjem i održavanjem lične higijene,Oba spola,Total,Broj,1533
2013,Poteškoće sa komunikacijom,Oba spola,Total,Broj,2654
2013,Višestruke poteškoće,Oba spola,Total,Broj,110230
2013,Poteškoće sa vidom,M,0-14,Broj,571
2013,Poteškoće sa sluhom,M,0-14,Broj,146
2013,Poteškoće sa hodom ili penjanjem uz stepenice,M,0-14,Broj,370
2013,Poteškoće sa pamćenjem,M,0-14,Broj,123
2013,Poteškoće sa odjevanjem i održavanjem lične higijene,M,0-14,Broj,104
2013,Poteškoće sa komunikacijom,M,0-14,Broj,215
2013,Višestruke poteškoće,M,0-14,Broj,1077
2013,Poteškoće sa vidom,M,15-19,Broj,430
2013,Poteškoće sa sluhom,M,15-19,Broj,101
2013,Poteškoće sa hodom ili penjanjem uz stepenice,M,15-19,Broj,268
2013,Poteškoće sa pamćenjem,M,15-19,Broj,95
2013,Poteškoće sa odjevanjem i održavanjem lične higijene,M,15-19,Broj,19
2013,Poteškoće sa komunikacijom,M,15-19,Broj,75
2013,Višestruke poteškoće,M,15-19,Broj,653
2013,Poteškoće sa vidom,M,20-29,Broj,976
2013,Poteškoće sa sluhom,M,20-29,Broj,223
2013,Poteškoće sa hodom ili penjanjem uz stepenice,M,20-29,Broj,883
2013,Poteškoće sa pamćenjem,M,20-29,Broj,256
2013,Poteškoće sa odjevanjem i održavanjem lične higijene,M,20-29,Broj,44
2013,Poteškoće sa komunikacijom,M,20-29,Broj,133
2013,Višestruke poteškoće,M,20-29,Broj,1306
2013,Poteškoće sa vidom,M,30-49,Broj,4313
2013,Poteškoće sa sluhom,M,30-49,Broj,1722
2013,Poteškoće sa hodom ili penjanjem uz stepenice,M,30-49,Broj,10912
2013,Poteškoće sa pamćenjem,M,30-49,Broj,1488
2013,Poteškoće sa odjevanjem i održavanjem lične higijene,M,30-49,Broj,216
2013,Poteškoće sa komunikacijom,M,30-49,Broj,442
2013,Višestruke poteškoće,M,30-49,Broj,6669
2013,Poteškoće sa vidom,M,50-59,Broj,6088
2013,Poteškoće sa sluhom,M,50-59,Broj,2282
2013,Poteškoće sa hodom ili penjanjem uz stepenice,M,50-59,Broj,11557
2013,Poteškoće sa pamćenjem,M,50-59,Broj,1170
2013,Poteškoće sa odjevanjem i održavanjem lične higijene,M,50-59,Broj,179
2013,Poteškoće sa komunikacijom,M,50-59,Broj,338
2013,Višestruke poteškoće,M,50-59,Broj,9039
2013,Poteškoće sa vidom,M,60-64,Broj,3155
2013,Poteškoće sa sluhom,M,60-64,Broj,1432
2013,Poteškoće sa hodom ili penjanjem uz stepenice,M,60-64,Broj,5672
2013,Poteškoće sa pamćenjem,M,60-64,Broj,440
2013,Poteškoće sa odjevanjem i održavanjem lične higijene,M,60-64,Broj,57
2013,Poteškoće sa komunikacijom,M,60-64,Broj,198
2013,Višestruke poteškoće,M,60-64,Broj,5203
2013,Poteškoće sa vidom,M,65+,Broj,8036
2013,Poteškoće sa sluhom,M,65+,Broj,6620
2013,Poteškoće sa hodom ili penjanjem uz stepenice,M,65+,Broj,13529
2013,Poteškoće sa pamćenjem,M,65+,Broj,1092
2013,Poteškoće sa odjevanjem i održavanjem lične higijene,M,65+,Broj,266
2013,Poteškoće sa komunikacijom,M,65+,Broj,360
2013,Višestruke poteškoće,M,65+,Broj,22432
2013,Poteškoće sa vidom,_M,Total,Broj,23569
2013,Poteškoće sa sluhom,_M,Total,Broj,12526
2013,Poteškoće sa hodom ili penjanjem uz stepenice,_M,Total,Broj,43191
2013,Poteškoće sa pamćenjem,_M,Total,Broj,4664
2013,Poteškoće sa odjevanjem i održavanjem lične higijene,_M,Total,Broj,885
2013,Poteškoće sa komunikacijom,_M,Total,Broj,1761
2013,Višestruke poteškoće,_M,Total,Broj,46379
2013,Poteškoće sa vidom,Ž,0-14,Broj,513
2013,Poteškoće sa sluhom,Ž,0-14,Broj,116
2013,Poteškoće sa hodom ili penjanjem uz stepenice,Ž,0-14,Broj,301
2013,Poteškoće sa pamćenjem,Ž,0-14,Broj,77
2013,Poteškoće sa odjevanjem i održavanjem lične higijene,Ž,0-14,Broj,60
2013,Poteškoće sa komunikacijom,Ž,0-14,Broj,103
2013,Višestruke poteškoće,Ž,0-14,Broj,749
2013,Poteškoće sa vidom,Ž,15-19,Broj,432
2013,Poteškoće sa sluhom,Ž,15-19,Broj,90
2013,Poteškoće sa hodom ili penjanjem uz stepenice,Ž,15-19,Broj,210
2013,Poteškoće sa pamćenjem,Ž,15-19,Broj,34
2013,Poteškoće sa odjevanjem i održavanjem lične higijene,Ž,15-19,Broj,13
2013,Poteškoće sa komunikacijom,Ž,15-19,Broj,37
2013,Višestruke poteškoće,Ž,15-19,Broj,429
2013,Poteškoće sa vidom,Ž,20-29,Broj,843
2013,Poteškoće sa sluhom,Ž,20-29,Broj,147
2013,Poteškoće sa hodom ili penjanjem uz stepenice,Ž,20-29,Broj,467
2013,Poteškoće sa pamćenjem,Ž,20-29,Broj,124
2013,Poteškoće sa odjevanjem i održavanjem lične higijene,Ž,20-29,Broj,28
2013,Poteškoće sa komunikacijom,Ž,20-29,Broj,75
2013,Višestruke poteškoće,Ž,20-29,Broj,893
2013,Poteškoće sa vidom,Ž,30-49,Broj,3528
2013,Poteškoće sa sluhom,Ž,30-49,Broj,738
2013,Poteškoće sa hodom ili penjanjem uz stepenice,Ž,30-49,Broj,4950
2013,Poteškoće sa pamćenjem,Ž,30-49,Broj,849
2013,Poteškoće sa odjevanjem i održavanjem lične higijene,Ž,30-49,Broj,103
2013,Poteškoće sa komunikacijom,Ž,30-49,Broj,241
2013,Višestruke poteškoće,Ž,30-49,Broj,4025
2013,Poteškoće sa vidom,Ž,50-59,Broj,6782
2013,Poteškoće sa sluhom,Ž,50-59,Broj,1216
2013,Poteškoće sa hodom ili penjanjem uz stepenice,Ž,50-59,Broj,9927
2013,Poteškoće sa pamćenjem,Ž,50-59,Broj,865
2013,Poteškoće sa odjevanjem i održavanjem lične higijene,Ž,50-59,Broj,80
2013,Poteškoće sa komunikacijom,Ž,50-59,Broj,150
2013,Višestruke poteškoće,Ž,50-59,Broj,7822
2013,Poteškoće sa vidom,Ž,60-64,Broj,4034
2013,Poteškoće sa sluhom,Ž,60-64,Broj,857
2013,Poteškoće sa hodom ili penjanjem uz stepenice,Ž,60-64,Broj,7055
2013,Poteškoće sa pamćenjem,Ž,60-64,Broj,430
2013,Poteškoće sa odjevanjem i održavanjem lične higijene,Ž,60-64,Broj,43
2013,Poteškoće sa komunikacijom,Ž,60-64,Broj,61
2013,Višestruke poteškoće,Ž,60-64,Broj,5922
2013,Poteškoće sa vidom,Ž,65+,Broj,12600
2013,Poteškoće sa sluhom,Ž,65+,Broj,5885
2013,Poteškoće sa hodom ili penjanjem uz stepenice,Ž,65+,Broj,30877
2013,Poteškoće sa pamćenjem,Ž,65+,Broj,1744
2013,Poteškoće sa odjevanjem i održavanjem lične higijene,Ž,65+,Broj,321
2013,Poteškoće sa komunikacijom,Ž,65+,Broj,226
2013,Višestruke poteškoće,Ž,65+,Broj,44011
2013,Poteškoće sa vidom,_F,Total,Broj,28732
2013,Poteškoće sa sluhom,_F,Total,Broj,9049
2013,Poteškoće sa hodom ili penjanjem uz stepenice,_F,Total,Broj,53787
2013,Poteškoće sa pamćenjem,_F,Total,Broj,4123
2013,Poteškoće sa odjevanjem i održavanjem lične higijene,_F,Total,Broj,648
2013,Poteškoće sa komunikacijom,_F,Total,Broj,893
2013,Višestruke poteškoće,_F,Total,Broj,63851
