Year,UNIT_MEASURE,Vrsta obrazovanja,Spol,Value
2014,Broj,Ukupno,Oba spola,11333
2014,Broj,Obrazovanje,Oba spola,1199
2014,Broj,Umjetnost i humanističke nauke,Oba spola,1393
2014,Broj,"Društvene nauke, novinarstvo i informiranje",Oba spola,2491
2014,Broj,"Poslovanje, administracija i pravo",Oba spola,1674
2014,Broj,"Prirodne nauke, matematika i statistika",Oba spola,593
2014,Broj,Informacijske i komunikacijske tehnologije,Oba spola,286
2014,Broj,"Inženjerstvo, proizvodnja i građevinarstvo",Oba spola,1516
2014,Broj,"Poljoprivreda, šumarstvo, ribarstvo i veterinarstvo",Oba spola,539
2014,Broj,Zdravstvo i socijalna zaštita,Oba spola,961
2014,Broj,Usluge,Oba spola,586
2014,Broj,Nepoznato,Oba spola,95
2014,Broj,Ukupno,M,4494
2014,Broj,Obrazovanje,M,313
2014,Broj,Umjetnost i humanističke nauke,M,470
2014,Broj,"Društvene nauke, novinarstvo i informiranje",M,968
2014,Broj,"Poslovanje, administracija i pravo",M,625
2014,Broj,"Prirodne nauke, matematika i statistika",M,175
2014,Broj,Informacijske i komunikacijske tehnologije,M,176
2014,Broj,"Inženjerstvo, proizvodnja i građevinarstvo",M,965
2014,Broj,"Poljoprivreda, šumarstvo, ribarstvo i veterinarstvo",M,248
2014,Broj,Zdravstvo i socijalna zaštita,M,189
2014,Broj,Usluge,M,334
2014,Broj,Nepoznato,M,31
2014,Broj,Ukupno,Ž,6839
2014,Broj,Obrazovanje,Ž,886
2014,Broj,Umjetnost i humanističke nauke,Ž,923
2014,Broj,"Društvene nauke, novinarstvo i informiranje",Ž,1523
2014,Broj,"Poslovanje, administracija i pravo",Ž,1049
2014,Broj,"Prirodne nauke, matematika i statistika",Ž,418
2014,Broj,Informacijske i komunikacijske tehnologije,Ž,110
2014,Broj,"Inženjerstvo, proizvodnja i građevinarstvo",Ž,551
2014,Broj,"Poljoprivreda, šumarstvo, ribarstvo i veterinarstvo",Ž,291
2014,Broj,Zdravstvo i socijalna zaštita,Ž,772
2014,Broj,Usluge,Ž,252
2014,Broj,Nepoznato,Ž,64
2015,Broj,Ukupno,Oba spola,12062
2015,Broj,Obrazovanje,Oba spola,910
2015,Broj,Umjetnost i humanističke nauke,Oba spola,1407
2015,Broj,"Društvene nauke, novinarstvo i informiranje",Oba spola,2674
2015,Broj,"Poslovanje, administracija i pravo",Oba spola,2158
2015,Broj,"Prirodne nauke, matematika i statistika",Oba spola,659
2015,Broj,Informacijske i komunikacijske tehnologije,Oba spola,332
2015,Broj,"Inženjerstvo, proizvodnja i građevinarstvo",Oba spola,1827
2015,Broj,"Poljoprivreda, šumarstvo, ribarstvo i veterinarstvo",Oba spola,585
2015,Broj,Zdravstvo i socijalna zaštita,Oba spola,905
2015,Broj,Usluge,Oba spola,574
2015,Broj,Nepoznato,Oba spola,31
2015,Broj,Ukupno,M,4717
2015,Broj,Obrazovanje,M,245
2015,Broj,Umjetnost i humanističke nauke,M,438
2015,Broj,"Društvene nauke, novinarstvo i informiranje",M,1031
2015,Broj,"Poslovanje, administracija i pravo",M,723
2015,Broj,"Prirodne nauke, matematika i statistika",M,182
2015,Broj,Informacijske i komunikacijske tehnologije,M,224
2015,Broj,"Inženjerstvo, proizvodnja i građevinarstvo",M,1128
2015,Broj,"Poljoprivreda, šumarstvo, ribarstvo i veterinarstvo",M,257
2015,Broj,Zdravstvo i socijalna zaštita,M,172
2015,Broj,Usluge,M,308
2015,Broj,Nepoznato,M,9
2015,Broj,Ukupno,Ž,7345
2015,Broj,Obrazovanje,Ž,665
2015,Broj,Umjetnost i humanističke nauke,Ž,969
2015,Broj,"Društvene nauke, novinarstvo i informiranje",Ž,1643
2015,Broj,"Poslovanje, administracija i pravo",Ž,1435
2015,Broj,"Prirodne nauke, matematika i statistika",Ž,477
2015,Broj,Informacijske i komunikacijske tehnologije,Ž,108
2015,Broj,"Inženjerstvo, proizvodnja i građevinarstvo",Ž,699
2015,Broj,"Poljoprivreda, šumarstvo, ribarstvo i veterinarstvo",Ž,328
2015,Broj,Zdravstvo i socijalna zaštita,Ž,733
2015,Broj,Usluge,Ž,266
2015,Broj,Nepoznato,Ž,22
2016,Broj,Ukupno,Oba spola,11604
2016,Broj,Obrazovanje,Oba spola,900
2016,Broj,Umjetnost i humanističke nauke,Oba spola,1399
2016,Broj,"Društvene nauke, novinarstvo i informiranje",Oba spola,1839
2016,Broj,"Poslovanje, administracija i pravo",Oba spola,2676
2016,Broj,"Prirodne nauke, matematika i statistika",Oba spola,724
2016,Broj,Informacijske i komunikacijske tehnologije,Oba spola,510
2016,Broj,"Inženjerstvo, proizvodnja i građevinarstvo",Oba spola,1626
2016,Broj,"Poljoprivreda, šumarstvo, ribarstvo i veterinarstvo",Oba spola,566
2016,Broj,Zdravstvo i socijalna zaštita,Oba spola,859
2016,Broj,Usluge,Oba spola,454
2016,Broj,Nepoznato,Oba spola,51
2016,Broj,Ukupno,M,4655
2016,Broj,Obrazovanje,M,275
2016,Broj,Umjetnost i humanističke nauke,M,448
2016,Broj,"Društvene nauke, novinarstvo i informiranje",M,704
2016,Broj,"Poslovanje, administracija i pravo",M,971
2016,Broj,"Prirodne nauke, matematika i statistika",M,215
2016,Broj,Informacijske i komunikacijske tehnologije,M,351
2016,Broj,"Inženjerstvo, proizvodnja i građevinarstvo",M,978
2016,Broj,"Poljoprivreda, šumarstvo, ribarstvo i veterinarstvo",M,267
2016,Broj,Zdravstvo i socijalna zaštita,M,204
2016,Broj,Usluge,M,218
2016,Broj,Nepoznato,M,24
2016,Broj,Ukupno,Ž,6949
2016,Broj,Obrazovanje,Ž,625
2016,Broj,Umjetnost i humanističke nauke,Ž,951
2016,Broj,"Društvene nauke, novinarstvo i informiranje",Ž,1135
2016,Broj,"Poslovanje, administracija i pravo",Ž,1705
2016,Broj,"Prirodne nauke, matematika i statistika",Ž,509
2016,Broj,Informacijske i komunikacijske tehnologije,Ž,159
2016,Broj,"Inženjerstvo, proizvodnja i građevinarstvo",Ž,648
2016,Broj,"Poljoprivreda, šumarstvo, ribarstvo i veterinarstvo",Ž,299
2016,Broj,Zdravstvo i socijalna zaštita,Ž,655
2016,Broj,Usluge,Ž,236
2016,Broj,Nepoznato,Ž,27
2017,Broj,Ukupno,Oba spola,11360
2017,Broj,Obrazovanje,Oba spola,838
2017,Broj,Umjetnost i humanističke nauke,Oba spola,1336
2017,Broj,"Društvene nauke, novinarstvo i informiranje",Oba spola,1767
2017,Broj,"Poslovanje, administracija i pravo",Oba spola,2456
2017,Broj,"Prirodne nauke, matematika i statistika",Oba spola,656
2017,Broj,Informacijske i komunikacijske tehnologije,Oba spola,494
2017,Broj,"Inženjerstvo, proizvodnja i građevinarstvo",Oba spola,1763
2017,Broj,"Poljoprivreda, šumarstvo, ribarstvo i veterinarstvo",Oba spola,595
2017,Broj,Zdravstvo i socijalna zaštita,Oba spola,786
2017,Broj,Usluge,Oba spola,517
2017,Broj,Nepoznato,Oba spola,152
2017,Broj,Ukupno,M,4471
2017,Broj,Obrazovanje,M,206
2017,Broj,Umjetnost i humanističke nauke,M,394
2017,Broj,"Društvene nauke, novinarstvo i informiranje",M,662
2017,Broj,"Poslovanje, administracija i pravo",M,876
2017,Broj,"Prirodne nauke, matematika i statistika",M,169
2017,Broj,Informacijske i komunikacijske tehnologije,M,331
2017,Broj,"Inženjerstvo, proizvodnja i građevinarstvo",M,1070
2017,Broj,"Poljoprivreda, šumarstvo, ribarstvo i veterinarstvo",M,269
2017,Broj,Zdravstvo i socijalna zaštita,M,174
2017,Broj,Usluge,M,280
2017,Broj,Nepoznato,M,40
2017,Broj,Ukupno,Ž,6889
2017,Broj,Obrazovanje,Ž,632
2017,Broj,Umjetnost i humanističke nauke,Ž,942
2017,Broj,"Društvene nauke, novinarstvo i informiranje",Ž,1105
2017,Broj,"Poslovanje, administracija i pravo",Ž,1580
2017,Broj,"Prirodne nauke, matematika i statistika",Ž,487
2017,Broj,Informacijske i komunikacijske tehnologije,Ž,163
2017,Broj,"Inženjerstvo, proizvodnja i građevinarstvo",Ž,693
2017,Broj,"Poljoprivreda, šumarstvo, ribarstvo i veterinarstvo",Ž,326
2017,Broj,Zdravstvo i socijalna zaštita,Ž,612
2017,Broj,Usluge,Ž,237
2017,Broj,Nepoznato,Ž,112
2018,Broj,Ukupno,Oba spola,12083
2018,Broj,Obrazovanje,Oba spola,1188
2018,Broj,Umjetnost i humanističke nauke,Oba spola,1348
2018,Broj,"Društvene nauke, novinarstvo i informiranje",Oba spola,1800
2018,Broj,"Poslovanje, administracija i pravo",Oba spola,2411
2018,Broj,"Prirodne nauke, matematika i statistika",Oba spola,673
2018,Broj,Informacijske i komunikacijske tehnologije,Oba spola,578
2018,Broj,"Inženjerstvo, proizvodnja i građevinarstvo",Oba spola,1879
2018,Broj,"Poljoprivreda, šumarstvo, ribarstvo i veterinarstvo",Oba spola,694
2018,Broj,Zdravstvo i socijalna zaštita,Oba spola,1050
2018,Broj,Usluge,Oba spola,390
2018,Broj,Nepoznato,Oba spola,72
2018,Broj,Ukupno,M,4563
2018,Broj,Obrazovanje,M,286
2018,Broj,Umjetnost i humanističke nauke,M,393
2018,Broj,"Društvene nauke, novinarstvo i informiranje",M,627
2018,Broj,"Poslovanje, administracija i pravo",M,864
2018,Broj,"Prirodne nauke, matematika i statistika",M,176
2018,Broj,Informacijske i komunikacijske tehnologije,M,350
2018,Broj,"Inženjerstvo, proizvodnja i građevinarstvo",M,1100
2018,Broj,"Poljoprivreda, šumarstvo, ribarstvo i veterinarstvo",M,303
2018,Broj,Zdravstvo i socijalna zaštita,M,231
2018,Broj,Usluge,M,209
2018,Broj,Nepoznato,M,24
2018,Broj,Ukupno,Ž,7520
2018,Broj,Obrazovanje,Ž,902
2018,Broj,Umjetnost i humanističke nauke,Ž,955
2018,Broj,"Društvene nauke, novinarstvo i informiranje",Ž,1173
2018,Broj,"Poslovanje, administracija i pravo",Ž,1547
2018,Broj,"Prirodne nauke, matematika i statistika",Ž,497
2018,Broj,Informacijske i komunikacijske tehnologije,Ž,228
2018,Broj,"Inženjerstvo, proizvodnja i građevinarstvo",Ž,779
2018,Broj,"Poljoprivreda, šumarstvo, ribarstvo i veterinarstvo",Ž,391
2018,Broj,Zdravstvo i socijalna zaštita,Ž,819
2018,Broj,Usluge,Ž,181
2018,Broj,Nepoznato,Ž,48
2019,Broj,Ukupno,Oba spola,12449
2019,Broj,Obrazovanje,Oba spola,1129
2019,Broj,Umjetnost i humanističke nauke,Oba spola,1387
2019,Broj,"Društvene nauke, novinarstvo i informiranje",Oba spola,1737
2019,Broj,"Poslovanje, administracija i pravo",Oba spola,2522
2019,Broj,"Prirodne nauke, matematika i statistika",Oba spola,659
2019,Broj,Informacijske i komunikacijske tehnologije,Oba spola,505
2019,Broj,"Inženjerstvo, proizvodnja i građevinarstvo",Oba spola,1927
2019,Broj,"Poljoprivreda, šumarstvo, ribarstvo i veterinarstvo",Oba spola,737
2019,Broj,Zdravstvo i socijalna zaštita,Oba spola,1158
2019,Broj,Usluge,Oba spola,603
2019,Broj,Nepoznato,Oba spola,85
2019,Broj,Ukupno,M,4808
2019,Broj,Obrazovanje,M,324
2019,Broj,Umjetnost i humanističke nauke,M,448
2019,Broj,"Društvene nauke, novinarstvo i informiranje",M,629
2019,Broj,"Poslovanje, administracija i pravo",M,877
2019,Broj,"Prirodne nauke, matematika i statistika",M,171
2019,Broj,Informacijske i komunikacijske tehnologije,M,314
2019,Broj,"Inženjerstvo, proizvodnja i građevinarstvo",M,1103
2019,Broj,"Poljoprivreda, šumarstvo, ribarstvo i veterinarstvo",M,316
2019,Broj,Zdravstvo i socijalna zaštita,M,271
2019,Broj,Usluge,M,328
2019,Broj,Nepoznato,M,27
2019,Broj,Ukupno,Ž,7641
2019,Broj,Obrazovanje,Ž,805
2019,Broj,Umjetnost i humanističke nauke,Ž,939
2019,Broj,"Društvene nauke, novinarstvo i informiranje",Ž,1108
2019,Broj,"Poslovanje, administracija i pravo",Ž,1645
2019,Broj,"Prirodne nauke, matematika i statistika",Ž,488
2019,Broj,Informacijske i komunikacijske tehnologije,Ž,191
2019,Broj,"Inženjerstvo, proizvodnja i građevinarstvo",Ž,824
2019,Broj,"Poljoprivreda, šumarstvo, ribarstvo i veterinarstvo",Ž,421
2019,Broj,Zdravstvo i socijalna zaštita,Ž,887
2019,Broj,Usluge,Ž,275
2019,Broj,Nepoznato,Ž,58
2020,Broj,Ukupno,Oba spola,13192
2020,Broj,Obrazovanje,Oba spola,1268
2020,Broj,Umjetnost i humanističke nauke,Oba spola,1329
2020,Broj,"Društvene nauke, novinarstvo i informiranje",Oba spola,1932
2020,Broj,"Poslovanje, administracija i pravo",Oba spola,2514
2020,Broj,"Prirodne nauke, matematika i statistika",Oba spola,686
2020,Broj,Informacijske i komunikacijske tehnologije,Oba spola,582
2020,Broj,"Inženjerstvo, proizvodnja i građevinarstvo",Oba spola,1971
2020,Broj,"Poljoprivreda, šumarstvo, ribarstvo i veterinarstvo",Oba spola,751
2020,Broj,Zdravstvo i socijalna zaštita,Oba spola,1345
2020,Broj,Usluge,Oba spola,749
2020,Broj,Nepoznato,Oba spola,65
2020,Broj,Ukupno,M,4945
2020,Broj,Obrazovanje,M,323
2020,Broj,Umjetnost i humanističke nauke,M,458
2020,Broj,"Društvene nauke, novinarstvo i informiranje",M,690
2020,Broj,"Poslovanje, administracija i pravo",M,837
2020,Broj,"Prirodne nauke, matematika i statistika",M,194
2020,Broj,Informacijske i komunikacijske tehnologije,M,364
2020,Broj,"Inženjerstvo, proizvodnja i građevinarstvo",M,1116
2020,Broj,"Poljoprivreda, šumarstvo, ribarstvo i veterinarstvo",M,325
2020,Broj,Zdravstvo i socijalna zaštita,M,244
2020,Broj,Usluge,M,372
2020,Broj,Nepoznato,M,22
2020,Broj,Ukupno,Ž,8247
2020,Broj,Obrazovanje,Ž,945
2020,Broj,Umjetnost i humanističke nauke,Ž,871
2020,Broj,"Društvene nauke, novinarstvo i informiranje",Ž,1242
2020,Broj,"Poslovanje, administracija i pravo",Ž,1677
2020,Broj,"Prirodne nauke, matematika i statistika",Ž,492
2020,Broj,Informacijske i komunikacijske tehnologije,Ž,218
2020,Broj,"Inženjerstvo, proizvodnja i građevinarstvo",Ž,855
2020,Broj,"Poljoprivreda, šumarstvo, ribarstvo i veterinarstvo",Ž,426
2020,Broj,Zdravstvo i socijalna zaštita,Ž,1101
2020,Broj,Usluge,Ž,377
2020,Broj,Nepoznato,Ž,43
2021,Broj,Ukupno,Oba spola,12290
2021,Broj,Obrazovanje,Oba spola,1238
2021,Broj,Umjetnost i humanističke nauke,Oba spola,1214
2021,Broj,"Društvene nauke, novinarstvo i informiranje",Oba spola,1831
2021,Broj,"Poslovanje, administracija i pravo",Oba spola,2141
2021,Broj,"Prirodne nauke, matematika i statistika",Oba spola,644
2021,Broj,Informacijske i komunikacijske tehnologije,Oba spola,552
2021,Broj,"Inženjerstvo, proizvodnja i građevinarstvo",Oba spola,1989
2021,Broj,"Poljoprivreda, šumarstvo, ribarstvo i veterinarstvo",Oba spola,619
2021,Broj,Zdravstvo i socijalna zaštita,Oba spola,1286
2021,Broj,Usluge,Oba spola,776
2021,Broj,Nepoznato,Oba spola,0
2021,Broj,Ukupno,M,4480
2021,Broj,Obrazovanje,M,286
2021,Broj,Umjetnost i humanističke nauke,M,422
2021,Broj,"Društvene nauke, novinarstvo i informiranje",M,676
2021,Broj,"Poslovanje, administracija i pravo",M,698
2021,Broj,"Prirodne nauke, matematika i statistika",M,176
2021,Broj,Informacijske i komunikacijske tehnologije,M,327
2021,Broj,"Inženjerstvo, proizvodnja i građevinarstvo",M,1072
2021,Broj,"Poljoprivreda, šumarstvo, ribarstvo i veterinarstvo",M,249
2021,Broj,Zdravstvo i socijalna zaštita,M,227
2021,Broj,Usluge,M,347
2021,Broj,Nepoznato,M,0
2021,Broj,Ukupno,Ž,7810
2021,Broj,Obrazovanje,Ž,952
2021,Broj,Umjetnost i humanističke nauke,Ž,792
2021,Broj,"Društvene nauke, novinarstvo i informiranje",Ž,1155
2021,Broj,"Poslovanje, administracija i pravo",Ž,1443
2021,Broj,"Prirodne nauke, matematika i statistika",Ž,468
2021,Broj,Informacijske i komunikacijske tehnologije,Ž,225
2021,Broj,"Inženjerstvo, proizvodnja i građevinarstvo",Ž,917
2021,Broj,"Poljoprivreda, šumarstvo, ribarstvo i veterinarstvo",Ž,370
2021,Broj,Zdravstvo i socijalna zaštita,Ž,1059
2021,Broj,Usluge,Ž,429
2021,Broj,Nepoznato,Ž,0
2022,Broj,Ukupno,Oba spola,11635
2022,Broj,Obrazovanje,Oba spola,1135
2022,Broj,Umjetnost i humanističke nauke,Oba spola,1189
2022,Broj,"Društvene nauke, novinarstvo i informiranje",Oba spola,1464
2022,Broj,"Poslovanje, administracija i pravo",Oba spola,2356
2022,Broj,"Prirodne nauke, matematika i statistika",Oba spola,606
2022,Broj,Informacijske i komunikacijske tehnologije,Oba spola,545
2022,Broj,"Inženjerstvo, proizvodnja i građevinarstvo",Oba spola,1946
2022,Broj,"Poljoprivreda, šumarstvo, ribarstvo i veterinarstvo",Oba spola,496
2022,Broj,Zdravstvo i socijalna zaštita,Oba spola,1251
2022,Broj,Usluge,Oba spola,596
2022,Broj,Nepoznato,Oba spola,51
2022,Broj,Ukupno,M,4186
2022,Broj,Obrazovanje,M,274
2022,Broj,Umjetnost i humanističke nauke,M,369
2022,Broj,"Društvene nauke, novinarstvo i informiranje",M,535
2022,Broj,"Poslovanje, administracija i pravo",M,729
2022,Broj,"Prirodne nauke, matematika i statistika",M,179
2022,Broj,Informacijske i komunikacijske tehnologije,M,344
2022,Broj,"Inženjerstvo, proizvodnja i građevinarstvo",M,1054
2022,Broj,"Poljoprivreda, šumarstvo, ribarstvo i veterinarstvo",M,205
2022,Broj,Zdravstvo i socijalna zaštita,M,223
2022,Broj,Usluge,M,263
2022,Broj,Nepoznato,M,11
2022,Broj,Ukupno,Ž,7449
2022,Broj,Obrazovanje,Ž,861
2022,Broj,Umjetnost i humanističke nauke,Ž,820
2022,Broj,"Društvene nauke, novinarstvo i informiranje",Ž,929
2022,Broj,"Poslovanje, administracija i pravo",Ž,1627
2022,Broj,"Prirodne nauke, matematika i statistika",Ž,427
2022,Broj,Informacijske i komunikacijske tehnologije,Ž,201
2022,Broj,"Inženjerstvo, proizvodnja i građevinarstvo",Ž,892
2022,Broj,"Poljoprivreda, šumarstvo, ribarstvo i veterinarstvo",Ž,291
2022,Broj,Zdravstvo i socijalna zaštita,Ž,1028
2022,Broj,Usluge,Ž,333
2022,Broj,Nepoznato,Ž,40
2023,Broj,Ukupno,Oba spola,11553
2023,Broj,Obrazovanje,Oba spola,1085
2023,Broj,Umjetnost i humanističke nauke,Oba spola,1064
2023,Broj,"Društvene nauke, novinarstvo i informiranje",Oba spola,1665
2023,Broj,"Poslovanje, administracija i pravo",Oba spola,2698
2023,Broj,"Prirodne nauke, matematika i statistika",Oba spola,430
2023,Broj,Informacijske i komunikacijske tehnologije,Oba spola,561
2023,Broj,"Inženjerstvo, proizvodnja i građevinarstvo",Oba spola,1958
2023,Broj,"Poljoprivreda, šumarstvo, ribarstvo i veterinarstvo",Oba spola,358
2023,Broj,Zdravstvo i socijalna zaštita,Oba spola,1396
2023,Broj,Usluge,Oba spola,339
2023,Broj,Nepoznato,Oba spola,0
2023,Broj,Ukupno,M,4174
2023,Broj,Obrazovanje,M,319
2023,Broj,Umjetnost i humanističke nauke,M,338
2023,Broj,"Društvene nauke, novinarstvo i informiranje",M,591
2023,Broj,"Poslovanje, administracija i pravo",M,911
2023,Broj,"Prirodne nauke, matematika i statistika",M,158
2023,Broj,Informacijske i komunikacijske tehnologije,M,319
2023,Broj,"Inženjerstvo, proizvodnja i građevinarstvo",M,995
2023,Broj,"Poljoprivreda, šumarstvo, ribarstvo i veterinarstvo",M,175
2023,Broj,Zdravstvo i socijalna zaštita,M,262
2023,Broj,Usluge,M,192
2023,Broj,Nepoznato,M,0
2023,Broj,Ukupno,Ž,7379
2023,Broj,Obrazovanje,Ž,879
2023,Broj,Umjetnost i humanističke nauke,Ž,726
2023,Broj,"Društvene nauke, novinarstvo i informiranje",Ž,1074
2023,Broj,"Poslovanje, administracija i pravo",Ž,1787
2023,Broj,"Prirodne nauke, matematika i statistika",Ž,272
2023,Broj,Informacijske i komunikacijske tehnologije,Ž,242
2023,Broj,"Inženjerstvo, proizvodnja i građevinarstvo",Ž,963
2023,Broj,"Poljoprivreda, šumarstvo, ribarstvo i veterinarstvo",Ž,182
2023,Broj,Zdravstvo i socijalna zaštita,Ž,1134
2023,Broj,Usluge,Ž,147
2022,Broj,Nepoznato,Ž,0
