Year,UNIT_MEASURE,Vrsta obrazovanja,Spol,Value
2014,Broj,Ukupno,Oba spola,3366
2014,Broj,Obrazovanje,Oba spola,432
2014,Broj,Umjetnost i humanističke nauke,Oba spola,296
2014,Broj,"Društvene nauke, novinarstvo i informiranje",Oba spola,635
2014,Broj,"Poslovanje, administracija i pravo",Oba spola,538
2014,Broj,"Prirodne nauke, matematika i statistika",Oba spola,132
2014,Broj,Informacijske i komunikacijske tehnologije,Oba spola,126
2014,Broj,"Inženjerstvo, proizvodnja i građevinarstvo",Oba spola,505
2014,Broj,"Poljoprivreda, šumarstvo, ribarstvo i veterinarstvo",Oba spola,205
2014,Broj,Zdravstvo i socijalna zaštita,Oba spola,337
2014,Broj,Usluge,Oba spola,114
2014,Broj,Nepoznato,Oba spola,46
2014,Broj,Ukupno,M,1330
2014,Broj,Obrazovanje,M,125
2014,Broj,Umjetnost i humanističke nauke,M,73
2014,Broj,"Društvene nauke, novinarstvo i informiranje",M,261
2014,Broj,"Poslovanje, administracija i pravo",M,200
2014,Broj,"Prirodne nauke, matematika i statistika",M,58
2014,Broj,Informacijske i komunikacijske tehnologije,M,72
2014,Broj,"Inženjerstvo, proizvodnja i građevinarstvo",M,289
2014,Broj,"Poljoprivreda, šumarstvo, ribarstvo i veterinarstvo",M,85
2014,Broj,Zdravstvo i socijalna zaštita,M,83
2014,Broj,Usluge,M,71
2014,Broj,Nepoznato,M,13
2014,Broj,Ukupno,Ž,2036
2014,Broj,Obrazovanje,Ž,307
2014,Broj,Umjetnost i humanističke nauke,Ž,223
2014,Broj,"Društvene nauke, novinarstvo i informiranje",Ž,374
2014,Broj,"Poslovanje, administracija i pravo",Ž,338
2014,Broj,"Prirodne nauke, matematika i statistika",Ž,74
2014,Broj,Informacijske i komunikacijske tehnologije,Ž,54
2014,Broj,"Inženjerstvo, proizvodnja i građevinarstvo",Ž,216
2014,Broj,"Poljoprivreda, šumarstvo, ribarstvo i veterinarstvo",Ž,120
2014,Broj,Zdravstvo i socijalna zaštita,Ž,254
2014,Broj,Usluge,Ž,43
2014,Broj,Nepoznato,Ž,33
2015,Broj,Ukupno,Oba spola,3636
2015,Broj,Obrazovanje,Oba spola,388
2015,Broj,Umjetnost i humanističke nauke,Oba spola,338
2015,Broj,"Društvene nauke, novinarstvo i informiranje",Oba spola,397
2015,Broj,"Poslovanje, administracija i pravo",Oba spola,658
2015,Broj,"Prirodne nauke, matematika i statistika",Oba spola,294
2015,Broj,Informacijske i komunikacijske tehnologije,Oba spola,99
2015,Broj,"Inženjerstvo, proizvodnja i građevinarstvo",Oba spola,572
2015,Broj,"Poljoprivreda, šumarstvo, ribarstvo i veterinarstvo",Oba spola,212
2015,Broj,Zdravstvo i socijalna zaštita,Oba spola,422
2015,Broj,Usluge,Oba spola,189
2015,Broj,Nepoznato,Oba spola,67
2015,Broj,Ukupno,M,1468
2015,Broj,Obrazovanje,M,88
2015,Broj,Umjetnost i humanističke nauke,M,102
2015,Broj,"Društvene nauke, novinarstvo i informiranje",M,172
2015,Broj,"Poslovanje, administracija i pravo",M,244
2015,Broj,"Prirodne nauke, matematika i statistika",M,83
2015,Broj,Informacijske i komunikacijske tehnologije,M,67
2015,Broj,"Inženjerstvo, proizvodnja i građevinarstvo",M,357
2015,Broj,"Poljoprivreda, šumarstvo, ribarstvo i veterinarstvo",M,95
2015,Broj,Zdravstvo i socijalna zaštita,M,105
2015,Broj,Usluge,M,113
2015,Broj,Nepoznato,M,42
2015,Broj,Ukupno,Ž,2168
2015,Broj,Obrazovanje,Ž,300
2015,Broj,Umjetnost i humanističke nauke,Ž,236
2015,Broj,"Društvene nauke, novinarstvo i informiranje",Ž,225
2015,Broj,"Poslovanje, administracija i pravo",Ž,414
2015,Broj,"Prirodne nauke, matematika i statistika",Ž,211
2015,Broj,Informacijske i komunikacijske tehnologije,Ž,32
2015,Broj,"Inženjerstvo, proizvodnja i građevinarstvo",Ž,215
2015,Broj,"Poljoprivreda, šumarstvo, ribarstvo i veterinarstvo",Ž,117
2015,Broj,Zdravstvo i socijalna zaštita,Ž,317
2015,Broj,Usluge,Ž,76
2015,Broj,Nepoznato,Ž,25
2016,Broj,Ukupno,Oba spola,3836
2016,Broj,Obrazovanje,Oba spola,391
2016,Broj,Umjetnost i humanističke nauke,Oba spola,342
2016,Broj,"Društvene nauke, novinarstvo i informiranje",Oba spola,706
2016,Broj,"Poslovanje, administracija i pravo",Oba spola,747
2016,Broj,"Prirodne nauke, matematika i statistika",Oba spola,200
2016,Broj,Informacijske i komunikacijske tehnologije,Oba spola,127
2016,Broj,"Inženjerstvo, proizvodnja i građevinarstvo",Oba spola,544
2016,Broj,"Poljoprivreda, šumarstvo, ribarstvo i veterinarstvo",Oba spola,210
2016,Broj,Zdravstvo i socijalna zaštita,Oba spola,326
2016,Broj,Usluge,Oba spola,213
2016,Broj,Nepoznato,Oba spola,30
2016,Broj,Ukupno,M,1497
2016,Broj,Obrazovanje,M,115
2016,Broj,Umjetnost i humanističke nauke,M,98
2016,Broj,"Društvene nauke, novinarstvo i informiranje",M,285
2016,Broj,"Poslovanje, administracija i pravo",M,263
2016,Broj,"Prirodne nauke, matematika i statistika",M,52
2016,Broj,Informacijske i komunikacijske tehnologije,M,77
2016,Broj,"Inženjerstvo, proizvodnja i građevinarstvo",M,317
2016,Broj,"Poljoprivreda, šumarstvo, ribarstvo i veterinarstvo",M,95
2016,Broj,Zdravstvo i socijalna zaštita,M,66
2016,Broj,Usluge,M,121
2016,Broj,Nepoznato,M,601
2016,Broj,Ukupno,Ž,2339
2016,Broj,Obrazovanje,Ž,276
2016,Broj,Umjetnost i humanističke nauke,Ž,244
2016,Broj,"Društvene nauke, novinarstvo i informiranje",Ž,421
2016,Broj,"Poslovanje, administracija i pravo",Ž,484
2016,Broj,"Prirodne nauke, matematika i statistika",Ž,148
2016,Broj,Informacijske i komunikacijske tehnologije,Ž,50
2016,Broj,"Inženjerstvo, proizvodnja i građevinarstvo",Ž,227
2016,Broj,"Poljoprivreda, šumarstvo, ribarstvo i veterinarstvo",Ž,115
2016,Broj,Zdravstvo i socijalna zaštita,Ž,260
2016,Broj,Usluge,Ž,92
2016,Broj,Nepoznato,Ž,22
2017,Broj,Ukupno,Oba spola,3712
2017,Broj,Obrazovanje,Oba spola,477
2017,Broj,Umjetnost i humanističke nauke,Oba spola,344
2017,Broj,"Društvene nauke, novinarstvo i informiranje",Oba spola,388
2017,Broj,"Poslovanje, administracija i pravo",Oba spola,770
2017,Broj,"Prirodne nauke, matematika i statistika",Oba spola,242
2017,Broj,Informacijske i komunikacijske tehnologije,Oba spola,119
2017,Broj,"Inženjerstvo, proizvodnja i građevinarstvo",Oba spola,519
2017,Broj,"Poljoprivreda, šumarstvo, ribarstvo i veterinarstvo",Oba spola,214
2017,Broj,Zdravstvo i socijalna zaštita,Oba spola,297
2017,Broj,Usluge,Oba spola,274
2017,Broj,Nepoznato,Oba spola,68
2017,Broj,Ukupno,M,1426
2017,Broj,Obrazovanje,M,119
2017,Broj,Umjetnost i humanističke nauke,M,100
2017,Broj,"Društvene nauke, novinarstvo i informiranje",M,149
2017,Broj,"Poslovanje, administracija i pravo",M,284
2017,Broj,"Prirodne nauke, matematika i statistika",M,57
2017,Broj,Informacijske i komunikacijske tehnologije,M,78
2017,Broj,"Inženjerstvo, proizvodnja i građevinarstvo",M,324
2017,Broj,"Poljoprivreda, šumarstvo, ribarstvo i veterinarstvo",M,89
2017,Broj,Zdravstvo i socijalna zaštita,M,72
2017,Broj,Usluge,M,123
2017,Broj,Nepoznato,M,31
2017,Broj,Ukupno,Ž,2286
2017,Broj,Obrazovanje,Ž,358
2017,Broj,Umjetnost i humanističke nauke,Ž,244
2017,Broj,"Društvene nauke, novinarstvo i informiranje",Ž,239
2017,Broj,"Poslovanje, administracija i pravo",Ž,486
2017,Broj,"Prirodne nauke, matematika i statistika",Ž,185
2017,Broj,Informacijske i komunikacijske tehnologije,Ž,41
2017,Broj,"Inženjerstvo, proizvodnja i građevinarstvo",Ž,195
2017,Broj,"Poljoprivreda, šumarstvo, ribarstvo i veterinarstvo",Ž,125
2017,Broj,Zdravstvo i socijalna zaštita,Ž,225
2017,Broj,Usluge,Ž,151
2017,Broj,Nepoznato,Ž,37
2018,Broj,Ukupno,Oba spola,3336
2018,Broj,Obrazovanje,Oba spola,476
2018,Broj,Umjetnost i humanističke nauke,Oba spola,268
2018,Broj,"Društvene nauke, novinarstvo i informiranje",Oba spola,351
2018,Broj,"Poslovanje, administracija i pravo",Oba spola,719
2018,Broj,"Prirodne nauke, matematika i statistika",Oba spola,235
2018,Broj,Informacijske i komunikacijske tehnologije,Oba spola,128
2018,Broj,"Inženjerstvo, proizvodnja i građevinarstvo",Oba spola,430
2018,Broj,"Poljoprivreda, šumarstvo, ribarstvo i veterinarstvo",Oba spola,199
2018,Broj,Zdravstvo i socijalna zaštita,Oba spola,261
2018,Broj,Usluge,Oba spola,223
2018,Broj,Nepoznato,Oba spola,46
2018,Broj,Ukupno,M,1284
2018,Broj,Obrazovanje,M,140
2018,Broj,Umjetnost i humanističke nauke,M,78
2018,Broj,"Društvene nauke, novinarstvo i informiranje",M,115
2018,Broj,"Poslovanje, administracija i pravo",M,268
2018,Broj,"Prirodne nauke, matematika i statistika",M,54
2018,Broj,Informacijske i komunikacijske tehnologije,M,86
2018,Broj,"Inženjerstvo, proizvodnja i građevinarstvo",M,251
2018,Broj,"Poljoprivreda, šumarstvo, ribarstvo i veterinarstvo",M,88
2018,Broj,Zdravstvo i socijalna zaštita,M,61
2018,Broj,Usluge,M,121
2018,Broj,Nepoznato,M,22
2018,Broj,Ukupno,Ž,2052
2018,Broj,Obrazovanje,Ž,336
2018,Broj,Umjetnost i humanističke nauke,Ž,190
2018,Broj,"Društvene nauke, novinarstvo i informiranje",Ž,236
2018,Broj,"Poslovanje, administracija i pravo",Ž,451
2018,Broj,"Prirodne nauke, matematika i statistika",Ž,181
2018,Broj,Informacijske i komunikacijske tehnologije,Ž,42
2018,Broj,"Inženjerstvo, proizvodnja i građevinarstvo",Ž,179
2018,Broj,"Poljoprivreda, šumarstvo, ribarstvo i veterinarstvo",Ž,111
2018,Broj,Zdravstvo i socijalna zaštita,Ž,200
2018,Broj,Usluge,Ž,102
2018,Broj,Nepoznato,Ž,24
2019,Broj,Ukupno,Oba spola,3388
2019,Broj,Obrazovanje,Oba spola,424
2019,Broj,Umjetnost i humanističke nauke,Oba spola,267
2019,Broj,"Društvene nauke, novinarstvo i informiranje",Oba spola,458
2019,Broj,"Poslovanje, administracija i pravo",Oba spola,635
2019,Broj,"Prirodne nauke, matematika i statistika",Oba spola,272
2019,Broj,Informacijske i komunikacijske tehnologije,Oba spola,139
2019,Broj,"Inženjerstvo, proizvodnja i građevinarstvo",Oba spola,495
2019,Broj,"Poljoprivreda, šumarstvo, ribarstvo i veterinarstvo",Oba spola,154
2019,Broj,Zdravstvo i socijalna zaštita,Oba spola,277
2019,Broj,Usluge,Oba spola,224
2019,Broj,Nepoznato,Oba spola,43
2019,Broj,Ukupno,M,1268
2019,Broj,Obrazovanje,M,101
2019,Broj,Umjetnost i humanističke nauke,M,62
2019,Broj,"Društvene nauke, novinarstvo i informiranje",M,171
2019,Broj,"Poslovanje, administracija i pravo",M,243
2019,Broj,"Prirodne nauke, matematika i statistika",M,53
2019,Broj,Informacijske i komunikacijske tehnologije,M,82
2019,Broj,"Inženjerstvo, proizvodnja i građevinarstvo",M,282
2019,Broj,"Poljoprivreda, šumarstvo, ribarstvo i veterinarstvo",M,65
2019,Broj,Zdravstvo i socijalna zaštita,M,60
2019,Broj,Usluge,M,129
2019,Broj,Nepoznato,M,20
2019,Broj,Ukupno,Ž,2120
2019,Broj,Obrazovanje,Ž,323
2019,Broj,Umjetnost i humanističke nauke,Ž,205
2019,Broj,"Društvene nauke, novinarstvo i informiranje",Ž,287
2019,Broj,"Poslovanje, administracija i pravo",Ž,392
2019,Broj,"Prirodne nauke, matematika i statistika",Ž,219
2019,Broj,Informacijske i komunikacijske tehnologije,Ž,57
2019,Broj,"Inženjerstvo, proizvodnja i građevinarstvo",Ž,213
2019,Broj,"Poljoprivreda, šumarstvo, ribarstvo i veterinarstvo",Ž,89
2019,Broj,Zdravstvo i socijalna zaštita,Ž,217
2019,Broj,Usluge,Ž,95
2019,Broj,Nepoznato,Ž,23
2020,Broj,Ukupno,Oba spola,3158
2020,Broj,Obrazovanje,Oba spola,490
2020,Broj,Umjetnost i humanističke nauke,Oba spola,257
2020,Broj,"Društvene nauke, novinarstvo i informiranje",Oba spola,675
2020,Broj,"Poslovanje, administracija i pravo",Oba spola,266
2020,Broj,"Prirodne nauke, matematika i statistika",Oba spola,194
2020,Broj,Informacijske i komunikacijske tehnologije,Oba spola,86
2020,Broj,"Inženjerstvo, proizvodnja i građevinarstvo",Oba spola,571
2020,Broj,"Poljoprivreda, šumarstvo, ribarstvo i veterinarstvo",Oba spola,191
2020,Broj,Zdravstvo i socijalna zaštita,Oba spola,252
2020,Broj,Usluge,Oba spola,130
2020,Broj,Nepoznato,Oba spola,46
2020,Broj,Ukupno,M,1118
2020,Broj,Obrazovanje,M,78
2020,Broj,Umjetnost i humanističke nauke,M,60
2020,Broj,"Društvene nauke, novinarstvo i informiranje",M,240
2020,Broj,"Poslovanje, administracija i pravo",M,96
2020,Broj,"Prirodne nauke, matematika i statistika",M,36
2020,Broj,Informacijske i komunikacijske tehnologije,M,54
2020,Broj,"Inženjerstvo, proizvodnja i građevinarstvo",M,322
2020,Broj,"Poljoprivreda, šumarstvo, ribarstvo i veterinarstvo",M,75
2020,Broj,Zdravstvo i socijalna zaštita,M,69
2020,Broj,Usluge,M,73
2020,Broj,Nepoznato,M,15
2020,Broj,Ukupno,Ž,2040
2020,Broj,Obrazovanje,Ž,412
2020,Broj,Umjetnost i humanističke nauke,Ž,197
2020,Broj,"Društvene nauke, novinarstvo i informiranje",Ž,435
2020,Broj,"Poslovanje, administracija i pravo",Ž,170
2020,Broj,"Prirodne nauke, matematika i statistika",Ž,158
2020,Broj,Informacijske i komunikacijske tehnologije,Ž,32
2020,Broj,"Inženjerstvo, proizvodnja i građevinarstvo",Ž,249
2020,Broj,"Poljoprivreda, šumarstvo, ribarstvo i veterinarstvo",Ž,116
2020,Broj,Zdravstvo i socijalna zaštita,Ž,183
2020,Broj,Usluge,Ž,57
2020,Broj,Nepoznato,Ž,31
2021,Broj,Ukupno,Oba spola,3619
2021,Broj,Obrazovanje,Oba spola,522
2021,Broj,Umjetnost i humanističke nauke,Oba spola,296
2021,Broj,"Društvene nauke, novinarstvo i informiranje",Oba spola,433
2021,Broj,"Poslovanje, administracija i pravo",Oba spola,621
2021,Broj,"Prirodne nauke, matematika i statistika",Oba spola,218
2021,Broj,Informacijske i komunikacijske tehnologije,Oba spola,169
2021,Broj,"Inženjerstvo, proizvodnja i građevinarstvo",Oba spola,524
2021,Broj,"Poljoprivreda, šumarstvo, ribarstvo i veterinarstvo",Oba spola,174
2021,Broj,Zdravstvo i socijalna zaštita,Oba spola,351
2021,Broj,Usluge,Oba spola,292
2021,Broj,Nepoznato,Oba spola,19
2021,Broj,Ukupno,M,1283
2021,Broj,Obrazovanje,M,115
2021,Broj,Umjetnost i humanističke nauke,M,84
2021,Broj,"Društvene nauke, novinarstvo i informiranje",M,147
2021,Broj,"Poslovanje, administracija i pravo",M,209
2021,Broj,"Prirodne nauke, matematika i statistika",M,39
2021,Broj,Informacijske i komunikacijske tehnologije,M,98
2021,Broj,"Inženjerstvo, proizvodnja i građevinarstvo",M,285
2021,Broj,"Poljoprivreda, šumarstvo, ribarstvo i veterinarstvo",M,67
2021,Broj,Zdravstvo i socijalna zaštita,M,64
2021,Broj,Usluge,M,170
2021,Broj,Nepoznato,M,5
2021,Broj,Ukupno,Ž,2336
2021,Broj,Obrazovanje,Ž,407
2021,Broj,Umjetnost i humanističke nauke,Ž,212
2021,Broj,"Društvene nauke, novinarstvo i informiranje",Ž,286
2021,Broj,"Poslovanje, administracija i pravo",Ž,412
2021,Broj,"Prirodne nauke, matematika i statistika",Ž,179
2021,Broj,Informacijske i komunikacijske tehnologije,Ž,71
2021,Broj,"Inženjerstvo, proizvodnja i građevinarstvo",Ž,239
2021,Broj,"Poljoprivreda, šumarstvo, ribarstvo i veterinarstvo",Ž,107
2021,Broj,Zdravstvo i socijalna zaštita,Ž,287
2021,Broj,Usluge,Ž,122
2021,Broj,Nepoznato,Ž,14
2022,Broj,Ukupno,Oba spola,3302
2022,Broj,Obrazovanje,Oba spola,290
2022,Broj,Umjetnost i humanističke nauke,Oba spola,278
2022,Broj,"Društvene nauke, novinarstvo i informiranje",Oba spola,338
2022,Broj,"Poslovanje, administracija i pravo",Oba spola,592
2022,Broj,"Prirodne nauke, matematika i statistika",Oba spola,197
2022,Broj,Informacijske i komunikacijske tehnologije,Oba spola,167
2022,Broj,"Inženjerstvo, proizvodnja i građevinarstvo",Oba spola,466
2022,Broj,"Poljoprivreda, šumarstvo, ribarstvo i veterinarstvo",Oba spola,162
2022,Broj,Zdravstvo i socijalna zaštita,Oba spola,436
2022,Broj,Usluge,Oba spola,312
2022,Broj,Nepoznato,Oba spola,64
2022,Broj,Ukupno,M,1221
2022,Broj,Obrazovanje,M,74
2022,Broj,Umjetnost i humanističke nauke,M,77
2022,Broj,"Društvene nauke, novinarstvo i informiranje",M,131
2022,Broj,"Poslovanje, administracija i pravo",M,196
2022,Broj,"Prirodne nauke, matematika i statistika",M,44
2022,Broj,Informacijske i komunikacijske tehnologije,M,94
2022,Broj,"Inženjerstvo, proizvodnja i građevinarstvo",M,281
2022,Broj,"Poljoprivreda, šumarstvo, ribarstvo i veterinarstvo",M,52
2022,Broj,Zdravstvo i socijalna zaštita,M,97
2022,Broj,Usluge,M,149
2022,Broj,Nepoznato,M,26
2022,Broj,Ukupno,Ž,2081
2022,Broj,Obrazovanje,Ž,216
2022,Broj,Umjetnost i humanističke nauke,Ž,201
2022,Broj,"Društvene nauke, novinarstvo i informiranje",Ž,207
2022,Broj,"Poslovanje, administracija i pravo",Ž,396
2022,Broj,"Prirodne nauke, matematika i statistika",Ž,153
2022,Broj,Informacijske i komunikacijske tehnologije,Ž,73
2022,Broj,"Inženjerstvo, proizvodnja i građevinarstvo",Ž,185
2022,Broj,"Poljoprivreda, šumarstvo, ribarstvo i veterinarstvo",Ž,110
2022,Broj,Zdravstvo i socijalna zaštita,Ž,339
2022,Broj,Usluge,Ž,163
2022,Broj,Nepoznato,Ž,38
2023,Broj,Ukupno,Oba spola,3003
2023,Broj,Obrazovanje,Oba spola,290
2023,Broj,Umjetnost i humanističke nauke,Oba spola,439
2023,Broj,"Društvene nauke, novinarstvo i informiranje",Oba spola,358
2023,Broj,"Poslovanje, administracija i pravo",Oba spola,473
2023,Broj,"Prirodne nauke, matematika i statistika",Oba spola,162
2023,Broj,Informacijske i komunikacijske tehnologije,Oba spola,126
2023,Broj,"Inženjerstvo, proizvodnja i građevinarstvo",Oba spola,475
2023,Broj,"Poljoprivreda, šumarstvo, ribarstvo i veterinarstvo",Oba spola,66
2023,Broj,Zdravstvo i socijalna zaštita,Oba spola,408
2023,Broj,Usluge,Oba spola,232
2023,Broj,Nepoznato,Oba spola,0
2023,Broj,Ukupno,M,1024
2023,Broj,Obrazovanje,M,75
2023,Broj,Umjetnost i humanističke nauke,M,70
2023,Broj,"Društvene nauke, novinarstvo i informiranje",M,119
2023,Broj,"Poslovanje, administracija i pravo",M,177
2023,Broj,"Prirodne nauke, matematika i statistika",M,50
2023,Broj,Informacijske i komunikacijske tehnologije,M,61
2023,Broj,"Inženjerstvo, proizvodnja i građevinarstvo",M,219
2023,Broj,"Poljoprivreda, šumarstvo, ribarstvo i veterinarstvo",M,31
2023,Broj,Zdravstvo i socijalna zaštita,M,102
2023,Broj,Usluge,M,120
2023,Broj,Nepoznato,M,0
2023,Broj,Ukupno,Ž,1979
2023,Broj,Obrazovanje,Ž,364
2023,Broj,Umjetnost i humanističke nauke,Ž,194
2023,Broj,"Društvene nauke, novinarstvo i informiranje",Ž,239
2023,Broj,"Poslovanje, administracija i pravo",Ž,296
2023,Broj,"Prirodne nauke, matematika i statistika",Ž,112
2023,Broj,Informacijske i komunikacijske tehnologije,Ž,65
2023,Broj,"Inženjerstvo, proizvodnja i građevinarstvo",Ž,256
2023,Broj,"Poljoprivreda, šumarstvo, ribarstvo i veterinarstvo",Ž,35
2023,Broj,Zdravstvo i socijalna zaštita,Ž,306
2023,Broj,Usluge,Ž,112
2023,Broj,Nepoznato,Ž,0
