Year,UNIT_MEASURE,Vrsta obrazovanja,Spol,Value
2014,Broj,Ukupno,Oba spola,717
2014,Broj,Obrazovanje,Oba spola,55
2014,Broj,Umjetnost i humanističke nauke,Oba spola,100
2014,Broj,"Društvene nauke, novinarstvo i informiranje",Oba spola,79
2014,Broj,"Poslovanje, administracija i pravo",Oba spola,203
2014,Broj,"Prirodne nauke, matematika i statistika",Oba spola,64
2014,Broj,Informacijske i komunikacijske tehnologije,Oba spola,30
2014,Broj,"Inženjerstvo, proizvodnja i građevinarstvo",Oba spola,31
2014,Broj,"Poljoprivreda, šumarstvo, ribarstvo i veterinarstvo",Oba spola,23
2014,Broj,Zdravstvo i socijalna zaštita,Oba spola,85
2014,Broj,Usluge,Oba spola,39
2014,Broj,Nepoznato,Oba spola,8
2014,Broj,Ukupno,M,396
2014,Broj,Obrazovanje,M,23
2014,Broj,Umjetnost i humanističke nauke,M,52
2014,Broj,"Društvene nauke, novinarstvo i informiranje",M,51
2014,Broj,"Poslovanje, administracija i pravo",M,133
2014,Broj,"Prirodne nauke, matematika i statistika",M,30
2014,Broj,Informacijske i komunikacijske tehnologije,M,24
2014,Broj,"Inženjerstvo, proizvodnja i građevinarstvo",M,23
2014,Broj,"Poljoprivreda, šumarstvo, ribarstvo i veterinarstvo",M,13
2014,Broj,Zdravstvo i socijalna zaštita,M,24
2014,Broj,Usluge,M,23
2014,Broj,Nepoznato,M,0
2014,Broj,Ukupno,Ž,321
2014,Broj,Obrazovanje,Ž,32
2014,Broj,Umjetnost i humanističke nauke,Ž,48
2014,Broj,"Društvene nauke, novinarstvo i informiranje",Ž,28
2014,Broj,"Poslovanje, administracija i pravo",Ž,70
2014,Broj,"Prirodne nauke, matematika i statistika",Ž,34
2014,Broj,Informacijske i komunikacijske tehnologije,Ž,6
2014,Broj,"Inženjerstvo, proizvodnja i građevinarstvo",Ž,8
2014,Broj,"Poljoprivreda, šumarstvo, ribarstvo i veterinarstvo",Ž,10
2014,Broj,Zdravstvo i socijalna zaštita,Ž,61
2014,Broj,Usluge,Ž,16
2014,Broj,Nepoznato,Ž,8
2015,Broj,Ukupno,Oba spola,846
2015,Broj,Obrazovanje,Oba spola,99
2015,Broj,Umjetnost i humanističke nauke,Oba spola,101
2015,Broj,"Društvene nauke, novinarstvo i informiranje",Oba spola,109
2015,Broj,"Poslovanje, administracija i pravo",Oba spola,167
2015,Broj,"Prirodne nauke, matematika i statistika",Oba spola,98
2015,Broj,Informacijske i komunikacijske tehnologije,Oba spola,52
2015,Broj,"Inženjerstvo, proizvodnja i građevinarstvo",Oba spola,118
2015,Broj,"Poljoprivreda, šumarstvo, ribarstvo i veterinarstvo",Oba spola,28
2015,Broj,Zdravstvo i socijalna zaštita,Oba spola,29
2015,Broj,Usluge,Oba spola,45
2015,Broj,Nepoznato,Oba spola,61
2015,Broj,Ukupno,M,491
2015,Broj,Obrazovanje,M,51
2015,Broj,Umjetnost i humanističke nauke,M,50
2015,Broj,"Društvene nauke, novinarstvo i informiranje",M,65
2015,Broj,"Poslovanje, administracija i pravo",M,110
2015,Broj,"Prirodne nauke, matematika i statistika",M,33
2015,Broj,Informacijske i komunikacijske tehnologije,M,36
2015,Broj,"Inženjerstvo, proizvodnja i građevinarstvo",M,95
2015,Broj,"Poljoprivreda, šumarstvo, ribarstvo i veterinarstvo",M,16
2015,Broj,Zdravstvo i socijalna zaštita,M,9
2015,Broj,Usluge,M,26
2015,Broj,Nepoznato,M,23
2015,Broj,Ukupno,Ž,355
2015,Broj,Obrazovanje,Ž,48
2015,Broj,Umjetnost i humanističke nauke,Ž,51
2015,Broj,"Društvene nauke, novinarstvo i informiranje",Ž,44
2015,Broj,"Poslovanje, administracija i pravo",Ž,57
2015,Broj,"Prirodne nauke, matematika i statistika",Ž,65
2015,Broj,Informacijske i komunikacijske tehnologije,Ž,16
2015,Broj,"Inženjerstvo, proizvodnja i građevinarstvo",Ž,23
2015,Broj,"Poljoprivreda, šumarstvo, ribarstvo i veterinarstvo",Ž,12
2015,Broj,Zdravstvo i socijalna zaštita,Ž,20
2015,Broj,Usluge,Ž,19
2015,Broj,Nepoznato,Ž,0
2016,Broj,Ukupno,Oba spola,913
2016,Broj,Obrazovanje,Oba spola,71
2016,Broj,Umjetnost i humanističke nauke,Oba spola,105
2016,Broj,"Društvene nauke, novinarstvo i informiranje",Oba spola,98
2016,Broj,"Poslovanje, administracija i pravo",Oba spola,224
2016,Broj,"Prirodne nauke, matematika i statistika",Oba spola,78
2016,Broj,Informacijske i komunikacijske tehnologije,Oba spola,18
2016,Broj,"Inženjerstvo, proizvodnja i građevinarstvo",Oba spola,123
2016,Broj,"Poljoprivreda, šumarstvo, ribarstvo i veterinarstvo",Oba spola,28
2016,Broj,Zdravstvo i socijalna zaštita,Oba spola,121
2016,Broj,Usluge,Oba spola,47
2016,Broj,Nepoznato,Oba spola,0
2016,Broj,Ukupno,M,486
2016,Broj,Obrazovanje,M,38
2016,Broj,Umjetnost i humanističke nauke,M,35
2016,Broj,"Društvene nauke, novinarstvo i informiranje",M,53
2016,Broj,"Poslovanje, administracija i pravo",M,143
2016,Broj,"Prirodne nauke, matematika i statistika",M,31
2016,Broj,Informacijske i komunikacijske tehnologije,M,9
2016,Broj,"Inženjerstvo, proizvodnja i građevinarstvo",M,81
2016,Broj,"Poljoprivreda, šumarstvo, ribarstvo i veterinarstvo",M,12
2016,Broj,Zdravstvo i socijalna zaštita,M,44
2016,Broj,Usluge,M,40
2016,Broj,Nepoznato,M,0
2016,Broj,Ukupno,Ž,427
2016,Broj,Obrazovanje,Ž,33
2016,Broj,Umjetnost i humanističke nauke,Ž,70
2016,Broj,"Društvene nauke, novinarstvo i informiranje",Ž,45
2016,Broj,"Poslovanje, administracija i pravo",Ž,81
2016,Broj,"Prirodne nauke, matematika i statistika",Ž,47
2016,Broj,Informacijske i komunikacijske tehnologije,Ž,9
2016,Broj,"Inženjerstvo, proizvodnja i građevinarstvo",Ž,42
2016,Broj,"Poljoprivreda, šumarstvo, ribarstvo i veterinarstvo",Ž,16
2016,Broj,Zdravstvo i socijalna zaštita,Ž,77
2016,Broj,Usluge,Ž,7
2016,Broj,Nepoznato,Ž,0
2017,Broj,Ukupno,Oba spola,856
2017,Broj,Obrazovanje,Oba spola,43
2017,Broj,Umjetnost i humanističke nauke,Oba spola,171
2017,Broj,"Društvene nauke, novinarstvo i informiranje",Oba spola,66
2017,Broj,"Poslovanje, administracija i pravo",Oba spola,191
2017,Broj,"Prirodne nauke, matematika i statistika",Oba spola,79
2017,Broj,Informacijske i komunikacijske tehnologije,Oba spola,44
2017,Broj,"Inženjerstvo, proizvodnja i građevinarstvo",Oba spola,110
2017,Broj,"Poljoprivreda, šumarstvo, ribarstvo i veterinarstvo",Oba spola,30
2017,Broj,Zdravstvo i socijalna zaštita,Oba spola,72
2017,Broj,Usluge,Oba spola,50
2017,Broj,Nepoznato,Oba spola,0
2017,Broj,Ukupno,M,482
2017,Broj,Obrazovanje,M,34
2017,Broj,Umjetnost i humanističke nauke,M,81
2017,Broj,"Društvene nauke, novinarstvo i informiranje",M,38
2017,Broj,"Poslovanje, administracija i pravo",M,117
2017,Broj,"Prirodne nauke, matematika i statistika",M,31
2017,Broj,Informacijske i komunikacijske tehnologije,M,33
2017,Broj,"Inženjerstvo, proizvodnja i građevinarstvo",M,74
2017,Broj,"Poljoprivreda, šumarstvo, ribarstvo i veterinarstvo",M,8
2017,Broj,Zdravstvo i socijalna zaštita,M,26
2017,Broj,Usluge,M,40
2017,Broj,Nepoznato,M,0
2017,Broj,Ukupno,Ž,374
2017,Broj,Obrazovanje,Ž,9
2017,Broj,Umjetnost i humanističke nauke,Ž,90
2017,Broj,"Društvene nauke, novinarstvo i informiranje",Ž,28
2017,Broj,"Poslovanje, administracija i pravo",Ž,74
2017,Broj,"Prirodne nauke, matematika i statistika",Ž,48
2017,Broj,Informacijske i komunikacijske tehnologije,Ž,11
2017,Broj,"Inženjerstvo, proizvodnja i građevinarstvo",Ž,36
2017,Broj,"Poljoprivreda, šumarstvo, ribarstvo i veterinarstvo",Ž,22
2017,Broj,Zdravstvo i socijalna zaštita,Ž,46
2017,Broj,Usluge,Ž,10
2017,Broj,Nepoznato,Ž,0
2018,Broj,Ukupno,Oba spola,981
2018,Broj,Obrazovanje,Oba spola,36
2018,Broj,Umjetnost i humanističke nauke,Oba spola,108
2018,Broj,"Društvene nauke, novinarstvo i informiranje",Oba spola,90
2018,Broj,"Poslovanje, administracija i pravo",Oba spola,190
2018,Broj,"Prirodne nauke, matematika i statistika",Oba spola,88
2018,Broj,Informacijske i komunikacijske tehnologije,Oba spola,51
2018,Broj,"Inženjerstvo, proizvodnja i građevinarstvo",Oba spola,103
2018,Broj,"Poljoprivreda, šumarstvo, ribarstvo i veterinarstvo",Oba spola,20
2018,Broj,Zdravstvo i socijalna zaštita,Oba spola,222
2018,Broj,Usluge,Oba spola,73
2018,Broj,Nepoznato,Oba spola,0
2018,Broj,Ukupno,M,508
2018,Broj,Obrazovanje,M,24
2018,Broj,Umjetnost i humanističke nauke,M,36
2018,Broj,"Društvene nauke, novinarstvo i informiranje",M,55
2018,Broj,"Poslovanje, administracija i pravo",M,111
2018,Broj,"Prirodne nauke, matematika i statistika",M,32
2018,Broj,Informacijske i komunikacijske tehnologije,M,42
2018,Broj,"Inženjerstvo, proizvodnja i građevinarstvo",M,70
2018,Broj,"Poljoprivreda, šumarstvo, ribarstvo i veterinarstvo",M,11
2018,Broj,Zdravstvo i socijalna zaštita,M,80
2018,Broj,Usluge,M,47
2018,Broj,Nepoznato,M,0
2018,Broj,Ukupno,Ž,473
2018,Broj,Obrazovanje,Ž,12
2018,Broj,Umjetnost i humanističke nauke,Ž,72
2018,Broj,"Društvene nauke, novinarstvo i informiranje",Ž,35
2018,Broj,"Poslovanje, administracija i pravo",Ž,79
2018,Broj,"Prirodne nauke, matematika i statistika",Ž,56
2018,Broj,Informacijske i komunikacijske tehnologije,Ž,9
2018,Broj,"Inženjerstvo, proizvodnja i građevinarstvo",Ž,33
2018,Broj,"Poljoprivreda, šumarstvo, ribarstvo i veterinarstvo",Ž,9
2018,Broj,Zdravstvo i socijalna zaštita,Ž,142
2018,Broj,Usluge,Ž,26
2018,Broj,Nepoznato,Ž,0
2019,Broj,Ukupno,Oba spola,1022
2019,Broj,Obrazovanje,Oba spola,40
2019,Broj,Umjetnost i humanističke nauke,Oba spola,119
2019,Broj,"Društvene nauke, novinarstvo i informiranje",Oba spola,173
2019,Broj,"Poslovanje, administracija i pravo",Oba spola,183
2019,Broj,"Prirodne nauke, matematika i statistika",Oba spola,85
2019,Broj,Informacijske i komunikacijske tehnologije,Oba spola,12
2019,Broj,"Inženjerstvo, proizvodnja i građevinarstvo",Oba spola,88
2019,Broj,"Poljoprivreda, šumarstvo, ribarstvo i veterinarstvo",Oba spola,97
2019,Broj,Zdravstvo i socijalna zaštita,Oba spola,173
2019,Broj,Usluge,Oba spola,52
2019,Broj,Nepoznato,Oba spola,0
2019,Broj,Ukupno,M,492
2019,Broj,Obrazovanje,M,20
2019,Broj,Umjetnost i humanističke nauke,M,48
2019,Broj,"Društvene nauke, novinarstvo i informiranje",M,91
2019,Broj,"Poslovanje, administracija i pravo",M,97
2019,Broj,"Prirodne nauke, matematika i statistika",M,36
2019,Broj,Informacijske i komunikacijske tehnologije,M,7
2019,Broj,"Inženjerstvo, proizvodnja i građevinarstvo",M,54
2019,Broj,"Poljoprivreda, šumarstvo, ribarstvo i veterinarstvo",M,17
2019,Broj,Zdravstvo i socijalna zaštita,M,88
2019,Broj,Usluge,M,34
2019,Broj,Nepoznato,M,0
2019,Broj,Ukupno,Ž,530
2019,Broj,Obrazovanje,Ž,20
2019,Broj,Umjetnost i humanističke nauke,Ž,71
2019,Broj,"Društvene nauke, novinarstvo i informiranje",Ž,82
2019,Broj,"Poslovanje, administracija i pravo",Ž,86
2019,Broj,"Prirodne nauke, matematika i statistika",Ž,49
2019,Broj,Informacijske i komunikacijske tehnologije,Ž,5
2019,Broj,"Inženjerstvo, proizvodnja i građevinarstvo",Ž,25
2019,Broj,"Poljoprivreda, šumarstvo, ribarstvo i veterinarstvo",Ž,24
2019,Broj,Zdravstvo i socijalna zaštita,Ž,150
2019,Broj,Usluge,Ž,18
2019,Broj,Nepoznato,Ž,0
2020,Broj,Ukupno,Oba spola,1208
2020,Broj,Obrazovanje,Oba spola,54
2020,Broj,Umjetnost i humanističke nauke,Oba spola,116
2020,Broj,"Društvene nauke, novinarstvo i informiranje",Oba spola,56
2020,Broj,"Poslovanje, administracija i pravo",Oba spola,188
2020,Broj,"Prirodne nauke, matematika i statistika",Oba spola,116
2020,Broj,Informacijske i komunikacijske tehnologije,Oba spola,56
2020,Broj,"Inženjerstvo, proizvodnja i građevinarstvo",Oba spola,163
2020,Broj,"Poljoprivreda, šumarstvo, ribarstvo i veterinarstvo",Oba spola,43
2020,Broj,Zdravstvo i socijalna zaštita,Oba spola,371
2020,Broj,Usluge,Oba spola,29
2020,Broj,Nepoznato,Oba spola,16
2020,Broj,Ukupno,M,606
2020,Broj,Obrazovanje,M,22
2020,Broj,Umjetnost i humanističke nauke,M,40
2020,Broj,"Društvene nauke, novinarstvo i informiranje",M,28
2020,Broj,"Poslovanje, administracija i pravo",M,99
2020,Broj,"Prirodne nauke, matematika i statistika",M,50
2020,Broj,Informacijske i komunikacijske tehnologije,M,41
2020,Broj,"Inženjerstvo, proizvodnja i građevinarstvo",M,130
2020,Broj,"Poljoprivreda, šumarstvo, ribarstvo i veterinarstvo",M,22
2020,Broj,Zdravstvo i socijalna zaštita,M,151
2020,Broj,Usluge,M,13
2020,Broj,Nepoznato,M,10
2020,Broj,Ukupno,Ž,602
2020,Broj,Obrazovanje,Ž,32
2020,Broj,Umjetnost i humanističke nauke,Ž,76
2020,Broj,"Društvene nauke, novinarstvo i informiranje",Ž,28
2020,Broj,"Poslovanje, administracija i pravo",Ž,89
2020,Broj,"Prirodne nauke, matematika i statistika",Ž,66
2020,Broj,Informacijske i komunikacijske tehnologije,Ž,15
2020,Broj,"Inženjerstvo, proizvodnja i građevinarstvo",Ž,33
2020,Broj,"Poljoprivreda, šumarstvo, ribarstvo i veterinarstvo",Ž,21
2020,Broj,Zdravstvo i socijalna zaštita,Ž,220
2020,Broj,Usluge,Ž,16
2020,Broj,Nepoznato,Ž,6
